"Project Name","Project Key","Issue ID","Planned Issue Key","Issue Type","Summary","Description","Epic Name","Epic Link","Parent","Priority","Story Points","Sprint","Planned Sprint","Scope","Labels","Labels 2","Labels 3","Labels 4","Component","Acceptance Criteria","Dependencies","Definition of Done","Planned Hours","Status","Fix Version","Blocks","Blocks 2","Blocks 3","Blocks 4","Blocks 5","Blocks 6","Blocks 7","Blocks 8","Blocks 9","Blocks 10","Blocks 11","Blocks 12","Blocks 13","Blocks 14","Blocks 15","Blocks 16","Blocks 17","Blocks 18","Blocks 19","Blocks 20"
"Community Tourism Platform","CTP","1","CTP-1","Epic","PROJECT SETUP & INFRASTRUCTURE","Planned Issue Key: CTP-1. Mục tiêu: Nền tảng chạy được, kết nối Aiven bằng TLS và có migration, seed, Swagger, logging. Phạm vi được phân rã thành 4 Story có acceptance criteria riêng. Epic là container, không cộng Story Points hoặc làm blocker chung cho toàn bộ Epic khác. Scope: MVP. Planned sprint: Sprint 1. Dependencies (planned keys): None. Acceptance Criteria: 1) Nền tảng chạy được, kết nối Aiven bằng TLS và có migration, seed, Swagger, logging. 2) Tất cả Story/sub-task của Epic có phạm vi, dependency và bằng chứng nghiệm thu. 3) Chỉ đóng Epic khi toàn bộ children hoàn thành; Epic có Post-MVP có thể còn mở khi release MVP đã đạt. Definition of Done (EPIC): 1) Toàn bộ children trong Epic DONE và acceptance criteria Epic đạt. 2) Tổng hợp bằng chứng nghiệm thu; tài liệu/triển khai liên quan được đối chiếu. 3) Không coi Epic đã DONE chỉ vì các Story MVP xong nếu còn children Post-MVP mở.","PROJECT SETUP & INFRASTRUCTURE","","","Highest","","","","MVP","backend","database","deployment","","INFRASTRUCTURE","1) Nền tảng chạy được, kết nối Aiven bằng TLS và có migration, seed, Swagger, logging. 2) Tất cả Story/sub-task của Epic có phạm vi, dependency và bằng chứng nghiệm thu. 3) Chỉ đóng Epic khi toàn bộ children hoàn thành; Epic có Post-MVP có thể còn mở khi release MVP đã đạt.","","1) Toàn bộ children trong Epic DONE và acceptance criteria Epic đạt. 2) Tổng hợp bằng chứng nghiệm thu; tài liệu/triển khai liên quan được đối chiếu. 3) Không coi Epic đã DONE chỉ vì các Story MVP xong nếu còn children Post-MVP mở.","","BACKLOG","","","","","","","","","","","","","","","","","","","","",""
"Community Tourism Platform","CTP","2","CTP-2","Epic","AUTHENTICATION & AUTHORIZATION","Planned Issue Key: CTP-2. Mục tiêu: Xác thực ba vai trò, kiểm tra user hiện hành, ownership và chặn JWT của user bị khóa. Phạm vi được phân rã thành 3 Story có acceptance criteria riêng. Epic là container, không cộng Story Points hoặc làm blocker chung cho toàn bộ Epic khác. Scope: MVP. Planned sprint: Sprint 1, Sprint 2. Dependencies (planned keys): None. Acceptance Criteria: 1) Xác thực ba vai trò, kiểm tra user hiện hành, ownership và chặn JWT của user bị khóa. 2) Tất cả Story/sub-task của Epic có phạm vi, dependency và bằng chứng nghiệm thu. 3) Chỉ đóng Epic khi toàn bộ children hoàn thành; Epic có Post-MVP có thể còn mở khi release MVP đã đạt. Definition of Done (EPIC): 1) Toàn bộ children trong Epic DONE và acceptance criteria Epic đạt. 2) Tổng hợp bằng chứng nghiệm thu; tài liệu/triển khai liên quan được đối chiếu. 3) Không coi Epic đã DONE chỉ vì các Story MVP xong nếu còn children Post-MVP mở.","AUTHENTICATION & AUTHORIZATION","","","Highest","","","","MVP","backend","security","","","BACKEND","1) Xác thực ba vai trò, kiểm tra user hiện hành, ownership và chặn JWT của user bị khóa. 2) Tất cả Story/sub-task của Epic có phạm vi, dependency và bằng chứng nghiệm thu. 3) Chỉ đóng Epic khi toàn bộ children hoàn thành; Epic có Post-MVP có thể còn mở khi release MVP đã đạt.","","1) Toàn bộ children trong Epic DONE và acceptance criteria Epic đạt. 2) Tổng hợp bằng chứng nghiệm thu; tài liệu/triển khai liên quan được đối chiếu. 3) Không coi Epic đã DONE chỉ vì các Story MVP xong nếu còn children Post-MVP mở.","","BACKLOG","","","","","","","","","","","","","","","","","","","","",""
"Community Tourism Platform","CTP","3","CTP-3","Epic","HOUSEHOLD MANAGEMENT","Planned Issue Key: CTP-3. Mục tiêu: Hồ sơ, duyệt và thu hồi duyệt hộ; phân biệt mở bán mới với xử lý đơn cũ. Phạm vi được phân rã thành 2 Story có acceptance criteria riêng. Epic là container, không cộng Story Points hoặc làm blocker chung cho toàn bộ Epic khác. Scope: MVP. Planned sprint: Sprint 2. Dependencies (planned keys): None. Acceptance Criteria: 1) Hồ sơ, duyệt và thu hồi duyệt hộ; phân biệt mở bán mới với xử lý đơn cũ. 2) Tất cả Story/sub-task của Epic có phạm vi, dependency và bằng chứng nghiệm thu. 3) Chỉ đóng Epic khi toàn bộ children hoàn thành; Epic có Post-MVP có thể còn mở khi release MVP đã đạt. Definition of Done (EPIC): 1) Toàn bộ children trong Epic DONE và acceptance criteria Epic đạt. 2) Tổng hợp bằng chứng nghiệm thu; tài liệu/triển khai liên quan được đối chiếu. 3) Không coi Epic đã DONE chỉ vì các Story MVP xong nếu còn children Post-MVP mở.","HOUSEHOLD MANAGEMENT","","","High","","","","MVP","backend","security","","","BACKEND","1) Hồ sơ, duyệt và thu hồi duyệt hộ; phân biệt mở bán mới với xử lý đơn cũ. 2) Tất cả Story/sub-task của Epic có phạm vi, dependency và bằng chứng nghiệm thu. 3) Chỉ đóng Epic khi toàn bộ children hoàn thành; Epic có Post-MVP có thể còn mở khi release MVP đã đạt.","","1) Toàn bộ children trong Epic DONE và acceptance criteria Epic đạt. 2) Tổng hợp bằng chứng nghiệm thu; tài liệu/triển khai liên quan được đối chiếu. 3) Không coi Epic đã DONE chỉ vì các Story MVP xong nếu còn children Post-MVP mở.","","BACKLOG","","","","","","","","","","","","","","","","","","","","",""
"Community Tourism Platform","CTP","4","CTP-4","Epic","ROOM MANAGEMENT","Planned Issue Key: CTP-4. Mục tiêu: Quản lý từng phòng vật lý, capacity, ảnh và lịch chặn bên ngoài. Phạm vi được phân rã thành 3 Story có acceptance criteria riêng. Epic là container, không cộng Story Points hoặc làm blocker chung cho toàn bộ Epic khác. Scope: MVP. Planned sprint: Sprint 2, Sprint 3. Dependencies (planned keys): None. Acceptance Criteria: 1) Quản lý từng phòng vật lý, capacity, ảnh và lịch chặn bên ngoài. 2) Tất cả Story/sub-task của Epic có phạm vi, dependency và bằng chứng nghiệm thu. 3) Chỉ đóng Epic khi toàn bộ children hoàn thành; Epic có Post-MVP có thể còn mở khi release MVP đã đạt. Definition of Done (EPIC): 1) Toàn bộ children trong Epic DONE và acceptance criteria Epic đạt. 2) Tổng hợp bằng chứng nghiệm thu; tài liệu/triển khai liên quan được đối chiếu. 3) Không coi Epic đã DONE chỉ vì các Story MVP xong nếu còn children Post-MVP mở.","ROOM MANAGEMENT","","","High","","","","MVP","backend","availability","","","BACKEND","1) Quản lý từng phòng vật lý, capacity, ảnh và lịch chặn bên ngoài. 2) Tất cả Story/sub-task của Epic có phạm vi, dependency và bằng chứng nghiệm thu. 3) Chỉ đóng Epic khi toàn bộ children hoàn thành; Epic có Post-MVP có thể còn mở khi release MVP đã đạt.","","1) Toàn bộ children trong Epic DONE và acceptance criteria Epic đạt. 2) Tổng hợp bằng chứng nghiệm thu; tài liệu/triển khai liên quan được đối chiếu. 3) Không coi Epic đã DONE chỉ vì các Story MVP xong nếu còn children Post-MVP mở.","","BACKLOG","","","","","","","","","","","","","","","","","","","","",""
"Community Tourism Platform","CTP","5","CTP-5","Epic","SERVICE MANAGEMENT","Planned Issue Key: CTP-5. Mục tiêu: Danh mục và dịch vụ ăn uống, trải nghiệm, hướng dẫn viên; ảnh và thông tin công khai. Phạm vi được phân rã thành 1 Story có acceptance criteria riêng. Epic là container, không cộng Story Points hoặc làm blocker chung cho toàn bộ Epic khác. Scope: MVP. Planned sprint: Sprint 2. Dependencies (planned keys): None. Acceptance Criteria: 1) Danh mục và dịch vụ ăn uống, trải nghiệm, hướng dẫn viên; ảnh và thông tin công khai. 2) Tất cả Story/sub-task của Epic có phạm vi, dependency và bằng chứng nghiệm thu. 3) Chỉ đóng Epic khi toàn bộ children hoàn thành; Epic có Post-MVP có thể còn mở khi release MVP đã đạt. Definition of Done (EPIC): 1) Toàn bộ children trong Epic DONE và acceptance criteria Epic đạt. 2) Tổng hợp bằng chứng nghiệm thu; tài liệu/triển khai liên quan được đối chiếu. 3) Không coi Epic đã DONE chỉ vì các Story MVP xong nếu còn children Post-MVP mở.","SERVICE MANAGEMENT","","","High","","","","MVP","backend","","","","BACKEND","1) Danh mục và dịch vụ ăn uống, trải nghiệm, hướng dẫn viên; ảnh và thông tin công khai. 2) Tất cả Story/sub-task của Epic có phạm vi, dependency và bằng chứng nghiệm thu. 3) Chỉ đóng Epic khi toàn bộ children hoàn thành; Epic có Post-MVP có thể còn mở khi release MVP đã đạt.","","1) Toàn bộ children trong Epic DONE và acceptance criteria Epic đạt. 2) Tổng hợp bằng chứng nghiệm thu; tài liệu/triển khai liên quan được đối chiếu. 3) Không coi Epic đã DONE chỉ vì các Story MVP xong nếu còn children Post-MVP mở.","","BACKLOG","","","","","","","","","","","","","","","","","","","","",""
"Community Tourism Platform","CTP","6","CTP-6","Epic","SERVICE SLOTS","Planned Issue Key: CTP-6. Mục tiêu: Slot có OPEN/CLOSED, lịch UTC, capacity và unique thời gian; không lưu booked_quantity. Phạm vi được phân rã thành 3 Story có acceptance criteria riêng. Epic là container, không cộng Story Points hoặc làm blocker chung cho toàn bộ Epic khác. Scope: Mixed. Planned sprint: Sprint 3; có Post-MVP. Dependencies (planned keys): None. Acceptance Criteria: 1) Slot có OPEN/CLOSED, lịch UTC, capacity và unique thời gian; không lưu booked_quantity. 2) Tất cả Story/sub-task của Epic có phạm vi, dependency và bằng chứng nghiệm thu. 3) Chỉ đóng Epic khi toàn bộ children hoàn thành; Epic có Post-MVP có thể còn mở khi release MVP đã đạt. Definition of Done (EPIC): 1) Toàn bộ children trong Epic DONE và acceptance criteria Epic đạt. 2) Tổng hợp bằng chứng nghiệm thu; tài liệu/triển khai liên quan được đối chiếu. 3) Không coi Epic đã DONE chỉ vì các Story MVP xong nếu còn children Post-MVP mở.","SERVICE SLOTS","","","Highest","","","","Mixed","backend","availability","database","","BACKEND","1) Slot có OPEN/CLOSED, lịch UTC, capacity và unique thời gian; không lưu booked_quantity. 2) Tất cả Story/sub-task của Epic có phạm vi, dependency và bằng chứng nghiệm thu. 3) Chỉ đóng Epic khi toàn bộ children hoàn thành; Epic có Post-MVP có thể còn mở khi release MVP đã đạt.","","1) Toàn bộ children trong Epic DONE và acceptance criteria Epic đạt. 2) Tổng hợp bằng chứng nghiệm thu; tài liệu/triển khai liên quan được đối chiếu. 3) Không coi Epic đã DONE chỉ vì các Story MVP xong nếu còn children Post-MVP mở.","","BACKLOG","","","","","","","","","","","","","","","","","","","","",""
"Community Tourism Platform","CTP","7","CTP-7","Epic","AVAILABILITY ENGINE","Planned Issue Key: CTP-7. Mục tiêu: Một nguồn quy tắc khả dụng, khóa tài nguyên và chống bán vượt trên MySQL thật. Phạm vi được phân rã thành 3 Story có acceptance criteria riêng. Epic là container, không cộng Story Points hoặc làm blocker chung cho toàn bộ Epic khác. Scope: MVP. Planned sprint: Sprint 3. Dependencies (planned keys): None. Acceptance Criteria: 1) Một nguồn quy tắc khả dụng, khóa tài nguyên và chống bán vượt trên MySQL thật. 2) Tất cả Story/sub-task của Epic có phạm vi, dependency và bằng chứng nghiệm thu. 3) Chỉ đóng Epic khi toàn bộ children hoàn thành; Epic có Post-MVP có thể còn mở khi release MVP đã đạt. Definition of Done (EPIC): 1) Toàn bộ children trong Epic DONE và acceptance criteria Epic đạt. 2) Tổng hợp bằng chứng nghiệm thu; tài liệu/triển khai liên quan được đối chiếu. 3) Không coi Epic đã DONE chỉ vì các Story MVP xong nếu còn children Post-MVP mở.","AVAILABILITY ENGINE","","","Highest","","","","MVP","availability","database","prisma","testing","DATABASE","1) Một nguồn quy tắc khả dụng, khóa tài nguyên và chống bán vượt trên MySQL thật. 2) Tất cả Story/sub-task của Epic có phạm vi, dependency và bằng chứng nghiệm thu. 3) Chỉ đóng Epic khi toàn bộ children hoàn thành; Epic có Post-MVP có thể còn mở khi release MVP đã đạt.","","1) Toàn bộ children trong Epic DONE và acceptance criteria Epic đạt. 2) Tổng hợp bằng chứng nghiệm thu; tài liệu/triển khai liên quan được đối chiếu. 3) Không coi Epic đã DONE chỉ vì các Story MVP xong nếu còn children Post-MVP mở.","","BACKLOG","","","","","","","","","","","","","","","","","","","","",""
"Community Tourism Platform","CTP","8","CTP-8","Epic","BOOKING MANAGEMENT","Planned Issue Key: CTP-8. Mục tiêu: Booking nhiều phòng/dịch vụ, giữ chỗ, định giá, mã đơn và chuyển trạng thái có kiểm soát. Phạm vi được phân rã thành 5 Story có acceptance criteria riêng. Epic là container, không cộng Story Points hoặc làm blocker chung cho toàn bộ Epic khác. Scope: MVP. Planned sprint: Sprint 4. Dependencies (planned keys): None. Acceptance Criteria: 1) Booking nhiều phòng/dịch vụ, giữ chỗ, định giá, mã đơn và chuyển trạng thái có kiểm soát. 2) Tất cả Story/sub-task của Epic có phạm vi, dependency và bằng chứng nghiệm thu. 3) Chỉ đóng Epic khi toàn bộ children hoàn thành; Epic có Post-MVP có thể còn mở khi release MVP đã đạt. Definition of Done (EPIC): 1) Toàn bộ children trong Epic DONE và acceptance criteria Epic đạt. 2) Tổng hợp bằng chứng nghiệm thu; tài liệu/triển khai liên quan được đối chiếu. 3) Không coi Epic đã DONE chỉ vì các Story MVP xong nếu còn children Post-MVP mở.","BOOKING MANAGEMENT","","","Highest","","","","MVP","booking","backend","availability","","BACKEND","1) Booking nhiều phòng/dịch vụ, giữ chỗ, định giá, mã đơn và chuyển trạng thái có kiểm soát. 2) Tất cả Story/sub-task của Epic có phạm vi, dependency và bằng chứng nghiệm thu. 3) Chỉ đóng Epic khi toàn bộ children hoàn thành; Epic có Post-MVP có thể còn mở khi release MVP đã đạt.","","1) Toàn bộ children trong Epic DONE và acceptance criteria Epic đạt. 2) Tổng hợp bằng chứng nghiệm thu; tài liệu/triển khai liên quan được đối chiếu. 3) Không coi Epic đã DONE chỉ vì các Story MVP xong nếu còn children Post-MVP mở.","","BACKLOG","","","","","","","","","","","","","","","","","","","","",""
"Community Tourism Platform","CTP","9","CTP-9","Epic","PAYMENT LEDGER","Planned Issue Key: CTP-9. Mục tiêu: Sổ thu/hoàn thủ công, idempotency, chống thu vượt và bảo toàn lịch sử tiền. Phạm vi được phân rã thành 2 Story có acceptance criteria riêng. Epic là container, không cộng Story Points hoặc làm blocker chung cho toàn bộ Epic khác. Scope: MVP. Planned sprint: Sprint 5. Dependencies (planned keys): None. Acceptance Criteria: 1) Sổ thu/hoàn thủ công, idempotency, chống thu vượt và bảo toàn lịch sử tiền. 2) Tất cả Story/sub-task của Epic có phạm vi, dependency và bằng chứng nghiệm thu. 3) Chỉ đóng Epic khi toàn bộ children hoàn thành; Epic có Post-MVP có thể còn mở khi release MVP đã đạt. Definition of Done (EPIC): 1) Toàn bộ children trong Epic DONE và acceptance criteria Epic đạt. 2) Tổng hợp bằng chứng nghiệm thu; tài liệu/triển khai liên quan được đối chiếu. 3) Không coi Epic đã DONE chỉ vì các Story MVP xong nếu còn children Post-MVP mở.","PAYMENT LEDGER","","","Highest","","","","MVP","payment","backend","database","","BACKEND","1) Sổ thu/hoàn thủ công, idempotency, chống thu vượt và bảo toàn lịch sử tiền. 2) Tất cả Story/sub-task của Epic có phạm vi, dependency và bằng chứng nghiệm thu. 3) Chỉ đóng Epic khi toàn bộ children hoàn thành; Epic có Post-MVP có thể còn mở khi release MVP đã đạt.","","1) Toàn bộ children trong Epic DONE và acceptance criteria Epic đạt. 2) Tổng hợp bằng chứng nghiệm thu; tài liệu/triển khai liên quan được đối chiếu. 3) Không coi Epic đã DONE chỉ vì các Story MVP xong nếu còn children Post-MVP mở.","","BACKLOG","","","","","","","","","","","","","","","","","","","","",""
"Community Tourism Platform","CTP","10","CTP-10","Epic","EXPENSE & BASIC FINANCE","Planned Issue Key: CTP-10. Mục tiêu: Chi phí và các chỉ số tài chính không cộng trùng booking với sổ tiền. Phạm vi được phân rã thành 2 Story có acceptance criteria riêng. Epic là container, không cộng Story Points hoặc làm blocker chung cho toàn bộ Epic khác. Scope: Mixed. Planned sprint: Sprint 5; có Post-MVP. Dependencies (planned keys): None. Acceptance Criteria: 1) Chi phí và các chỉ số tài chính không cộng trùng booking với sổ tiền. 2) Tất cả Story/sub-task của Epic có phạm vi, dependency và bằng chứng nghiệm thu. 3) Chỉ đóng Epic khi toàn bộ children hoàn thành; Epic có Post-MVP có thể còn mở khi release MVP đã đạt. Definition of Done (EPIC): 1) Toàn bộ children trong Epic DONE và acceptance criteria Epic đạt. 2) Tổng hợp bằng chứng nghiệm thu; tài liệu/triển khai liên quan được đối chiếu. 3) Không coi Epic đã DONE chỉ vì các Story MVP xong nếu còn children Post-MVP mở.","EXPENSE & BASIC FINANCE","","","High","","","","Mixed","payment","backend","","","BACKEND","1) Chi phí và các chỉ số tài chính không cộng trùng booking với sổ tiền. 2) Tất cả Story/sub-task của Epic có phạm vi, dependency và bằng chứng nghiệm thu. 3) Chỉ đóng Epic khi toàn bộ children hoàn thành; Epic có Post-MVP có thể còn mở khi release MVP đã đạt.","","1) Toàn bộ children trong Epic DONE và acceptance criteria Epic đạt. 2) Tổng hợp bằng chứng nghiệm thu; tài liệu/triển khai liên quan được đối chiếu. 3) Không coi Epic đã DONE chỉ vì các Story MVP xong nếu còn children Post-MVP mở.","","BACKLOG","","","","","","","","","","","","","","","","","","","","",""
"Community Tourism Platform","CTP","11","CTP-11","Epic","REVIEWS","Planned Issue Key: CTP-11. Mục tiêu: Một review tổng thể hộ dân cho mỗi booking đã hoàn thành. Phạm vi được phân rã thành 2 Story có acceptance criteria riêng. Epic là container, không cộng Story Points hoặc làm blocker chung cho toàn bộ Epic khác. Scope: Mixed. Planned sprint: Sprint 5; có Post-MVP. Dependencies (planned keys): None. Acceptance Criteria: 1) Một review tổng thể hộ dân cho mỗi booking đã hoàn thành. 2) Tất cả Story/sub-task của Epic có phạm vi, dependency và bằng chứng nghiệm thu. 3) Chỉ đóng Epic khi toàn bộ children hoàn thành; Epic có Post-MVP có thể còn mở khi release MVP đã đạt. Definition of Done (EPIC): 1) Toàn bộ children trong Epic DONE và acceptance criteria Epic đạt. 2) Tổng hợp bằng chứng nghiệm thu; tài liệu/triển khai liên quan được đối chiếu. 3) Không coi Epic đã DONE chỉ vì các Story MVP xong nếu còn children Post-MVP mở.","REVIEWS","","","Medium","","","","Mixed","backend","security","","","BACKEND","1) Một review tổng thể hộ dân cho mỗi booking đã hoàn thành. 2) Tất cả Story/sub-task của Epic có phạm vi, dependency và bằng chứng nghiệm thu. 3) Chỉ đóng Epic khi toàn bộ children hoàn thành; Epic có Post-MVP có thể còn mở khi release MVP đã đạt.","","1) Toàn bộ children trong Epic DONE và acceptance criteria Epic đạt. 2) Tổng hợp bằng chứng nghiệm thu; tài liệu/triển khai liên quan được đối chiếu. 3) Không coi Epic đã DONE chỉ vì các Story MVP xong nếu còn children Post-MVP mở.","","BACKLOG","","","","","","","","","","","","","","","","","","","","",""
"Community Tourism Platform","CTP","12","CTP-12","Epic","CUSTOMER FLUTTER APP","Planned Issue Key: CTP-12. Mục tiêu: Khách khám phá, đặt riêng/kết hợp, xem lịch sử, hủy, review và quản lý tài khoản. Phạm vi được phân rã thành 11 Story có acceptance criteria riêng. Epic là container, không cộng Story Points hoặc làm blocker chung cho toàn bộ Epic khác. Scope: Mixed. Planned sprint: Sprint 2, Sprint 6, Sprint 7; có Post-MVP. Dependencies (planned keys): None. Acceptance Criteria: 1) Khách khám phá, đặt riêng/kết hợp, xem lịch sử, hủy, review và quản lý tài khoản. 2) Tất cả Story/sub-task của Epic có phạm vi, dependency và bằng chứng nghiệm thu. 3) Chỉ đóng Epic khi toàn bộ children hoàn thành; Epic có Post-MVP có thể còn mở khi release MVP đã đạt. Definition of Done (EPIC): 1) Toàn bộ children trong Epic DONE và acceptance criteria Epic đạt. 2) Tổng hợp bằng chứng nghiệm thu; tài liệu/triển khai liên quan được đối chiếu. 3) Không coi Epic đã DONE chỉ vì các Story MVP xong nếu còn children Post-MVP mở.","CUSTOMER FLUTTER APP","","","High","","","","Mixed","flutter","frontend","booking","","FLUTTER_CUSTOMER","1) Khách khám phá, đặt riêng/kết hợp, xem lịch sử, hủy, review và quản lý tài khoản. 2) Tất cả Story/sub-task của Epic có phạm vi, dependency và bằng chứng nghiệm thu. 3) Chỉ đóng Epic khi toàn bộ children hoàn thành; Epic có Post-MVP có thể còn mở khi release MVP đã đạt.","","1) Toàn bộ children trong Epic DONE và acceptance criteria Epic đạt. 2) Tổng hợp bằng chứng nghiệm thu; tài liệu/triển khai liên quan được đối chiếu. 3) Không coi Epic đã DONE chỉ vì các Story MVP xong nếu còn children Post-MVP mở.","","BACKLOG","","","","","","","","","","","","","","","","","","","","",""
"Community Tourism Platform","CTP","13","CTP-13","Epic","HOUSEHOLD FLUTTER APP","Planned Issue Key: CTP-13. Mục tiêu: Hộ quản lý phòng, dịch vụ, lịch, đơn, tiền và chi phí theo quyền hiện tại. Phạm vi được phân rã thành 9 Story có acceptance criteria riêng. Epic là container, không cộng Story Points hoặc làm blocker chung cho toàn bộ Epic khác. Scope: Mixed. Planned sprint: Sprint 3, Sprint 5, Sprint 7; có Post-MVP. Dependencies (planned keys): None. Acceptance Criteria: 1) Hộ quản lý phòng, dịch vụ, lịch, đơn, tiền và chi phí theo quyền hiện tại. 2) Tất cả Story/sub-task của Epic có phạm vi, dependency và bằng chứng nghiệm thu. 3) Chỉ đóng Epic khi toàn bộ children hoàn thành; Epic có Post-MVP có thể còn mở khi release MVP đã đạt. Definition of Done (EPIC): 1) Toàn bộ children trong Epic DONE và acceptance criteria Epic đạt. 2) Tổng hợp bằng chứng nghiệm thu; tài liệu/triển khai liên quan được đối chiếu. 3) Không coi Epic đã DONE chỉ vì các Story MVP xong nếu còn children Post-MVP mở.","HOUSEHOLD FLUTTER APP","","","High","","","","Mixed","flutter","frontend","booking","","FLUTTER_HOUSEHOLD","1) Hộ quản lý phòng, dịch vụ, lịch, đơn, tiền và chi phí theo quyền hiện tại. 2) Tất cả Story/sub-task của Epic có phạm vi, dependency và bằng chứng nghiệm thu. 3) Chỉ đóng Epic khi toàn bộ children hoàn thành; Epic có Post-MVP có thể còn mở khi release MVP đã đạt.","","1) Toàn bộ children trong Epic DONE và acceptance criteria Epic đạt. 2) Tổng hợp bằng chứng nghiệm thu; tài liệu/triển khai liên quan được đối chiếu. 3) Không coi Epic đã DONE chỉ vì các Story MVP xong nếu còn children Post-MVP mở.","","BACKLOG","","","","","","","","","","","","","","","","","","","","",""
"Community Tourism Platform","CTP","14","CTP-14","Epic","REACT ADMIN","Planned Issue Key: CTP-14. Mục tiêu: Admin quản lý tài khoản, duyệt hộ, xem booking, nội dung và thống kê; không sửa trạng thái booking. Phạm vi được phân rã thành 5 Story có acceptance criteria riêng. Epic là container, không cộng Story Points hoặc làm blocker chung cho toàn bộ Epic khác. Scope: Mixed. Planned sprint: Sprint 2, Sprint 5, Sprint 7; có Post-MVP. Dependencies (planned keys): None. Acceptance Criteria: 1) Admin quản lý tài khoản, duyệt hộ, xem booking, nội dung và thống kê; không sửa trạng thái booking. 2) Tất cả Story/sub-task của Epic có phạm vi, dependency và bằng chứng nghiệm thu. 3) Chỉ đóng Epic khi toàn bộ children hoàn thành; Epic có Post-MVP có thể còn mở khi release MVP đã đạt. Definition of Done (EPIC): 1) Toàn bộ children trong Epic DONE và acceptance criteria Epic đạt. 2) Tổng hợp bằng chứng nghiệm thu; tài liệu/triển khai liên quan được đối chiếu. 3) Không coi Epic đã DONE chỉ vì các Story MVP xong nếu còn children Post-MVP mở.","REACT ADMIN","","","High","","","","Mixed","react","frontend","security","","ADMIN_WEB","1) Admin quản lý tài khoản, duyệt hộ, xem booking, nội dung và thống kê; không sửa trạng thái booking. 2) Tất cả Story/sub-task của Epic có phạm vi, dependency và bằng chứng nghiệm thu. 3) Chỉ đóng Epic khi toàn bộ children hoàn thành; Epic có Post-MVP có thể còn mở khi release MVP đã đạt.","","1) Toàn bộ children trong Epic DONE và acceptance criteria Epic đạt. 2) Tổng hợp bằng chứng nghiệm thu; tài liệu/triển khai liên quan được đối chiếu. 3) Không coi Epic đã DONE chỉ vì các Story MVP xong nếu còn children Post-MVP mở.","","BACKLOG","","","","","","","","","","","","","","","","","","","","",""
"Community Tourism Platform","CTP","15","CTP-15","Epic","CULTURAL CONTENT","Planned Issue Key: CTP-15. Mục tiêu: Nội dung văn hóa có nháp/xuất bản, ảnh, video URL và hiển thị cho khách. Phạm vi được phân rã thành 2 Story có acceptance criteria riêng. Epic là container, không cộng Story Points hoặc làm blocker chung cho toàn bộ Epic khác. Scope: Mixed. Planned sprint: Sprint 5; có Post-MVP. Dependencies (planned keys): None. Acceptance Criteria: 1) Nội dung văn hóa có nháp/xuất bản, ảnh, video URL và hiển thị cho khách. 2) Tất cả Story/sub-task của Epic có phạm vi, dependency và bằng chứng nghiệm thu. 3) Chỉ đóng Epic khi toàn bộ children hoàn thành; Epic có Post-MVP có thể còn mở khi release MVP đã đạt. Definition of Done (EPIC): 1) Toàn bộ children trong Epic DONE và acceptance criteria Epic đạt. 2) Tổng hợp bằng chứng nghiệm thu; tài liệu/triển khai liên quan được đối chiếu. 3) Không coi Epic đã DONE chỉ vì các Story MVP xong nếu còn children Post-MVP mở.","CULTURAL CONTENT","","","Medium","","","","Mixed","backend","frontend","","","BACKEND","1) Nội dung văn hóa có nháp/xuất bản, ảnh, video URL và hiển thị cho khách. 2) Tất cả Story/sub-task của Epic có phạm vi, dependency và bằng chứng nghiệm thu. 3) Chỉ đóng Epic khi toàn bộ children hoàn thành; Epic có Post-MVP có thể còn mở khi release MVP đã đạt.","","1) Toàn bộ children trong Epic DONE và acceptance criteria Epic đạt. 2) Tổng hợp bằng chứng nghiệm thu; tài liệu/triển khai liên quan được đối chiếu. 3) Không coi Epic đã DONE chỉ vì các Story MVP xong nếu còn children Post-MVP mở.","","BACKLOG","","","","","","","","","","","","","","","","","","","","",""
"Community Tourism Platform","CTP","16","CTP-16","Epic","TESTING & QUALITY","Planned Issue Key: CTP-16. Mục tiêu: Bằng chứng kiểm thử cho bảo mật, booking, concurrency, thời gian, tiền và luồng liên ứng dụng. Phạm vi được phân rã thành 5 Story có acceptance criteria riêng. Epic là container, không cộng Story Points hoặc làm blocker chung cho toàn bộ Epic khác. Scope: MVP. Planned sprint: Sprint 1, Sprint 4, Sprint 6, Sprint 7, Sprint 8. Dependencies (planned keys): None. Acceptance Criteria: 1) Bằng chứng kiểm thử cho bảo mật, booking, concurrency, thời gian, tiền và luồng liên ứng dụng. 2) Tất cả Story/sub-task của Epic có phạm vi, dependency và bằng chứng nghiệm thu. 3) Chỉ đóng Epic khi toàn bộ children hoàn thành; Epic có Post-MVP có thể còn mở khi release MVP đã đạt. Definition of Done (EPIC): 1) Toàn bộ children trong Epic DONE và acceptance criteria Epic đạt. 2) Tổng hợp bằng chứng nghiệm thu; tài liệu/triển khai liên quan được đối chiếu. 3) Không coi Epic đã DONE chỉ vì các Story MVP xong nếu còn children Post-MVP mở.","TESTING & QUALITY","","","Highest","","","","MVP","testing","security","booking","","TESTING","1) Bằng chứng kiểm thử cho bảo mật, booking, concurrency, thời gian, tiền và luồng liên ứng dụng. 2) Tất cả Story/sub-task của Epic có phạm vi, dependency và bằng chứng nghiệm thu. 3) Chỉ đóng Epic khi toàn bộ children hoàn thành; Epic có Post-MVP có thể còn mở khi release MVP đã đạt.","","1) Toàn bộ children trong Epic DONE và acceptance criteria Epic đạt. 2) Tổng hợp bằng chứng nghiệm thu; tài liệu/triển khai liên quan được đối chiếu. 3) Không coi Epic đã DONE chỉ vì các Story MVP xong nếu còn children Post-MVP mở.","","BACKLOG","","","","","","","","","","","","","","","","","","","","",""
"Community Tourism Platform","CTP","17","CTP-17","Epic","DEPLOYMENT","Planned Issue Key: CTP-17. Mục tiêu: Render, Vercel, Aiven, APK, dữ liệu demo và smoke test bản triển khai. Phạm vi được phân rã thành 4 Story có acceptance criteria riêng. Epic là container, không cộng Story Points hoặc làm blocker chung cho toàn bộ Epic khác. Scope: MVP. Planned sprint: Sprint 8. Dependencies (planned keys): None. Acceptance Criteria: 1) Render, Vercel, Aiven, APK, dữ liệu demo và smoke test bản triển khai. 2) Tất cả Story/sub-task của Epic có phạm vi, dependency và bằng chứng nghiệm thu. 3) Chỉ đóng Epic khi toàn bộ children hoàn thành; Epic có Post-MVP có thể còn mở khi release MVP đã đạt. Definition of Done (EPIC): 1) Toàn bộ children trong Epic DONE và acceptance criteria Epic đạt. 2) Tổng hợp bằng chứng nghiệm thu; tài liệu/triển khai liên quan được đối chiếu. 3) Không coi Epic đã DONE chỉ vì các Story MVP xong nếu còn children Post-MVP mở.","DEPLOYMENT","","","High","","","","MVP","deployment","aiven","flutter","","INFRASTRUCTURE","1) Render, Vercel, Aiven, APK, dữ liệu demo và smoke test bản triển khai. 2) Tất cả Story/sub-task của Epic có phạm vi, dependency và bằng chứng nghiệm thu. 3) Chỉ đóng Epic khi toàn bộ children hoàn thành; Epic có Post-MVP có thể còn mở khi release MVP đã đạt.","","1) Toàn bộ children trong Epic DONE và acceptance criteria Epic đạt. 2) Tổng hợp bằng chứng nghiệm thu; tài liệu/triển khai liên quan được đối chiếu. 3) Không coi Epic đã DONE chỉ vì các Story MVP xong nếu còn children Post-MVP mở.","","BACKLOG","","","","","","","","","","","","","","","","","","","","",""
"Community Tourism Platform","CTP","18","CTP-18","Epic","DOCUMENTATION & DEFENSE","Planned Issue Key: CTP-18. Mục tiêu: README, sơ đồ, tài liệu API/DB, báo cáo kiểm thử, hướng dẫn và bảo vệ. Phạm vi được phân rã thành 6 Story có acceptance criteria riêng. Epic là container, không cộng Story Points hoặc làm blocker chung cho toàn bộ Epic khác. Scope: MVP. Planned sprint: Sprint 1, Sprint 3, Sprint 4, Sprint 8. Dependencies (planned keys): None. Acceptance Criteria: 1) README, sơ đồ, tài liệu API/DB, báo cáo kiểm thử, hướng dẫn và bảo vệ. 2) Tất cả Story/sub-task của Epic có phạm vi, dependency và bằng chứng nghiệm thu. 3) Chỉ đóng Epic khi toàn bộ children hoàn thành; Epic có Post-MVP có thể còn mở khi release MVP đã đạt. Definition of Done (EPIC): 1) Toàn bộ children trong Epic DONE và acceptance criteria Epic đạt. 2) Tổng hợp bằng chứng nghiệm thu; tài liệu/triển khai liên quan được đối chiếu. 3) Không coi Epic đã DONE chỉ vì các Story MVP xong nếu còn children Post-MVP mở.","DOCUMENTATION & DEFENSE","","","High","","","","MVP","documentation","","","","DOCUMENTATION","1) README, sơ đồ, tài liệu API/DB, báo cáo kiểm thử, hướng dẫn và bảo vệ. 2) Tất cả Story/sub-task của Epic có phạm vi, dependency và bằng chứng nghiệm thu. 3) Chỉ đóng Epic khi toàn bộ children hoàn thành; Epic có Post-MVP có thể còn mở khi release MVP đã đạt.","","1) Toàn bộ children trong Epic DONE và acceptance criteria Epic đạt. 2) Tổng hợp bằng chứng nghiệm thu; tài liệu/triển khai liên quan được đối chiếu. 3) Không coi Epic đã DONE chỉ vì các Story MVP xong nếu còn children Post-MVP mở.","","BACKLOG","","","","","","","","","","","","","","","","","","","","",""
"Community Tourism Platform","CTP","19","CTP-19","Story","Dựng monorepo, Express và môi trường phát triển","Planned Issue Key: CTP-19. Là người phát triển, tôi cần dựng monorepo, Express và môi trường phát triển để đạt mục tiêu: Nền tảng chạy được, kết nối Aiven bằng TLS và có migration, seed, Swagger, logging. Chỉ triển khai phạm vi trong acceptance criteria; thời gian dự kiến đã bao gồm review, test và tài liệu của Story. Scope: MVP. Planned sprint: CTP Sprint 1 - Foundation. Dependencies (planned keys): None. Acceptance Criteria: 1) Monorepo có backend, admin-web, mobile-app và docs; Express có health endpoint chạy bằng lệnh README. 2) Env mẫu, gitignore, scripts và cấu hình build không chứa credential thật. 3) Xác minh Node/Git và Flutter/Android SDK; chạy được APK debug tối thiểu hoặc ghi blocker môi trường cụ thể trước khi bắt đầu chức năng mobile. 4) Skeleton React được tạo và build được; quy tắc UTF-8, log và tên biến môi trường được thống nhất. Definition of Done (INFRA): 1) Cấu hình/artefact hạ tầng hoàn thành và tái lập được; env mẫu không chứa secret thật. 2) Kết nối/build/health/migration hoặc smoke test tương ứng pass, có bằng chứng và kiểm tra thủ công. 3) Target môi trường được xác minh; không làm mất dữ liệu ngoài phạm vi; có hướng dẫn chẩn đoán/khôi phục phù hợp. 4) Swagger/migration/README cập nhật khi liên quan; authorization/validation không áp dụng phải ghi lý do.","","CTP-1","1","Highest","3","","CTP Sprint 1 - Foundation","MVP","backend","database","deployment","","INFRASTRUCTURE","1) Monorepo có backend, admin-web, mobile-app và docs; Express có health endpoint chạy bằng lệnh README. 2) Env mẫu, gitignore, scripts và cấu hình build không chứa credential thật. 3) Xác minh Node/Git và Flutter/Android SDK; chạy được APK debug tối thiểu hoặc ghi blocker môi trường cụ thể trước khi bắt đầu chức năng mobile. 4) Skeleton React được tạo và build được; quy tắc UTF-8, log và tên biến môi trường được thống nhất.","","1) Cấu hình/artefact hạ tầng hoàn thành và tái lập được; env mẫu không chứa secret thật. 2) Kết nối/build/health/migration hoặc smoke test tương ứng pass, có bằng chứng và kiểm tra thủ công. 3) Target môi trường được xác minh; không làm mất dữ liệu ngoài phạm vi; có hướng dẫn chẩn đoán/khôi phục phù hợp. 4) Swagger/migration/README cập nhật khi liên quan; authorization/validation không áp dụng phải ghi lý do.","4","BACKLOG","MVP-1.0","20","21","23","24","34","93","95","99","101","121","","","","","","","","","",""
"Community Tourism Platform","CTP","20","CTP-20","Story","Kiểm chứng Prisma–Aiven TLS và kết nối từ Render","Planned Issue Key: CTP-20. Là người phát triển, tôi cần kiểm chứng Prisma–Aiven TLS và kết nối từ Render để đạt mục tiêu: Nền tảng chạy được, kết nối Aiven bằng TLS và có migration, seed, Swagger, logging. Chỉ triển khai phạm vi trong acceptance criteria; thời gian dự kiến đã bao gồm review, test và tài liệu của Story. Scope: MVP. Planned sprint: CTP Sprint 1 - Foundation. Dependencies (planned keys): CTP-19. Acceptance Criteria: 1) Chọn và khóa bộ phiên bản Prisma/client/driver sau khi kết nối Aiven bằng TLS xác minh CA/hostname thành công. 2) CA sai bị từ chối; log không lộ credential; không dùng cấu hình bỏ xác minh chứng chỉ. 3) Migration tối thiểu, đọc/ghi và rollback chạy trên DB phát triển riêng. 4) Backend tối thiểu trên Render kết nối được Aiven; lưu bằng chứng và cấu hình mẫu. Definition of Done (DEV): 1) Phạm vi triển khai hoàn thành; build/static checks liên quan không lỗi. 2) Test phù hợp và kiểm tra thủ công có bằng chứng; validation, authorization/ownership được kiểm tra nếu áp dụng. 3) Không hardcode secret; Swagger cập nhật nếu đổi API; migration cập nhật nếu đổi DB; README/docs cập nhật nếu cần. 4) Self-review diff/checklist đã làm; acceptance criteria đạt; không còn lỗi Highest/High liên quan chưa xử lý.","","CTP-1","1","Highest","3","","CTP Sprint 1 - Foundation","MVP","prisma","aiven","database","deployment","DATABASE","1) Chọn và khóa bộ phiên bản Prisma/client/driver sau khi kết nối Aiven bằng TLS xác minh CA/hostname thành công. 2) CA sai bị từ chối; log không lộ credential; không dùng cấu hình bỏ xác minh chứng chỉ. 3) Migration tối thiểu, đọc/ghi và rollback chạy trên DB phát triển riêng. 4) Backend tối thiểu trên Render kết nối được Aiven; lưu bằng chứng và cấu hình mẫu.","CTP-19","1) Phạm vi triển khai hoàn thành; build/static checks liên quan không lỗi. 2) Test phù hợp và kiểm tra thủ công có bằng chứng; validation, authorization/ownership được kiểm tra nếu áp dụng. 3) Không hardcode secret; Swagger cập nhật nếu đổi API; migration cập nhật nếu đổi DB; README/docs cập nhật nếu cần. 4) Self-review diff/checklist đã làm; acceptance criteria đạt; không còn lỗi Highest/High liên quan chưa xử lý.","5","BACKLOG","MVP-1.0","22","24","40","76","97","101","133","206","","","","","","","","","","","",""
"Community Tourism Platform","CTP","21","CTP-21","Story","Chốt kiến trúc, use case và ranh giới MVP","Planned Issue Key: CTP-21. Là sinh viên thực hiện đồ án, tôi cần chốt kiến trúc, use case và ranh giới MVP để đạt mục tiêu: README, sơ đồ, tài liệu API/DB, báo cáo kiểm thử, hướng dẫn và bảo vệ. Chỉ triển khai phạm vi trong acceptance criteria; thời gian dự kiến đã bao gồm review, test và tài liệu của Story. Scope: MVP. Planned sprint: CTP Sprint 1 - Foundation. Dependencies (planned keys): CTP-19. Acceptance Criteria: 1) Tài liệu mô tả một backend/một DB, ba vai trò, hai giao diện Flutter và React Admin. 2) Use case và ma trận quyền phân biệt nhận booking mới với xử lý đơn cũ khi hộ mất duyệt. 3) Phạm vi loại trừ partial cancellation, ngày riêng từng phòng, cổng thanh toán thật, kho và chat. 4) ERD bản nháp phản ánh hai bảng booking items, ledger, room blocks, slot và lịch sử trạng thái. Definition of Done (DOC): 1) Nội dung đúng đặc tả và bản triển khai tương ứng; sơ đồ/bảng/link đọc được và không mâu thuẫn. 2) Hướng dẫn/command/ví dụ được kiểm tra thủ công khi có thể; nguồn và giới hạn được ghi rõ. 3) Không có secret; các thay đổi API/DB trong tài liệu khớp Swagger/migration; không yêu cầu viết code ứng dụng cho task tài liệu. 4) Self-review hoàn tất; tiêu chí build/test/validation/authorization không áp dụng được ghi N/A kèm lý do, không ghi pass giả.","","CTP-18","18","High","1","","CTP Sprint 1 - Foundation","MVP","documentation","","","","DOCUMENTATION","1) Tài liệu mô tả một backend/một DB, ba vai trò, hai giao diện Flutter và React Admin. 2) Use case và ma trận quyền phân biệt nhận booking mới với xử lý đơn cũ khi hộ mất duyệt. 3) Phạm vi loại trừ partial cancellation, ngày riêng từng phòng, cổng thanh toán thật, kho và chat. 4) ERD bản nháp phản ánh hai bảng booking items, ledger, room blocks, slot và lịch sử trạng thái.","CTP-19","1) Nội dung đúng đặc tả và bản triển khai tương ứng; sơ đồ/bảng/link đọc được và không mâu thuẫn. 2) Hướng dẫn/command/ví dụ được kiểm tra thủ công khi có thể; nguồn và giới hạn được ghi rõ. 3) Không có secret; các thay đổi API/DB trong tài liệu khớp Swagger/migration; không yêu cầu viết code ứng dụng cho task tài liệu. 4) Self-review hoàn tất; tiêu chí build/test/validation/authorization không áp dụng được ghi N/A kèm lý do, không ghi pass giả.","2","BACKLOG","MVP-1.0","22","97","","","","","","","","","","","","","","","","","",""
"Community Tourism Platform","CTP","22","CTP-22","Story","Tạo schema, migration và seed nền tảng MVP","Planned Issue Key: CTP-22. Là người phát triển, tôi cần tạo schema, migration và seed nền tảng MVP để đạt mục tiêu: Nền tảng chạy được, kết nối Aiven bằng TLS và có migration, seed, Swagger, logging. Chỉ triển khai phạm vi trong acceptance criteria; thời gian dự kiến đã bao gồm review, test và tài liệu của Story. Scope: MVP. Planned sprint: CTP Sprint 1 - Foundation. Dependencies (planned keys): CTP-20, CTP-21. Acceptance Criteria: 1) Schema có users, households, rooms, services, slots, booking và hai bảng items, blocks, payments, expenses, reviews, cultural posts, ảnh và lịch sử. 2) Room/block dùng DATE; instant dùng UTC DATETIME(3); tiền dùng DECIMAL(15,0); không có rooms.quantity hoặc booked_quantity. 3) Unique gồm booking_code, booking-room, booking-slot, service-start-end, review-booking và khóa idempotency. 4) Migrate DB rỗng và seed demo chạy lại an toàn; demo gồm 1 admin, 2 hộ, 5 khách, không dùng mật khẩu thật. Definition of Done (DEV): 1) Phạm vi triển khai hoàn thành; build/static checks liên quan không lỗi. 2) Test phù hợp và kiểm tra thủ công có bằng chứng; validation, authorization/ownership được kiểm tra nếu áp dụng. 3) Không hardcode secret; Swagger cập nhật nếu đổi API; migration cập nhật nếu đổi DB; README/docs cập nhật nếu cần. 4) Self-review diff/checklist đã làm; acceptance criteria đạt; không còn lỗi Highest/High liên quan chưa xử lý.","","CTP-1","1","Highest","3","","CTP Sprint 1 - Foundation","MVP","database","prisma","aiven","","DATABASE","1) Schema có users, households, rooms, services, slots, booking và hai bảng items, blocks, payments, expenses, reviews, cultural posts, ảnh và lịch sử. 2) Room/block dùng DATE; instant dùng UTC DATETIME(3); tiền dùng DECIMAL(15,0); không có rooms.quantity hoặc booked_quantity. 3) Unique gồm booking_code, booking-room, booking-slot, service-start-end, review-booking và khóa idempotency. 4) Migrate DB rỗng và seed demo chạy lại an toàn; demo gồm 1 admin, 2 hộ, 5 khách, không dùng mật khẩu thật.","CTP-20; CTP-21","1) Phạm vi triển khai hoàn thành; build/static checks liên quan không lỗi. 2) Test phù hợp và kiểm tra thủ công có bằng chứng; validation, authorization/ownership được kiểm tra nếu áp dụng. 3) Không hardcode secret; Swagger cập nhật nếu đổi API; migration cập nhật nếu đổi DB; README/docs cập nhật nếu cần. 4) Self-review diff/checklist đã làm; acceptance criteria đạt; không còn lỗi Highest/High liên quan chưa xử lý.","4","BACKLOG","MVP-1.0","25","29","30","36","39","43","44","51","77","103","111","113","125","131","139","141","155","208","",""
"Community Tourism Platform","CTP","23","CTP-23","Story","Chuẩn hóa validation, lỗi, log và Swagger nền","Planned Issue Key: CTP-23. Là người phát triển, tôi cần chuẩn hóa validation, lỗi, log và Swagger nền để đạt mục tiêu: Nền tảng chạy được, kết nối Aiven bằng TLS và có migration, seed, Swagger, logging. Chỉ triển khai phạm vi trong acceptance criteria; thời gian dự kiến đã bao gồm review, test và tài liệu của Story. Scope: MVP. Planned sprint: CTP Sprint 1 - Foundation. Dependencies (planned keys): CTP-19. Acceptance Criteria: 1) Response success/error và pagination thống nhất; lỗi validation, auth, not-found, conflict được ánh xạ đúng HTTP. 2) Log có request ID và che dữ liệu nhạy cảm; không trả stack nội bộ ở môi trường triển khai. 3) Swagger /api-docs có security scheme và các endpoint nền hiện hữu. 4) Health/readiness phân biệt tiến trình chạy với kết nối DB; CORS/helmet/rate-limit được cấu hình qua env. Definition of Done (DEV): 1) Phạm vi triển khai hoàn thành; build/static checks liên quan không lỗi. 2) Test phù hợp và kiểm tra thủ công có bằng chứng; validation, authorization/ownership được kiểm tra nếu áp dụng. 3) Không hardcode secret; Swagger cập nhật nếu đổi API; migration cập nhật nếu đổi DB; README/docs cập nhật nếu cần. 4) Self-review diff/checklist đã làm; acceptance criteria đạt; không còn lỗi Highest/High liên quan chưa xử lý.","","CTP-1","1","High","2","","CTP Sprint 1 - Foundation","MVP","backend","security","documentation","","BACKEND","1) Response success/error và pagination thống nhất; lỗi validation, auth, not-found, conflict được ánh xạ đúng HTTP. 2) Log có request ID và che dữ liệu nhạy cảm; không trả stack nội bộ ở môi trường triển khai. 3) Swagger /api-docs có security scheme và các endpoint nền hiện hữu. 4) Health/readiness phân biệt tiến trình chạy với kết nối DB; CORS/helmet/rate-limit được cấu hình qua env.","CTP-19","1) Phạm vi triển khai hoàn thành; build/static checks liên quan không lỗi. 2) Test phù hợp và kiểm tra thủ công có bằng chứng; validation, authorization/ownership được kiểm tra nếu áp dụng. 3) Không hardcode secret; Swagger cập nhật nếu đổi API; migration cập nhật nếu đổi DB; README/docs cập nhật nếu cần. 4) Self-review diff/checklist đã làm; acceptance criteria đạt; không còn lỗi Highest/High liên quan chưa xử lý.","3","BACKLOG","MVP-1.0","25","32","103","117","","","","","","","","","","","","","","","",""
"Community Tourism Platform","CTP","24","CTP-24","Story","Dựng harness kiểm thử và MySQL test database","Planned Issue Key: CTP-24. Là người kiểm thử, tôi cần dựng harness kiểm thử và MySQL test database để đạt mục tiêu: Bằng chứng kiểm thử cho bảo mật, booking, concurrency, thời gian, tiền và luồng liên ứng dụng. Chỉ triển khai phạm vi trong acceptance criteria; thời gian dự kiến đã bao gồm review, test và tài liệu của Story. Scope: MVP. Planned sprint: CTP Sprint 1 - Foundation. Dependencies (planned keys): CTP-19, CTP-20. Acceptance Criteria: 1) Test runner có lệnh chạy rõ ràng; DB test tách khỏi development/demo. 2) Fixtures và cleanup chỉ tác động DB test đã được xác minh; không chạy reset nhầm Aiven dùng demo. 3) Kiểm tra build/static và test smoke chạy được trong CI hoặc lệnh tương đương tại máy. 4) Hướng dẫn thu thập kết quả test được ghi trong README. Definition of Done (QA): 1) Kịch bản, fixture và bằng chứng kiểm thử hoàn thành; môi trường/phiên bản và lệnh tái hiện được ghi rõ. 2) Các case trong phạm vi pass; lỗi phát hiện có issue/liên kết và retest; build liên quan không lỗi. 3) Các tiêu chí validation, authorization, secret, Swagger, migration và docs được kiểm tra theo phạm vi; N/A phải có lý do. 4) Kiểm tra thủ công hoàn thành; không dùng mock/in-memory để kết luận concurrency MySQL đạt.","","CTP-16","16","Highest","2","","CTP Sprint 1 - Foundation","MVP","testing","security","booking","","TESTING","1) Test runner có lệnh chạy rõ ràng; DB test tách khỏi development/demo. 2) Fixtures và cleanup chỉ tác động DB test đã được xác minh; không chạy reset nhầm Aiven dùng demo. 3) Kiểm tra build/static và test smoke chạy được trong CI hoặc lệnh tương đương tại máy. 4) Hướng dẫn thu thập kết quả test được ghi trong README.","CTP-19; CTP-20","1) Kịch bản, fixture và bằng chứng kiểm thử hoàn thành; môi trường/phiên bản và lệnh tái hiện được ghi rõ. 2) Các case trong phạm vi pass; lỗi phát hiện có issue/liên kết và retest; build liên quan không lỗi. 3) Các tiêu chí validation, authorization, secret, Swagger, migration và docs được kiểm tra theo phạm vi; N/A phải có lý do. 4) Kiểm tra thủ công hoàn thành; không dùng mock/in-memory để kết luận concurrency MySQL đạt.","2","BACKLOG","MVP-1.0","25","36","103","125","","","","","","","","","","","","","","","",""
"Community Tourism Platform","CTP","25","CTP-25","Story","Đăng ký, đăng nhập và JWT cho ba vai trò","Planned Issue Key: CTP-25. Là người dùng hệ thống, tôi cần đăng ký, đăng nhập và JWT cho ba vai trò để đạt mục tiêu: Xác thực ba vai trò, kiểm tra user hiện hành, ownership và chặn JWT của user bị khóa. Chỉ triển khai phạm vi trong acceptance criteria; thời gian dự kiến đã bao gồm review, test và tài liệu của Story. Scope: MVP. Planned sprint: CTP Sprint 1 - Foundation. Dependencies (planned keys): CTP-22, CTP-23, CTP-24. Acceptance Criteria: 1) CUSTOMER đăng ký bình thường; HOUSEHOLD tạo user ACTIVE và household PENDING trong cùng transaction; không cho tự đăng ký ADMIN. 2) Password được bcrypt hash và không xuất hiện trong response/log; login sai trả lỗi phù hợp. 3) JWT có thời hạn, issuer/audience theo cấu hình; ADMIN demo được seed. 4) Test email trùng, input sai, mật khẩu sai, token thiếu/hết hạn và đăng ký hộ rollback khi thất bại. Definition of Done (DEV): 1) Phạm vi triển khai hoàn thành; build/static checks liên quan không lỗi. 2) Test phù hợp và kiểm tra thủ công có bằng chứng; validation, authorization/ownership được kiểm tra nếu áp dụng. 3) Không hardcode secret; Swagger cập nhật nếu đổi API; migration cập nhật nếu đổi DB; README/docs cập nhật nếu cần. 4) Self-review diff/checklist đã làm; acceptance criteria đạt; không còn lỗi Highest/High liên quan chưa xử lý.","","CTP-2","2","Highest","3","","CTP Sprint 1 - Foundation","MVP","backend","security","","","BACKEND","1) CUSTOMER đăng ký bình thường; HOUSEHOLD tạo user ACTIVE và household PENDING trong cùng transaction; không cho tự đăng ký ADMIN. 2) Password được bcrypt hash và không xuất hiện trong response/log; login sai trả lỗi phù hợp. 3) JWT có thời hạn, issuer/audience theo cấu hình; ADMIN demo được seed. 4) Test email trùng, input sai, mật khẩu sai, token thiếu/hết hạn và đăng ký hộ rollback khi thất bại.","CTP-22; CTP-23; CTP-24","1) Phạm vi triển khai hoàn thành; build/static checks liên quan không lỗi. 2) Test phù hợp và kiểm tra thủ công có bằng chứng; validation, authorization/ownership được kiểm tra nếu áp dụng. 3) Không hardcode secret; Swagger cập nhật nếu đổi API; migration cập nhật nếu đổi DB; README/docs cập nhật nếu cần. 4) Self-review diff/checklist đã làm; acceptance criteria đạt; không còn lỗi Highest/High liên quan chưa xử lý.","4","BACKLOG","MVP-1.0","26","34","105","121","","","","","","","","","","","","","","","",""
"Community Tourism Platform","CTP","26","CTP-26","Story","Kiểm tra user hiện hành, role, ownership và khóa tài khoản","Planned Issue Key: CTP-26. Là người dùng hệ thống, tôi cần kiểm tra user hiện hành, role, ownership và khóa tài khoản để đạt mục tiêu: Xác thực ba vai trò, kiểm tra user hiện hành, ownership và chặn JWT của user bị khóa. Chỉ triển khai phạm vi trong acceptance criteria; thời gian dự kiến đã bao gồm review, test và tài liệu của Story. Scope: MVP. Planned sprint: CTP Sprint 1 - Foundation. Dependencies (planned keys): CTP-25. Acceptance Criteria: 1) Mỗi request được bảo vệ đọc user hiện tại; không chỉ tin role/status trong JWT và không cache status giữa request. 2) User BLOCKED bị từ chối ở request tiếp theo dù token còn hạn; token không hợp lệ trả 401, thiếu quyền trả 403. 3) Ownership dùng chung không cho user/household khác thao tác tài nguyên của nhau. 4) Admin có API liệt kê/block/unblock user; thay đổi quan trọng kiểm tra lại trạng thái trong transaction. Definition of Done (DEV): 1) Phạm vi triển khai hoàn thành; build/static checks liên quan không lỗi. 2) Test phù hợp và kiểm tra thủ công có bằng chứng; validation, authorization/ownership được kiểm tra nếu áp dụng. 3) Không hardcode secret; Swagger cập nhật nếu đổi API; migration cập nhật nếu đổi DB; README/docs cập nhật nếu cần. 4) Self-review diff/checklist đã làm; acceptance criteria đạt; không còn lỗi Highest/High liên quan chưa xử lý.","","CTP-2","2","Highest","3","","CTP Sprint 1 - Foundation","MVP","backend","security","","","BACKEND","1) Mỗi request được bảo vệ đọc user hiện tại; không chỉ tin role/status trong JWT và không cache status giữa request. 2) User BLOCKED bị từ chối ở request tiếp theo dù token còn hạn; token không hợp lệ trả 401, thiếu quyền trả 403. 3) Ownership dùng chung không cho user/household khác thao tác tài nguyên của nhau. 4) Admin có API liệt kê/block/unblock user; thay đổi quan trọng kiểm tra lại trạng thái trong transaction.","CTP-25","1) Phạm vi triển khai hoàn thành; build/static checks liên quan không lỗi. 2) Test phù hợp và kiểm tra thủ công có bằng chứng; validation, authorization/ownership được kiểm tra nếu áp dụng. 3) Không hardcode secret; Swagger cập nhật nếu đổi API; migration cập nhật nếu đổi DB; README/docs cập nhật nếu cần. 4) Self-review diff/checklist đã làm; acceptance criteria đạt; không còn lỗi Highest/High liên quan chưa xử lý.","4","BACKLOG","MVP-1.0","27","28","32","35","45","56","58","107","109","117","123","143","165","169","","","","","",""
"Community Tourism Platform","CTP","27","CTP-27","Story","Quản lý hồ sơ, duyệt và thu hồi duyệt hộ","Planned Issue Key: CTP-27. Là hộ dân và quản trị viên, tôi cần quản lý hồ sơ, duyệt và thu hồi duyệt hộ để đạt mục tiêu: Hồ sơ, duyệt và thu hồi duyệt hộ; phân biệt mở bán mới với xử lý đơn cũ. Chỉ triển khai phạm vi trong acceptance criteria; thời gian dự kiến đã bao gồm review, test và tài liệu của Story. Scope: MVP. Planned sprint: CTP Sprint 2 - Household, Room & Service. Dependencies (planned keys): CTP-26. Acceptance Criteria: 1) Hộ xem/sửa hồ sơ, địa chỉ, điện thoại và latitude/longitude; Admin approve/reject/thu hồi duyệt có lý do và lịch sử. 2) PENDING/REJECTED không mở bán hoặc nhận đơn mới nhưng vẫn xem dữ liệu của mình. 3) Policy backend cho đơn cũ: không confirm PENDING; được reject còn hạn, complete CONFIRMED và thu/hoàn đúng trạng thái khi user ACTIVE. 4) Không đặt middleware APPROVED lên mọi route household; unit test policy bằng fixture, tích hợp thật xác minh ở story trạng thái booking. Definition of Done (DEV): 1) Phạm vi triển khai hoàn thành; build/static checks liên quan không lỗi. 2) Test phù hợp và kiểm tra thủ công có bằng chứng; validation, authorization/ownership được kiểm tra nếu áp dụng. 3) Không hardcode secret; Swagger cập nhật nếu đổi API; migration cập nhật nếu đổi DB; README/docs cập nhật nếu cần. 4) Self-review diff/checklist đã làm; acceptance criteria đạt; không còn lỗi Highest/High liên quan chưa xử lý.","","CTP-3","3","Highest","3","","CTP Sprint 2 - Household, Room & Service","MVP","backend","security","","","BACKEND","1) Hộ xem/sửa hồ sơ, địa chỉ, điện thoại và latitude/longitude; Admin approve/reject/thu hồi duyệt có lý do và lịch sử. 2) PENDING/REJECTED không mở bán hoặc nhận đơn mới nhưng vẫn xem dữ liệu của mình. 3) Policy backend cho đơn cũ: không confirm PENDING; được reject còn hạn, complete CONFIRMED và thu/hoàn đúng trạng thái khi user ACTIVE. 4) Không đặt middleware APPROVED lên mọi route household; unit test policy bằng fixture, tích hợp thật xác minh ở story trạng thái booking.","CTP-26","1) Phạm vi triển khai hoàn thành; build/static checks liên quan không lỗi. 2) Test phù hợp và kiểm tra thủ công có bằng chứng; validation, authorization/ownership được kiểm tra nếu áp dụng. 3) Không hardcode secret; Swagger cập nhật nếu đổi API; migration cập nhật nếu đổi DB; README/docs cập nhật nếu cần. 4) Self-review diff/checklist đã làm; acceptance criteria đạt; không còn lỗi Highest/High liên quan chưa xử lý.","4","BACKLOG","MVP-1.0","28","29","30","31","33","42","45","46","57","66","109","111","113","115","119","137","143","145","167","185"
"Community Tourism Platform","CTP","28","CTP-28","Story","Upload và quản lý ảnh an toàn qua Express","Planned Issue Key: CTP-28. Là hộ dân, tôi cần upload và quản lý ảnh an toàn qua Express để đạt mục tiêu: Quản lý từng phòng vật lý, capacity, ảnh và lịch chặn bên ngoài. Chỉ triển khai phạm vi trong acceptance criteria; thời gian dự kiến đã bao gồm review, test và tài liệu của Story. Scope: MVP. Planned sprint: CTP Sprint 2 - Household, Room & Service. Dependencies (planned keys): CTP-26, CTP-27. Acceptance Criteria: 1) Flutter/React gửi file đến Express; backend upload Cloudinary và lưu secure_url/public_id cùng quan hệ sở hữu. 2) Cloudinary API secret chỉ ở backend, không có trong bundle hoặc cấu hình mobile/web. 3) Kiểm tra loại/kích thước file và ownership trước upload/xóa; xử lý lỗi upload và tài nguyên mồ côi. 4) Ảnh hồ sơ, phòng, dịch vụ và thumbnail nội dung dùng cùng cơ chế phù hợp quyền. Definition of Done (DEV): 1) Phạm vi triển khai hoàn thành; build/static checks liên quan không lỗi. 2) Test phù hợp và kiểm tra thủ công có bằng chứng; validation, authorization/ownership được kiểm tra nếu áp dụng. 3) Không hardcode secret; Swagger cập nhật nếu đổi API; migration cập nhật nếu đổi DB; README/docs cập nhật nếu cần. 4) Self-review diff/checklist đã làm; acceptance criteria đạt; không còn lỗi Highest/High liên quan chưa xử lý.","","CTP-4","4","High","3","","CTP Sprint 2 - Household, Room & Service","MVP","backend","security","","","BACKEND","1) Flutter/React gửi file đến Express; backend upload Cloudinary và lưu secure_url/public_id cùng quan hệ sở hữu. 2) Cloudinary API secret chỉ ở backend, không có trong bundle hoặc cấu hình mobile/web. 3) Kiểm tra loại/kích thước file và ownership trước upload/xóa; xử lý lỗi upload và tài nguyên mồ côi. 4) Ảnh hồ sơ, phòng, dịch vụ và thumbnail nội dung dùng cùng cơ chế phù hợp quyền.","CTP-26; CTP-27","1) Phạm vi triển khai hoàn thành; build/static checks liên quan không lỗi. 2) Test phù hợp và kiểm tra thủ công có bằng chứng; validation, authorization/ownership được kiểm tra nếu áp dụng. 3) Không hardcode secret; Swagger cập nhật nếu đổi API; migration cập nhật nếu đổi DB; README/docs cập nhật nếu cần. 4) Self-review diff/checklist đã làm; acceptance criteria đạt; không còn lỗi Highest/High liên quan chưa xử lý.","3","BACKLOG","MVP-1.0","31","42","56","57","115","137","165","167","","","","","","","","","","","",""
"Community Tourism Platform","CTP","29","CTP-29","Story","CRUD từng phòng vật lý và sức chứa","Planned Issue Key: CTP-29. Là hộ dân, tôi cần cRUD từng phòng vật lý và sức chứa để đạt mục tiêu: Quản lý từng phòng vật lý, capacity, ảnh và lịch chặn bên ngoài. Chỉ triển khai phạm vi trong acceptance criteria; thời gian dự kiến đã bao gồm review, test và tài liệu của Story. Scope: MVP. Planned sprint: CTP Sprint 2 - Household, Room & Service. Dependencies (planned keys): CTP-27, CTP-22. Acceptance Criteria: 1) Mỗi record là một phòng; dùng ACTIVE/INACTIVE, capacity dương và giá theo đêm không âm. 2) Chỉ hộ được duyệt và user ACTIVE quản lý kinh doanh của mình; không sửa dữ liệu hộ khác. 3) Phòng có lịch sử được ngừng kinh doanh thay vì hard delete; không có quantity. 4) API CRUD, validation và Swagger đồng bộ; ảnh liên kết qua API upload đã thống nhất. Definition of Done (DEV): 1) Phạm vi triển khai hoàn thành; build/static checks liên quan không lỗi. 2) Test phù hợp và kiểm tra thủ công có bằng chứng; validation, authorization/ownership được kiểm tra nếu áp dụng. 3) Không hardcode secret; Swagger cập nhật nếu đổi API; migration cập nhật nếu đổi DB; README/docs cập nhật nếu cần. 4) Self-review diff/checklist đã làm; acceptance criteria đạt; không còn lỗi Highest/High liên quan chưa xử lý.","","CTP-4","4","High","3","","CTP Sprint 2 - Household, Room & Service","MVP","backend","availability","","","BACKEND","1) Mỗi record là một phòng; dùng ACTIVE/INACTIVE, capacity dương và giá theo đêm không âm. 2) Chỉ hộ được duyệt và user ACTIVE quản lý kinh doanh của mình; không sửa dữ liệu hộ khác. 3) Phòng có lịch sử được ngừng kinh doanh thay vì hard delete; không có quantity. 4) API CRUD, validation và Swagger đồng bộ; ảnh liên kết qua API upload đã thống nhất.","CTP-27; CTP-22","1) Phạm vi triển khai hoàn thành; build/static checks liên quan không lỗi. 2) Test phù hợp và kiểm tra thủ công có bằng chứng; validation, authorization/ownership được kiểm tra nếu áp dụng. 3) Không hardcode secret; Swagger cập nhật nếu đổi API; migration cập nhật nếu đổi DB; README/docs cập nhật nếu cần. 4) Self-review diff/checklist đã làm; acceptance criteria đạt; không còn lỗi Highest/High liên quan chưa xử lý.","3","BACKLOG","MVP-1.0","31","38","42","44","115","129","137","141","","","","","","","","","","","",""
"Community Tourism Platform","CTP","30","CTP-30","Story","Danh mục và CRUD dịch vụ có đơn vị bán","Planned Issue Key: CTP-30. Là hộ dân, tôi cần danh mục và CRUD dịch vụ có đơn vị bán để đạt mục tiêu: Danh mục và dịch vụ ăn uống, trải nghiệm, hướng dẫn viên; ảnh và thông tin công khai. Chỉ triển khai phạm vi trong acceptance criteria; thời gian dự kiến đã bao gồm review, test và tài liệu của Story. Scope: MVP. Planned sprint: CTP Sprint 2 - Household, Room & Service. Dependencies (planned keys): CTP-27, CTP-22. Acceptance Criteria: 1) Seed danh mục ăn uống, trải nghiệm, hướng dẫn viên và dịch vụ khác; API liệt kê danh mục. 2) Dịch vụ có ACTIVE/INACTIVE, tên, mô tả, giá và đơn vị suất/người/nhóm rõ ràng. 3) Ownership và điều kiện hộ được duyệt được enforce; dịch vụ có lịch sử không bị xóa mất. 4) API hỗ trợ ảnh và giữ thông tin đủ để chụp snapshot khi đặt. Definition of Done (DEV): 1) Phạm vi triển khai hoàn thành; build/static checks liên quan không lỗi. 2) Test phù hợp và kiểm tra thủ công có bằng chứng; validation, authorization/ownership được kiểm tra nếu áp dụng. 3) Không hardcode secret; Swagger cập nhật nếu đổi API; migration cập nhật nếu đổi DB; README/docs cập nhật nếu cần. 4) Self-review diff/checklist đã làm; acceptance criteria đạt; không còn lỗi Highest/High liên quan chưa xử lý.","","CTP-5","5","High","3","","CTP Sprint 2 - Household, Room & Service","MVP","backend","","","","BACKEND","1) Seed danh mục ăn uống, trải nghiệm, hướng dẫn viên và dịch vụ khác; API liệt kê danh mục. 2) Dịch vụ có ACTIVE/INACTIVE, tên, mô tả, giá và đơn vị suất/người/nhóm rõ ràng. 3) Ownership và điều kiện hộ được duyệt được enforce; dịch vụ có lịch sử không bị xóa mất. 4) API hỗ trợ ảnh và giữ thông tin đủ để chụp snapshot khi đặt.","CTP-27; CTP-22","1) Phạm vi triển khai hoàn thành; build/static checks liên quan không lỗi. 2) Test phù hợp và kiểm tra thủ công có bằng chứng; validation, authorization/ownership được kiểm tra nếu áp dụng. 3) Không hardcode secret; Swagger cập nhật nếu đổi API; migration cập nhật nếu đổi DB; README/docs cập nhật nếu cần. 4) Self-review diff/checklist đã làm; acceptance criteria đạt; không còn lỗi Highest/High liên quan chưa xử lý.","3","BACKLOG","MVP-1.0","31","37","44","57","115","127","141","167","","","","","","","","","","","",""
"Community Tourism Platform","CTP","31","CTP-31","Story","API khám phá hộ, phòng và dịch vụ công khai","Planned Issue Key: CTP-31. Là hộ dân và quản trị viên, tôi cần aPI khám phá hộ, phòng và dịch vụ công khai để đạt mục tiêu: Hồ sơ, duyệt và thu hồi duyệt hộ; phân biệt mở bán mới với xử lý đơn cũ. Chỉ triển khai phạm vi trong acceptance criteria; thời gian dự kiến đã bao gồm review, test và tài liệu của Story. Scope: MVP. Planned sprint: CTP Sprint 2 - Household, Room & Service. Dependencies (planned keys): CTP-27, CTP-29, CTP-30, CTP-28. Acceptance Criteria: 1) Chỉ công khai hộ APPROVED có chủ ACTIVE và tài nguyên đang kinh doanh. 2) Search keyword, lọc danh mục/giá và pagination hoạt động; chưa triển khai tìm kiếm theo bán kính. 3) Chi tiết trả đủ ảnh, địa chỉ và tọa độ cho Flutter; không lộ trường riêng tư. 4) Google Maps direction URL dùng tọa độ, fallback địa chỉ encode; không yêu cầu map nhúng. Definition of Done (DEV): 1) Phạm vi triển khai hoàn thành; build/static checks liên quan không lỗi. 2) Test phù hợp và kiểm tra thủ công có bằng chứng; validation, authorization/ownership được kiểm tra nếu áp dụng. 3) Không hardcode secret; Swagger cập nhật nếu đổi API; migration cập nhật nếu đổi DB; README/docs cập nhật nếu cần. 4) Self-review diff/checklist đã làm; acceptance criteria đạt; không còn lỗi Highest/High liên quan chưa xử lý.","","CTP-3","3","High","2","","CTP Sprint 2 - Household, Room & Service","MVP","backend","frontend","","","BACKEND","1) Chỉ công khai hộ APPROVED có chủ ACTIVE và tài nguyên đang kinh doanh. 2) Search keyword, lọc danh mục/giá và pagination hoạt động; chưa triển khai tìm kiếm theo bán kính. 3) Chi tiết trả đủ ảnh, địa chỉ và tọa độ cho Flutter; không lộ trường riêng tư. 4) Google Maps direction URL dùng tọa độ, fallback địa chỉ encode; không yêu cầu map nhúng.","CTP-27; CTP-29; CTP-30; CTP-28","1) Phạm vi triển khai hoàn thành; build/static checks liên quan không lỗi. 2) Test phù hợp và kiểm tra thủ công có bằng chứng; validation, authorization/ownership được kiểm tra nếu áp dụng. 3) Không hardcode secret; Swagger cập nhật nếu đổi API; migration cập nhật nếu đổi DB; README/docs cập nhật nếu cần. 4) Self-review diff/checklist đã làm; acceptance criteria đạt; không còn lỗi Highest/High liên quan chưa xử lý.","3","BACKLOG","MVP-1.0","54","59","90","161","171","234","","","","","","","","","","","","","",""
"Community Tourism Platform","CTP","32","CTP-32","Story","React Admin đăng nhập và quản lý user","Planned Issue Key: CTP-32. Là quản trị viên, tôi cần react Admin đăng nhập và quản lý user để đạt mục tiêu: Admin quản lý tài khoản, duyệt hộ, xem booking, nội dung và thống kê; không sửa trạng thái booking. Chỉ triển khai phạm vi trong acceptance criteria; thời gian dự kiến đã bao gồm review, test và tài liệu của Story. Scope: MVP. Planned sprint: CTP Sprint 2 - Household, Room & Service. Dependencies (planned keys): CTP-26, CTP-23. Acceptance Criteria: 1) React/Vite có layout responsive cơ bản, routing và phiên Admin; CUSTOMER/HOUSEHOLD không vào chức năng Admin. 2) Danh sách user có block/unblock; thao tác phản ánh ngay trên request dùng JWT cũ. 3) Xử lý loading, empty, validation và API error; build và probe Vercel tối thiểu chạy được. 4) Không hiển thị hay lưu Cloudinary secret hoặc DB credential. Definition of Done (DEV): 1) Phạm vi triển khai hoàn thành; build/static checks liên quan không lỗi. 2) Test phù hợp và kiểm tra thủ công có bằng chứng; validation, authorization/ownership được kiểm tra nếu áp dụng. 3) Không hardcode secret; Swagger cập nhật nếu đổi API; migration cập nhật nếu đổi DB; README/docs cập nhật nếu cần. 4) Self-review diff/checklist đã làm; acceptance criteria đạt; không còn lỗi Highest/High liên quan chưa xử lý.","","CTP-14","14","High","3","","CTP Sprint 2 - Household, Room & Service","MVP","react","frontend","security","","ADMIN_WEB","1) React/Vite có layout responsive cơ bản, routing và phiên Admin; CUSTOMER/HOUSEHOLD không vào chức năng Admin. 2) Danh sách user có block/unblock; thao tác phản ánh ngay trên request dùng JWT cũ. 3) Xử lý loading, empty, validation và API error; build và probe Vercel tối thiểu chạy được. 4) Không hiển thị hay lưu Cloudinary secret hoặc DB credential.","CTP-26; CTP-23","1) Phạm vi triển khai hoàn thành; build/static checks liên quan không lỗi. 2) Test phù hợp và kiểm tra thủ công có bằng chứng; validation, authorization/ownership được kiểm tra nếu áp dụng. 3) Không hardcode secret; Swagger cập nhật nếu đổi API; migration cập nhật nếu đổi DB; README/docs cập nhật nếu cần. 4) Self-review diff/checklist đã làm; acceptance criteria đạt; không còn lỗi Highest/High liên quan chưa xử lý.","4","BACKLOG","MVP-1.0","33","119","","","","","","","","","","","","","","","","","",""
"Community Tourism Platform","CTP","33","CTP-33","Story","React Admin duyệt hộ và xem hồ sơ","Planned Issue Key: CTP-33. Là quản trị viên, tôi cần react Admin duyệt hộ và xem hồ sơ để đạt mục tiêu: Admin quản lý tài khoản, duyệt hộ, xem booking, nội dung và thống kê; không sửa trạng thái booking. Chỉ triển khai phạm vi trong acceptance criteria; thời gian dự kiến đã bao gồm review, test và tài liệu của Story. Scope: MVP. Planned sprint: CTP Sprint 2 - Household, Room & Service. Dependencies (planned keys): CTP-32, CTP-27. Acceptance Criteria: 1) Admin xem danh sách theo APPROVED/PENDING/REJECTED và chi tiết hộ. 2) Approve/reject/thu hồi duyệt gọi API thật, yêu cầu lý do ở thao tác từ chối/thu hồi. 3) Giao diện cho biết thu hồi duyệt dừng bán mới nhưng giữ xử lý đơn đã xác nhận. 4) Không có chức năng đổi trạng thái booking tùy ý. Definition of Done (DEV): 1) Phạm vi triển khai hoàn thành; build/static checks liên quan không lỗi. 2) Test phù hợp và kiểm tra thủ công có bằng chứng; validation, authorization/ownership được kiểm tra nếu áp dụng. 3) Không hardcode secret; Swagger cập nhật nếu đổi API; migration cập nhật nếu đổi DB; README/docs cập nhật nếu cần. 4) Self-review diff/checklist đã làm; acceptance criteria đạt; không còn lỗi Highest/High liên quan chưa xử lý.","","CTP-14","14","High","2","","CTP Sprint 2 - Household, Room & Service","MVP","react","frontend","security","","ADMIN_WEB","1) Admin xem danh sách theo APPROVED/PENDING/REJECTED và chi tiết hộ. 2) Approve/reject/thu hồi duyệt gọi API thật, yêu cầu lý do ở thao tác từ chối/thu hồi. 3) Giao diện cho biết thu hồi duyệt dừng bán mới nhưng giữ xử lý đơn đã xác nhận. 4) Không có chức năng đổi trạng thái booking tùy ý.","CTP-32; CTP-27","1) Phạm vi triển khai hoàn thành; build/static checks liên quan không lỗi. 2) Test phù hợp và kiểm tra thủ công có bằng chứng; validation, authorization/ownership được kiểm tra nếu áp dụng. 3) Không hardcode secret; Swagger cập nhật nếu đổi API; migration cập nhật nếu đổi DB; README/docs cập nhật nếu cần. 4) Self-review diff/checklist đã làm; acceptance criteria đạt; không còn lỗi Highest/High liên quan chưa xử lý.","3","BACKLOG","MVP-1.0","55","163","","","","","","","","","","","","","","","","","",""
"Community Tourism Platform","CTP","34","CTP-34","Story","Dựng Flutter shell dùng chung cho khách và hộ","Planned Issue Key: CTP-34. Là khách du lịch, tôi cần dựng Flutter shell dùng chung cho khách và hộ để đạt mục tiêu: Khách khám phá, đặt riêng/kết hợp, xem lịch sử, hủy, review và quản lý tài khoản. Chỉ triển khai phạm vi trong acceptance criteria; thời gian dự kiến đã bao gồm review, test và tài liệu của Story. Scope: MVP. Planned sprint: CTP Sprint 2 - Household, Room & Service. Dependencies (planned keys): CTP-19, CTP-25. Acceptance Criteria: 1) App có API client, secure token storage, cấu hình API URL theo môi trường và điều hướng theo role. 2) Có splash, khung navigation khách/hộ và xử lý mất phiên/403 nhất quán. 3) Loading/error/empty, form input và upload adapter được tổ chức để dùng lại. 4) Chạy được trên thiết bị/emulator Android; không coi localhost máy tính là URL thiết bị. Definition of Done (DEV): 1) Phạm vi triển khai hoàn thành; build/static checks liên quan không lỗi. 2) Test phù hợp và kiểm tra thủ công có bằng chứng; validation, authorization/ownership được kiểm tra nếu áp dụng. 3) Không hardcode secret; Swagger cập nhật nếu đổi API; migration cập nhật nếu đổi DB; README/docs cập nhật nếu cần. 4) Self-review diff/checklist đã làm; acceptance criteria đạt; không còn lỗi Highest/High liên quan chưa xử lý.","","CTP-12","12","High","3","","CTP Sprint 2 - Household, Room & Service","MVP","flutter","frontend","security","","FLUTTER_CUSTOMER","1) App có API client, secure token storage, cấu hình API URL theo môi trường và điều hướng theo role. 2) Có splash, khung navigation khách/hộ và xử lý mất phiên/403 nhất quán. 3) Loading/error/empty, form input và upload adapter được tổ chức để dùng lại. 4) Chạy được trên thiết bị/emulator Android; không coi localhost máy tính là URL thiết bị.","CTP-19; CTP-25","1) Phạm vi triển khai hoàn thành; build/static checks liên quan không lỗi. 2) Test phù hợp và kiểm tra thủ công có bằng chứng; validation, authorization/ownership được kiểm tra nếu áp dụng. 3) Không hardcode secret; Swagger cập nhật nếu đổi API; migration cập nhật nếu đổi DB; README/docs cập nhật nếu cần. 4) Self-review diff/checklist đã làm; acceptance criteria đạt; không còn lỗi Highest/High liên quan chưa xử lý.","4","BACKLOG","MVP-1.0","42","57","58","137","167","169","","","","","","","","","","","","","",""
"Community Tourism Platform","CTP","35","CTP-35","Story","API current user, hồ sơ và đổi mật khẩu","Planned Issue Key: CTP-35. Là người dùng hệ thống, tôi cần aPI current user, hồ sơ và đổi mật khẩu để đạt mục tiêu: Xác thực ba vai trò, kiểm tra user hiện hành, ownership và chặn JWT của user bị khóa. Chỉ triển khai phạm vi trong acceptance criteria; thời gian dự kiến đã bao gồm review, test và tài liệu của Story. Scope: MVP. Planned sprint: CTP Sprint 2 - Household, Room & Service. Dependencies (planned keys): CTP-26. Acceptance Criteria: 1) /auth/me trả dữ liệu hiện tại, không password; cập nhật hồ sơ validate input. 2) Đổi mật khẩu yêu cầu mật khẩu hiện tại đúng, hash mật khẩu mới và xử lý lỗi rõ ràng. 3) User bị khóa không dùng các API được bảo vệ; client xóa token khi đăng xuất. 4) Swagger và smoke test cho các endpoint được cập nhật. Definition of Done (DEV): 1) Phạm vi triển khai hoàn thành; build/static checks liên quan không lỗi. 2) Test phù hợp và kiểm tra thủ công có bằng chứng; validation, authorization/ownership được kiểm tra nếu áp dụng. 3) Không hardcode secret; Swagger cập nhật nếu đổi API; migration cập nhật nếu đổi DB; README/docs cập nhật nếu cần. 4) Self-review diff/checklist đã làm; acceptance criteria đạt; không còn lỗi Highest/High liên quan chưa xử lý.","","CTP-2","2","High","1","","CTP Sprint 2 - Household, Room & Service","MVP","backend","security","","","BACKEND","1) /auth/me trả dữ liệu hiện tại, không password; cập nhật hồ sơ validate input. 2) Đổi mật khẩu yêu cầu mật khẩu hiện tại đúng, hash mật khẩu mới và xử lý lỗi rõ ràng. 3) User bị khóa không dùng các API được bảo vệ; client xóa token khi đăng xuất. 4) Swagger và smoke test cho các endpoint được cập nhật.","CTP-26","1) Phạm vi triển khai hoàn thành; build/static checks liên quan không lỗi. 2) Test phù hợp và kiểm tra thủ công có bằng chứng; validation, authorization/ownership được kiểm tra nếu áp dụng. 3) Không hardcode secret; Swagger cập nhật nếu đổi API; migration cập nhật nếu đổi DB; README/docs cập nhật nếu cần. 4) Self-review diff/checklist đã làm; acceptance criteria đạt; không còn lỗi Highest/High liên quan chưa xử lý.","1","BACKLOG","MVP-1.0","58","64","169","181","","","","","","","","","","","","","","","",""
"Community Tourism Platform","CTP","36","CTP-36","Story","Chuẩn hóa DATE, UTC và phạm vi ngày dịch vụ","Planned Issue Key: CTP-36. Là người phát triển backend, tôi cần chuẩn hóa DATE, UTC và phạm vi ngày dịch vụ để đạt mục tiêu: Một nguồn quy tắc khả dụng, khóa tài nguyên và chống bán vượt trên MySQL thật. Chỉ triển khai phạm vi trong acceptance criteria; thời gian dự kiến đã bao gồm review, test và tài liệu của Story. Scope: MVP. Planned sprint: CTP Sprint 3 - Schedules & Availability. Dependencies (planned keys): CTP-22, CTP-24. Acceptance Criteria: 1) Ngày phòng/block là DATE không trôi ngày; instant UTC được chuyển Asia/Ho_Chi_Minh khi xét local date. 2) Nhận phòng 14h, trả phòng 12h; helper xét cả serviceStartAt và serviceEndAt. 3) Dịch vụ trong đơn có phòng phải bắt đầu và kết thúc trong các ngày check-in..check-out; slot qua đêm nội kỳ hợp lệ, vượt ngày trả phòng bị cấm. 4) Có test ranh giới UTC/local, đúng 00h ngày sau và service-only không phụ thuộc room stay. Definition of Done (DEV): 1) Phạm vi triển khai hoàn thành; build/static checks liên quan không lỗi. 2) Test phù hợp và kiểm tra thủ công có bằng chứng; validation, authorization/ownership được kiểm tra nếu áp dụng. 3) Không hardcode secret; Swagger cập nhật nếu đổi API; migration cập nhật nếu đổi DB; README/docs cập nhật nếu cần. 4) Self-review diff/checklist đã làm; acceptance criteria đạt; không còn lỗi Highest/High liên quan chưa xử lý.","","CTP-7","7","Highest","3","","CTP Sprint 3 - Schedules & Availability","MVP","availability","backend","testing","","BACKEND","1) Ngày phòng/block là DATE không trôi ngày; instant UTC được chuyển Asia/Ho_Chi_Minh khi xét local date. 2) Nhận phòng 14h, trả phòng 12h; helper xét cả serviceStartAt và serviceEndAt. 3) Dịch vụ trong đơn có phòng phải bắt đầu và kết thúc trong các ngày check-in..check-out; slot qua đêm nội kỳ hợp lệ, vượt ngày trả phòng bị cấm. 4) Có test ranh giới UTC/local, đúng 00h ngày sau và service-only không phụ thuộc room stay.","CTP-22; CTP-24","1) Phạm vi triển khai hoàn thành; build/static checks liên quan không lỗi. 2) Test phù hợp và kiểm tra thủ công có bằng chứng; validation, authorization/ownership được kiểm tra nếu áp dụng. 3) Không hardcode secret; Swagger cập nhật nếu đổi API; migration cập nhật nếu đổi DB; README/docs cập nhật nếu cần. 4) Self-review diff/checklist đã làm; acceptance criteria đạt; không còn lỗi Highest/High liên quan chưa xử lý.","3","BACKLOG","MVP-1.0","37","38","43","44","68","127","129","139","141","189","","","","","","","","","",""
"Community Tourism Platform","CTP","37","CTP-37","Story","Tạo và quản lý lịch service slot","Planned Issue Key: CTP-37. Là hộ dân, tôi cần tạo và quản lý lịch service slot để đạt mục tiêu: Slot có OPEN/CLOSED, lịch UTC, capacity và unique thời gian; không lưu booked_quantity. Chỉ triển khai phạm vi trong acceptance criteria; thời gian dự kiến đã bao gồm review, test và tài liệu của Story. Scope: MVP. Planned sprint: CTP Sprint 3 - Schedules & Availability. Dependencies (planned keys): CTP-30, CTP-36. Acceptance Criteria: 1) Slot có start_at/end_at UTC, capacity nguyên dương và OPEN/CLOSED; end lớn hơn start. 2) Mặc định CLOSED; unique(service_id,start_at,end_at) chặn trùng, kể cả request đồng thời. 3) Không đổi giờ slot đã có booking; không lưu booked_quantity. 4) CRUD đọc/ghi enforce ownership và API validate ngày, capacity, trạng thái. Definition of Done (DEV): 1) Phạm vi triển khai hoàn thành; build/static checks liên quan không lỗi. 2) Test phù hợp và kiểm tra thủ công có bằng chứng; validation, authorization/ownership được kiểm tra nếu áp dụng. 3) Không hardcode secret; Swagger cập nhật nếu đổi API; migration cập nhật nếu đổi DB; README/docs cập nhật nếu cần. 4) Self-review diff/checklist đã làm; acceptance criteria đạt; không còn lỗi Highest/High liên quan chưa xử lý.","","CTP-6","6","Highest","3","","CTP Sprint 3 - Schedules & Availability","MVP","backend","availability","database","","BACKEND","1) Slot có start_at/end_at UTC, capacity nguyên dương và OPEN/CLOSED; end lớn hơn start. 2) Mặc định CLOSED; unique(service_id,start_at,end_at) chặn trùng, kể cả request đồng thời. 3) Không đổi giờ slot đã có booking; không lưu booked_quantity. 4) CRUD đọc/ghi enforce ownership và API validate ngày, capacity, trạng thái.","CTP-30; CTP-36","1) Phạm vi triển khai hoàn thành; build/static checks liên quan không lỗi. 2) Test phù hợp và kiểm tra thủ công có bằng chứng; validation, authorization/ownership được kiểm tra nếu áp dụng. 3) Không hardcode secret; Swagger cập nhật nếu đổi API; migration cập nhật nếu đổi DB; README/docs cập nhật nếu cần. 4) Self-review diff/checklist đã làm; acceptance criteria đạt; không còn lỗi Highest/High liên quan chưa xử lý.","4","BACKLOG","MVP-1.0","39","41","131","135","","","","","","","","","","","","","","","",""
"Community Tourism Platform","CTP","38","CTP-38","Story","Quản lý room blocks cho đặt ngoài ứng dụng","Planned Issue Key: CTP-38. Là hộ dân, tôi cần quản lý room blocks cho đặt ngoài ứng dụng để đạt mục tiêu: Quản lý từng phòng vật lý, capacity, ảnh và lịch chặn bên ngoài. Chỉ triển khai phạm vi trong acceptance criteria; thời gian dự kiến đã bao gồm review, test và tài liệu của Story. Scope: MVP. Planned sprint: CTP Sprint 3 - Schedules & Availability. Dependencies (planned keys): CTP-29, CTP-36. Acceptance Criteria: 1) Block có room_id, start_date/end_date DATE và reason; start nhỏ hơn end. 2) Ownership được kiểm tra; lịch nối tiếp ngày trả/nhận không giao nhau. 3) Quy tắc overlap dùng chung với booking; kiểm tra booking thật được tích hợp ở AvailabilityService và concurrency story. 4) API thêm/xóa block giữ audit cần thiết và không sửa booking của khách. Definition of Done (DEV): 1) Phạm vi triển khai hoàn thành; build/static checks liên quan không lỗi. 2) Test phù hợp và kiểm tra thủ công có bằng chứng; validation, authorization/ownership được kiểm tra nếu áp dụng. 3) Không hardcode secret; Swagger cập nhật nếu đổi API; migration cập nhật nếu đổi DB; README/docs cập nhật nếu cần. 4) Self-review diff/checklist đã làm; acceptance criteria đạt; không còn lỗi Highest/High liên quan chưa xử lý.","","CTP-4","4","High","2","","CTP Sprint 3 - Schedules & Availability","MVP","backend","availability","","","BACKEND","1) Block có room_id, start_date/end_date DATE và reason; start nhỏ hơn end. 2) Ownership được kiểm tra; lịch nối tiếp ngày trả/nhận không giao nhau. 3) Quy tắc overlap dùng chung với booking; kiểm tra booking thật được tích hợp ở AvailabilityService và concurrency story. 4) API thêm/xóa block giữ audit cần thiết và không sửa booking của khách.","CTP-29; CTP-36","1) Phạm vi triển khai hoàn thành; build/static checks liên quan không lỗi. 2) Test phù hợp và kiểm tra thủ công có bằng chứng; validation, authorization/ownership được kiểm tra nếu áp dụng. 3) Không hardcode secret; Swagger cập nhật nếu đổi API; migration cập nhật nếu đổi DB; README/docs cập nhật nếu cần. 4) Self-review diff/checklist đã làm; acceptance criteria đạt; không còn lỗi Highest/High liên quan chưa xử lý.","3","BACKLOG","MVP-1.0","39","67","131","187","","","","","","","","","","","","","","","",""
"Community Tourism Platform","CTP","39","CTP-39","Story","AvailabilityService tính phòng trống và suất còn lại","Planned Issue Key: CTP-39. Là người phát triển backend, tôi cần availabilityService tính phòng trống và suất còn lại để đạt mục tiêu: Một nguồn quy tắc khả dụng, khóa tài nguyên và chống bán vượt trên MySQL thật. Chỉ triển khai phạm vi trong acceptance criteria; thời gian dự kiến đã bao gồm review, test và tài liệu của Story. Scope: MVP. Planned sprint: CTP Sprint 3 - Schedules & Availability. Dependencies (planned keys): CTP-37, CTP-38, CTP-22. Acceptance Criteria: 1) Có checkRoomAvailability, checkServiceSlotAvailability, getOccupiedRooms, getRemainingCapacity dùng chung. 2) Chiếm chỗ khi CONFIRMED hoặc PENDING có expires_at > UTC_TIMESTAMP(3); cron không ảnh hưởng kết quả khả dụng. 3) Remaining = capacity - SUM(quantity đang chiếm chỗ), COALESCE về 0; không có bộ đếm booked_quantity. 4) Room check tính cả booking items và blocks; hàm hỗ trợ tx/asOf nội bộ, không nhận thời gian do client quyết định. 5) Đóng slot chỉ chặn bán mới; lượng đã giữ vẫn được tính từ booking. Definition of Done (DEV): 1) Phạm vi triển khai hoàn thành; build/static checks liên quan không lỗi. 2) Test phù hợp và kiểm tra thủ công có bằng chứng; validation, authorization/ownership được kiểm tra nếu áp dụng. 3) Không hardcode secret; Swagger cập nhật nếu đổi API; migration cập nhật nếu đổi DB; README/docs cập nhật nếu cần. 4) Self-review diff/checklist đã làm; acceptance criteria đạt; không còn lỗi Highest/High liên quan chưa xử lý.","","CTP-7","7","Highest","5","","CTP Sprint 3 - Schedules & Availability","MVP","availability","database","prisma","testing","DATABASE","1) Có checkRoomAvailability, checkServiceSlotAvailability, getOccupiedRooms, getRemainingCapacity dùng chung. 2) Chiếm chỗ khi CONFIRMED hoặc PENDING có expires_at > UTC_TIMESTAMP(3); cron không ảnh hưởng kết quả khả dụng. 3) Remaining = capacity - SUM(quantity đang chiếm chỗ), COALESCE về 0; không có bộ đếm booked_quantity. 4) Room check tính cả booking items và blocks; hàm hỗ trợ tx/asOf nội bộ, không nhận thời gian do client quyết định. 5) Đóng slot chỉ chặn bán mới; lượng đã giữ vẫn được tính từ booking.","CTP-37; CTP-38; CTP-22","1) Phạm vi triển khai hoàn thành; build/static checks liên quan không lỗi. 2) Test phù hợp và kiểm tra thủ công có bằng chứng; validation, authorization/ownership được kiểm tra nếu áp dụng. 3) Không hardcode secret; Swagger cập nhật nếu đổi API; migration cập nhật nếu đổi DB; README/docs cập nhật nếu cần. 4) Self-review diff/checklist đã làm; acceptance criteria đạt; không còn lỗi Highest/High liên quan chưa xử lý.","5","BACKLOG","MVP-1.0","40","41","61","133","135","175","","","","","","","","","","","","","",""
"Community Tourism Platform","CTP","40","CTP-40","Story","Khóa tài nguyên và retry trong Prisma transaction","Planned Issue Key: CTP-40. Là người phát triển backend, tôi cần khóa tài nguyên và retry trong Prisma transaction để đạt mục tiêu: Một nguồn quy tắc khả dụng, khóa tài nguyên và chống bán vượt trên MySQL thật. Chỉ triển khai phạm vi trong acceptance criteria; thời gian dự kiến đã bao gồm review, test và tài liệu của Story. Scope: MVP. Planned sprint: CTP Sprint 3 - Schedules & Availability. Dependencies (planned keys): CTP-39, CTP-20. Acceptance Criteria: 1) Interactive transaction READ COMMITTED dùng raw SQL tham số hóa khi cần SELECT FOR UPDATE. 2) Khóa phòng theo ID, rồi slot theo ID và booking hiện hữu; kiểm tra lại sau khi lấy khóa. 3) Không gọi Prisma client ngoài transaction cho thao tác cần nguyên tử; lỗi làm rollback toàn bộ. 4) Retry deadlock tối đa ba lần; hai kết nối MySQL thật chứng minh thứ tự khóa và rollback. Definition of Done (DEV): 1) Phạm vi triển khai hoàn thành; build/static checks liên quan không lỗi. 2) Test phù hợp và kiểm tra thủ công có bằng chứng; validation, authorization/ownership được kiểm tra nếu áp dụng. 3) Không hardcode secret; Swagger cập nhật nếu đổi API; migration cập nhật nếu đổi DB; README/docs cập nhật nếu cần. 4) Self-review diff/checklist đã làm; acceptance criteria đạt; không còn lỗi Highest/High liên quan chưa xử lý.","","CTP-7","7","Highest","5","","CTP Sprint 3 - Schedules & Availability","MVP","availability","database","prisma","testing","DATABASE","1) Interactive transaction READ COMMITTED dùng raw SQL tham số hóa khi cần SELECT FOR UPDATE. 2) Khóa phòng theo ID, rồi slot theo ID và booking hiện hữu; kiểm tra lại sau khi lấy khóa. 3) Không gọi Prisma client ngoài transaction cho thao tác cần nguyên tử; lỗi làm rollback toàn bộ. 4) Retry deadlock tối đa ba lần; hai kết nối MySQL thật chứng minh thứ tự khóa và rollback.","CTP-39; CTP-20","1) Phạm vi triển khai hoàn thành; build/static checks liên quan không lỗi. 2) Test phù hợp và kiểm tra thủ công có bằng chứng; validation, authorization/ownership được kiểm tra nếu áp dụng. 3) Không hardcode secret; Swagger cập nhật nếu đổi API; migration cập nhật nếu đổi DB; README/docs cập nhật nếu cần. 4) Self-review diff/checklist đã làm; acceptance criteria đạt; không còn lỗi Highest/High liên quan chưa xử lý.","5","BACKLOG","MVP-1.0","41","45","49","67","135","143","151","187","","","","","","","","","","","",""
"Community Tourism Platform","CTP","41","CTP-41","Story","Đóng/mở slot và thay đổi capacity an toàn","Planned Issue Key: CTP-41. Là hộ dân, tôi cần đóng/mở slot và thay đổi capacity an toàn để đạt mục tiêu: Slot có OPEN/CLOSED, lịch UTC, capacity và unique thời gian; không lưu booked_quantity. Chỉ triển khai phạm vi trong acceptance criteria; thời gian dự kiến đã bao gồm review, test và tài liệu của Story. Scope: MVP. Planned sprint: CTP Sprint 3 - Schedules & Availability. Dependencies (planned keys): CTP-37, CTP-39, CTP-40. Acceptance Criteria: 1) Hộ APPROVED/user ACTIVE mới mở slot; hộ mất duyệt vẫn được đóng slot của mình. 2) CLOSED chặn booking mới, không xóa booking cũ, không giải phóng hold hay tự hoàn tiền. 3) Capacity không được giảm dưới lượng đang chiếm chỗ; thay đổi chạy trong transaction cùng khóa. 4) Quy tắc xác nhận PENDING cũ của slot CLOSED được cung cấp cho BookingService; getRemainingCapacity vẫn trả sức chứa thực. Definition of Done (DEV): 1) Phạm vi triển khai hoàn thành; build/static checks liên quan không lỗi. 2) Test phù hợp và kiểm tra thủ công có bằng chứng; validation, authorization/ownership được kiểm tra nếu áp dụng. 3) Không hardcode secret; Swagger cập nhật nếu đổi API; migration cập nhật nếu đổi DB; README/docs cập nhật nếu cần. 4) Self-review diff/checklist đã làm; acceptance criteria đạt; không còn lỗi Highest/High liên quan chưa xử lý.","","CTP-6","6","Highest","2","","CTP Sprint 3 - Schedules & Availability","MVP","backend","availability","database","","BACKEND","1) Hộ APPROVED/user ACTIVE mới mở slot; hộ mất duyệt vẫn được đóng slot của mình. 2) CLOSED chặn booking mới, không xóa booking cũ, không giải phóng hold hay tự hoàn tiền. 3) Capacity không được giảm dưới lượng đang chiếm chỗ; thay đổi chạy trong transaction cùng khóa. 4) Quy tắc xác nhận PENDING cũ của slot CLOSED được cung cấp cho BookingService; getRemainingCapacity vẫn trả sức chứa thực.","CTP-37; CTP-39; CTP-40","1) Phạm vi triển khai hoàn thành; build/static checks liên quan không lỗi. 2) Test phù hợp và kiểm tra thủ công có bằng chứng; validation, authorization/ownership được kiểm tra nếu áp dụng. 3) Không hardcode secret; Swagger cập nhật nếu đổi API; migration cập nhật nếu đổi DB; README/docs cập nhật nếu cần. 4) Self-review diff/checklist đã làm; acceptance criteria đạt; không còn lỗi Highest/High liên quan chưa xử lý.","2","BACKLOG","MVP-1.0","43","45","49","61","68","89","139","143","151","175","189","232","","","","","","","",""
"Community Tourism Platform","CTP","42","CTP-42","Story","Flutter hộ: danh sách, form phòng và ảnh","Planned Issue Key: CTP-42. Là hộ dân, tôi cần flutter hộ: danh sách, form phòng và ảnh để đạt mục tiêu: Hộ quản lý phòng, dịch vụ, lịch, đơn, tiền và chi phí theo quyền hiện tại. Chỉ triển khai phạm vi trong acceptance criteria; thời gian dự kiến đã bao gồm review, test và tài liệu của Story. Scope: MVP. Planned sprint: CTP Sprint 3 - Schedules & Availability. Dependencies (planned keys): CTP-34, CTP-29, CTP-28, CTP-27. Acceptance Criteria: 1) Hộ xem/thêm/sửa/ngừng kinh doanh phòng, capacity và giá; upload ảnh qua backend. 2) Hiển thị trạng thái duyệt và lý do không có quyền mở bán. 3) Không có trường số lượng phòng; mỗi form tạo một phòng vật lý. 4) Thử thao tác thật với API, loading/error/validation và tài nguyên hộ khác. Definition of Done (DEV): 1) Phạm vi triển khai hoàn thành; build/static checks liên quan không lỗi. 2) Test phù hợp và kiểm tra thủ công có bằng chứng; validation, authorization/ownership được kiểm tra nếu áp dụng. 3) Không hardcode secret; Swagger cập nhật nếu đổi API; migration cập nhật nếu đổi DB; README/docs cập nhật nếu cần. 4) Self-review diff/checklist đã làm; acceptance criteria đạt; không còn lỗi Highest/High liên quan chưa xử lý.","","CTP-13","13","High","3","","CTP Sprint 3 - Schedules & Availability","MVP","flutter","frontend","booking","","FLUTTER_HOUSEHOLD","1) Hộ xem/thêm/sửa/ngừng kinh doanh phòng, capacity và giá; upload ảnh qua backend. 2) Hiển thị trạng thái duyệt và lý do không có quyền mở bán. 3) Không có trường số lượng phòng; mỗi form tạo một phòng vật lý. 4) Thử thao tác thật với API, loading/error/validation và tài nguyên hộ khác.","CTP-34; CTP-29; CTP-28; CTP-27","1) Phạm vi triển khai hoàn thành; build/static checks liên quan không lỗi. 2) Test phù hợp và kiểm tra thủ công có bằng chứng; validation, authorization/ownership được kiểm tra nếu áp dụng. 3) Không hardcode secret; Swagger cập nhật nếu đổi API; migration cập nhật nếu đổi DB; README/docs cập nhật nếu cần. 4) Self-review diff/checklist đã làm; acceptance criteria đạt; không còn lỗi Highest/High liên quan chưa xử lý.","4","BACKLOG","MVP-1.0","66","67","185","187","","","","","","","","","","","","","","","",""
"Community Tourism Platform","CTP","43","CTP-43","Story","Hoàn thiện ERD và mô tả database","Planned Issue Key: CTP-43. Là sinh viên thực hiện đồ án, tôi cần hoàn thiện ERD và mô tả database để đạt mục tiêu: README, sơ đồ, tài liệu API/DB, báo cáo kiểm thử, hướng dẫn và bảo vệ. Chỉ triển khai phạm vi trong acceptance criteria; thời gian dự kiến đã bao gồm review, test và tài liệu của Story. Scope: MVP. Planned sprint: CTP Sprint 3 - Schedules & Availability. Dependencies (planned keys): CTP-22, CTP-36, CTP-41. Acceptance Criteria: 1) ERD, data dictionary và index mô tả đúng schema hiện tại. 2) Giải thích DATE/UTC, hai loại booking items, unique slot và dữ liệu tiền. 3) Các rule liên bảng nằm ở service/transaction được phân biệt với ràng buộc database. 4) Tài liệu dùng được cho chương phân tích/thiết kế báo cáo. Definition of Done (DOC): 1) Nội dung đúng đặc tả và bản triển khai tương ứng; sơ đồ/bảng/link đọc được và không mâu thuẫn. 2) Hướng dẫn/command/ví dụ được kiểm tra thủ công khi có thể; nguồn và giới hạn được ghi rõ. 3) Không có secret; các thay đổi API/DB trong tài liệu khớp Swagger/migration; không yêu cầu viết code ứng dụng cho task tài liệu. 4) Self-review hoàn tất; tiêu chí build/test/validation/authorization không áp dụng được ghi N/A kèm lý do, không ghi pass giả.","","CTP-18","18","Medium","1","","CTP Sprint 3 - Schedules & Availability","MVP","documentation","","","","DOCUMENTATION","1) ERD, data dictionary và index mô tả đúng schema hiện tại. 2) Giải thích DATE/UTC, hai loại booking items, unique slot và dữ liệu tiền. 3) Các rule liên bảng nằm ở service/transaction được phân biệt với ràng buộc database. 4) Tài liệu dùng được cho chương phân tích/thiết kế báo cáo.","CTP-22; CTP-36; CTP-41","1) Nội dung đúng đặc tả và bản triển khai tương ứng; sơ đồ/bảng/link đọc được và không mâu thuẫn. 2) Hướng dẫn/command/ví dụ được kiểm tra thủ công khi có thể; nguồn và giới hạn được ghi rõ. 3) Không có secret; các thay đổi API/DB trong tài liệu khớp Swagger/migration; không yêu cầu viết code ứng dụng cho task tài liệu. 4) Self-review hoàn tất; tiêu chí build/test/validation/authorization không áp dụng được ghi N/A kèm lý do, không ghi pass giả.","2","BACKLOG","MVP-1.0","80","81","214","216","","","","","","","","","","","","","","","",""
"Community Tourism Platform","CTP","44","CTP-44","Story","Mã booking, price snapshot và tính tổng","Planned Issue Key: CTP-44. Là khách và hộ dân, tôi cần mã booking, price snapshot và tính tổng để đạt mục tiêu: Booking nhiều phòng/dịch vụ, giữ chỗ, định giá, mã đơn và chuyển trạng thái có kiểm soát. Chỉ triển khai phạm vi trong acceptance criteria; thời gian dự kiến đã bao gồm review, test và tài liệu của Story. Scope: MVP. Planned sprint: CTP Sprint 4 - Booking Core. Dependencies (planned keys): CTP-22, CTP-36, CTP-29, CTP-30. Acceptance Criteria: 1) Backend sinh CT-YYYYMMDD-XXXXXX theo ngày tạo tại Việt Nam; unique index; collision retry tối đa năm lần. 2) Snapshot tên, giá, đơn vị, lịch sử dụng; frontend không quyết định total hoặc booking_code. 3) Tổng tiền phòng và dịch vụ tính riêng rồi cộng; không bị nhân dòng JOIN. 4) Test giá đổi sau khi đặt, số đêm, tiền DECIMAL và mô phỏng va chạm mã. Definition of Done (DEV): 1) Phạm vi triển khai hoàn thành; build/static checks liên quan không lỗi. 2) Test phù hợp và kiểm tra thủ công có bằng chứng; validation, authorization/ownership được kiểm tra nếu áp dụng. 3) Không hardcode secret; Swagger cập nhật nếu đổi API; migration cập nhật nếu đổi DB; README/docs cập nhật nếu cần. 4) Self-review diff/checklist đã làm; acceptance criteria đạt; không còn lỗi Highest/High liên quan chưa xử lý.","","CTP-8","8","Highest","3","","CTP Sprint 4 - Booking Core","MVP","booking","backend","availability","","BACKEND","1) Backend sinh CT-YYYYMMDD-XXXXXX theo ngày tạo tại Việt Nam; unique index; collision retry tối đa năm lần. 2) Snapshot tên, giá, đơn vị, lịch sử dụng; frontend không quyết định total hoặc booking_code. 3) Tổng tiền phòng và dịch vụ tính riêng rồi cộng; không bị nhân dòng JOIN. 4) Test giá đổi sau khi đặt, số đêm, tiền DECIMAL và mô phỏng va chạm mã.","CTP-22; CTP-36; CTP-29; CTP-30","1) Phạm vi triển khai hoàn thành; build/static checks liên quan không lỗi. 2) Test phù hợp và kiểm tra thủ công có bằng chứng; validation, authorization/ownership được kiểm tra nếu áp dụng. 3) Không hardcode secret; Swagger cập nhật nếu đổi API; migration cập nhật nếu đổi DB; README/docs cập nhật nếu cần. 4) Self-review diff/checklist đã làm; acceptance criteria đạt; không còn lỗi Highest/High liên quan chưa xử lý.","3","BACKLOG","MVP-1.0","45","143","","","","","","","","","","","","","","","","","",""
"Community Tourism Platform","CTP","45","CTP-45","Story","Tạo booking nhiều phòng và nhiều dịch vụ nguyên tử","Planned Issue Key: CTP-45. Là khách và hộ dân, tôi cần tạo booking nhiều phòng và nhiều dịch vụ nguyên tử để đạt mục tiêu: Booking nhiều phòng/dịch vụ, giữ chỗ, định giá, mã đơn và chuyển trạng thái có kiểm soát. Chỉ triển khai phạm vi trong acceptance criteria; thời gian dự kiến đã bao gồm review, test và tài liệu của Story. Scope: MVP. Planned sprint: CTP Sprint 4 - Booking Core. Dependencies (planned keys): CTP-44, CTP-40, CTP-41, CTP-26, CTP-27. Acceptance Criteria: 1) 0..n rooms, 0..n services nhưng ít nhất một mục; cùng hộ, không trùng phòng/slot và phòng cùng ngày. 2) Tổng khách phòng bằng guestCount; quantity mỗi dịch vụ độc lập, ví dụ 8 khách/4 suất làm bánh hợp lệ. 3) Validate cả start/end local date của dịch vụ trong kỳ lưu trú; service-only bỏ ngày phòng. 4) expiresAt=min(createdAt+24h,earliestItemStart-2h); còn ít nhất 30 phút; dùng thời gian DB sau khóa. 5) Một mục không khả dụng làm rollback toàn bộ; tạo mới yêu cầu hộ APPROVED/user ACTIVE và slot OPEN. Definition of Done (DEV): 1) Phạm vi triển khai hoàn thành; build/static checks liên quan không lỗi. 2) Test phù hợp và kiểm tra thủ công có bằng chứng; validation, authorization/ownership được kiểm tra nếu áp dụng. 3) Không hardcode secret; Swagger cập nhật nếu đổi API; migration cập nhật nếu đổi DB; README/docs cập nhật nếu cần. 4) Self-review diff/checklist đã làm; acceptance criteria đạt; không còn lỗi Highest/High liên quan chưa xử lý.","","CTP-8","8","Highest","5","","CTP Sprint 4 - Booking Core","MVP","booking","backend","availability","","BACKEND","1) 0..n rooms, 0..n services nhưng ít nhất một mục; cùng hộ, không trùng phòng/slot và phòng cùng ngày. 2) Tổng khách phòng bằng guestCount; quantity mỗi dịch vụ độc lập, ví dụ 8 khách/4 suất làm bánh hợp lệ. 3) Validate cả start/end local date của dịch vụ trong kỳ lưu trú; service-only bỏ ngày phòng. 4) expiresAt=min(createdAt+24h,earliestItemStart-2h); còn ít nhất 30 phút; dùng thời gian DB sau khóa. 5) Một mục không khả dụng làm rollback toàn bộ; tạo mới yêu cầu hộ APPROVED/user ACTIVE và slot OPEN.","CTP-44; CTP-40; CTP-41; CTP-26; CTP-27","1) Phạm vi triển khai hoàn thành; build/static checks liên quan không lỗi. 2) Test phù hợp và kiểm tra thủ công có bằng chứng; validation, authorization/ownership được kiểm tra nếu áp dụng. 3) Không hardcode secret; Swagger cập nhật nếu đổi API; migration cập nhật nếu đổi DB; README/docs cập nhật nếu cần. 4) Self-review diff/checklist đã làm; acceptance criteria đạt; không còn lỗi Highest/High liên quan chưa xử lý.","6","BACKLOG","MVP-1.0","46","47","62","145","147","177","","","","","","","","","","","","","",""
"Community Tourism Platform","CTP","46","CTP-46","Story","Chuyển trạng thái đúng actor và hoàn thành đúng một lần","Planned Issue Key: CTP-46. Là khách và hộ dân, tôi cần chuyển trạng thái đúng actor và hoàn thành đúng một lần để đạt mục tiêu: Booking nhiều phòng/dịch vụ, giữ chỗ, định giá, mã đơn và chuyển trạng thái có kiểm soát. Chỉ triển khai phạm vi trong acceptance criteria; thời gian dự kiến đã bao gồm review, test và tài liệu của Story. Scope: MVP. Planned sprint: CTP Sprint 4 - Booking Core. Dependencies (planned keys): CTP-45, CTP-27. Acceptance Criteria: 1) Chỉ các transition đã chốt được phép; Admin không trực tiếp đổi booking status. 2) Khách chỉ hủy toàn đơn trước hạng mục đầu tiên; hộ chỉ complete sau hạng mục cuối cùng. 3) completed_at chỉ set khi CONFIRMED và còn NULL; lặp/race không sửa thời điểm hay nhân lịch sử. 4) Hộ mất duyệt không confirm PENDING nhưng được reject còn hạn, complete đơn cũ khi user ACTIVE; BLOCKED không được ngoại lệ. 5) Slot CLOSED không ngăn confirm đơn PENDING cũ còn hạn nếu hộ APPROVED; kiểm tra không trừ suất hai lần. Definition of Done (DEV): 1) Phạm vi triển khai hoàn thành; build/static checks liên quan không lỗi. 2) Test phù hợp và kiểm tra thủ công có bằng chứng; validation, authorization/ownership được kiểm tra nếu áp dụng. 3) Không hardcode secret; Swagger cập nhật nếu đổi API; migration cập nhật nếu đổi DB; README/docs cập nhật nếu cần. 4) Self-review diff/checklist đã làm; acceptance criteria đạt; không còn lỗi Highest/High liên quan chưa xử lý.","","CTP-8","8","Highest","5","","CTP Sprint 4 - Booking Core","MVP","booking","backend","availability","","BACKEND","1) Chỉ các transition đã chốt được phép; Admin không trực tiếp đổi booking status. 2) Khách chỉ hủy toàn đơn trước hạng mục đầu tiên; hộ chỉ complete sau hạng mục cuối cùng. 3) completed_at chỉ set khi CONFIRMED và còn NULL; lặp/race không sửa thời điểm hay nhân lịch sử. 4) Hộ mất duyệt không confirm PENDING nhưng được reject còn hạn, complete đơn cũ khi user ACTIVE; BLOCKED không được ngoại lệ. 5) Slot CLOSED không ngăn confirm đơn PENDING cũ còn hạn nếu hộ APPROVED; kiểm tra không trừ suất hai lần.","CTP-45; CTP-27","1) Phạm vi triển khai hoàn thành; build/static checks liên quan không lỗi. 2) Test phù hợp và kiểm tra thủ công có bằng chứng; validation, authorization/ownership được kiểm tra nếu áp dụng. 3) Không hardcode secret; Swagger cập nhật nếu đổi API; migration cập nhật nếu đổi DB; README/docs cập nhật nếu cần. 4) Self-review diff/checklist đã làm; acceptance criteria đạt; không còn lỗi Highest/High liên quan chưa xử lý.","5","BACKLOG","MVP-1.0","47","48","51","54","63","69","147","149","155","161","179","191","","","","","","","",""
"Community Tourism Platform","CTP","47","CTP-47","Story","Hết hạn booking không phụ thuộc cron","Planned Issue Key: CTP-47. Là khách và hộ dân, tôi cần hết hạn booking không phụ thuộc cron để đạt mục tiêu: Booking nhiều phòng/dịch vụ, giữ chỗ, định giá, mã đơn và chuyển trạng thái có kiểm soát. Chỉ triển khai phạm vi trong acceptance criteria; thời gian dự kiến đã bao gồm review, test và tài liệu của Story. Scope: MVP. Planned sprint: CTP Sprint 4 - Booking Core. Dependencies (planned keys): CTP-45, CTP-46. Acceptance Criteria: 1) Đơn PENDING với expires_at <= UTC_TIMESTAMP(3) không chiếm chỗ và API hiển thị EXPIRED hiệu lực. 2) Tác vụ SYSTEM cập nhật trạng thái/lịch sử an toàn, chạy lặp không sinh bản ghi trùng. 3) Không cho confirm đơn đã hết hạn dù cron chưa chạy. 4) Test đúng mốc expiry, 30 phút, buffer 2 giờ và race confirm/expire. Definition of Done (DEV): 1) Phạm vi triển khai hoàn thành; build/static checks liên quan không lỗi. 2) Test phù hợp và kiểm tra thủ công có bằng chứng; validation, authorization/ownership được kiểm tra nếu áp dụng. 3) Không hardcode secret; Swagger cập nhật nếu đổi API; migration cập nhật nếu đổi DB; README/docs cập nhật nếu cần. 4) Self-review diff/checklist đã làm; acceptance criteria đạt; không còn lỗi Highest/High liên quan chưa xử lý.","","CTP-8","8","Highest","2","","CTP Sprint 4 - Booking Core","MVP","booking","backend","availability","","BACKEND","1) Đơn PENDING với expires_at <= UTC_TIMESTAMP(3) không chiếm chỗ và API hiển thị EXPIRED hiệu lực. 2) Tác vụ SYSTEM cập nhật trạng thái/lịch sử an toàn, chạy lặp không sinh bản ghi trùng. 3) Không cho confirm đơn đã hết hạn dù cron chưa chạy. 4) Test đúng mốc expiry, 30 phút, buffer 2 giờ và race confirm/expire.","CTP-45; CTP-46","1) Phạm vi triển khai hoàn thành; build/static checks liên quan không lỗi. 2) Test phù hợp và kiểm tra thủ công có bằng chứng; validation, authorization/ownership được kiểm tra nếu áp dụng. 3) Không hardcode secret; Swagger cập nhật nếu đổi API; migration cập nhật nếu đổi DB; README/docs cập nhật nếu cần. 4) Self-review diff/checklist đã làm; acceptance criteria đạt; không còn lỗi Highest/High liên quan chưa xử lý.","2","BACKLOG","MVP-1.0","48","63","69","149","179","191","","","","","","","","","","","","","",""
"Community Tourism Platform","CTP","48","CTP-48","Story","Lịch sử và chi tiết booking theo vai trò","Planned Issue Key: CTP-48. Là khách và hộ dân, tôi cần lịch sử và chi tiết booking theo vai trò để đạt mục tiêu: Booking nhiều phòng/dịch vụ, giữ chỗ, định giá, mã đơn và chuyển trạng thái có kiểm soát. Chỉ triển khai phạm vi trong acceptance criteria; thời gian dự kiến đã bao gồm review, test và tài liệu của Story. Scope: MVP. Planned sprint: CTP Sprint 4 - Booking Core. Dependencies (planned keys): CTP-46, CTP-47. Acceptance Criteria: 1) Khách xem đơn của mình; hộ xem đơn của hộ; Admin xem tổng quan theo quyền. 2) Chi tiết có hai loại item, snapshot, tiền, expiresAt, completedAt và lịch sử trạng thái. 3) List có filter trạng thái/pagination; trạng thái EXPIRED hiệu lực nhất quán. 4) Không có API chỉnh tự do booking_status hoặc sửa items sau tạo. Definition of Done (DEV): 1) Phạm vi triển khai hoàn thành; build/static checks liên quan không lỗi. 2) Test phù hợp và kiểm tra thủ công có bằng chứng; validation, authorization/ownership được kiểm tra nếu áp dụng. 3) Không hardcode secret; Swagger cập nhật nếu đổi API; migration cập nhật nếu đổi DB; README/docs cập nhật nếu cần. 4) Self-review diff/checklist đã làm; acceptance criteria đạt; không còn lỗi Highest/High liên quan chưa xử lý.","","CTP-8","8","High","2","","CTP Sprint 4 - Booking Core","MVP","booking","backend","availability","","BACKEND","1) Khách xem đơn của mình; hộ xem đơn của hộ; Admin xem tổng quan theo quyền. 2) Chi tiết có hai loại item, snapshot, tiền, expiresAt, completedAt và lịch sử trạng thái. 3) List có filter trạng thái/pagination; trạng thái EXPIRED hiệu lực nhất quán. 4) Không có API chỉnh tự do booking_status hoặc sửa items sau tạo.","CTP-46; CTP-47","1) Phạm vi triển khai hoàn thành; build/static checks liên quan không lỗi. 2) Test phù hợp và kiểm tra thủ công có bằng chứng; validation, authorization/ownership được kiểm tra nếu áp dụng. 3) Không hardcode secret; Swagger cập nhật nếu đổi API; migration cập nhật nếu đổi DB; README/docs cập nhật nếu cần. 4) Self-review diff/checklist đã làm; acceptance criteria đạt; không còn lỗi Highest/High liên quan chưa xử lý.","2","BACKLOG","MVP-1.0","49","53","55","62","69","151","159","163","177","191","","","","","","","","","",""
"Community Tourism Platform","CTP","49","CTP-49","Story","Chứng minh chống đặt trùng trên MySQL thật","Planned Issue Key: CTP-49. Là người kiểm thử, tôi cần chứng minh chống đặt trùng trên MySQL thật để đạt mục tiêu: Bằng chứng kiểm thử cho bảo mật, booking, concurrency, thời gian, tiền và luồng liên ứng dụng. Chỉ triển khai phạm vi trong acceptance criteria; thời gian dự kiến đã bao gồm review, test và tài liệu của Story. Scope: MVP. Planned sprint: CTP Sprint 4 - Booking Core. Dependencies (planned keys): CTP-48, CTP-40, CTP-41. Acceptance Criteria: 1) Hai request tranh cùng phòng chỉ một request đặt thành công; slot không vượt capacity. 2) Tạo block đồng thời với booking không cùng chiếm một phòng; ngày nối tiếp được phép. 3) Đơn nhiều mục thất bại không để lại một phần hold; PENDING hết hạn không chiếm chỗ khi cron dừng. 4) Confirm/reject/expire/complete đồng thời giữ state hợp lệ; completed_at chỉ ghi một lần. 5) Lưu command, fixtures và báo cáo kết quả; không thay MySQL bằng SQLite/in-memory để chứng minh locking. Definition of Done (QA): 1) Kịch bản, fixture và bằng chứng kiểm thử hoàn thành; môi trường/phiên bản và lệnh tái hiện được ghi rõ. 2) Các case trong phạm vi pass; lỗi phát hiện có issue/liên kết và retest; build liên quan không lỗi. 3) Các tiêu chí validation, authorization, secret, Swagger, migration và docs được kiểm tra theo phạm vi; N/A phải có lý do. 4) Kiểm tra thủ công hoàn thành; không dùng mock/in-memory để kết luận concurrency MySQL đạt.","","CTP-16","16","Highest","5","","CTP Sprint 4 - Booking Core","MVP","testing","security","booking","","TESTING","1) Hai request tranh cùng phòng chỉ một request đặt thành công; slot không vượt capacity. 2) Tạo block đồng thời với booking không cùng chiếm một phòng; ngày nối tiếp được phép. 3) Đơn nhiều mục thất bại không để lại một phần hold; PENDING hết hạn không chiếm chỗ khi cron dừng. 4) Confirm/reject/expire/complete đồng thời giữ state hợp lệ; completed_at chỉ ghi một lần. 5) Lưu command, fixtures và báo cáo kết quả; không thay MySQL bằng SQLite/in-memory để chứng minh locking.","CTP-48; CTP-40; CTP-41","1) Kịch bản, fixture và bằng chứng kiểm thử hoàn thành; môi trường/phiên bản và lệnh tái hiện được ghi rõ. 2) Các case trong phạm vi pass; lỗi phát hiện có issue/liên kết và retest; build liên quan không lỗi. 3) Các tiêu chí validation, authorization, secret, Swagger, migration và docs được kiểm tra theo phạm vi; N/A phải có lý do. 4) Kiểm tra thủ công hoàn thành; không dùng mock/in-memory để kết luận concurrency MySQL đạt.","6","BACKLOG","MVP-1.0","50","75","153","203","","","","","","","","","","","","","","","",""
"Community Tourism Platform","CTP","50","CTP-50","Story","Tài liệu API và sơ đồ nghiệp vụ booking","Planned Issue Key: CTP-50. Là sinh viên thực hiện đồ án, tôi cần tài liệu API và sơ đồ nghiệp vụ booking để đạt mục tiêu: README, sơ đồ, tài liệu API/DB, báo cáo kiểm thử, hướng dẫn và bảo vệ. Chỉ triển khai phạm vi trong acceptance criteria; thời gian dự kiến đã bao gồm review, test và tài liệu của Story. Scope: MVP. Planned sprint: CTP Sprint 4 - Booking Core. Dependencies (planned keys): CTP-49. Acceptance Criteria: 1) Swagger nêu body nhiều phòng/dịch vụ, các lỗi 400/403/409 và phản hồi danh sách/chi tiết. 2) Activity/sequence diagrams thể hiện khóa, rollback, expiry và actor chuyển trạng thái. 3) README có ví dụ booking service-only, room-only, combined và lịch qua đêm. 4) Traceability liên kết rule quan trọng với test; không mô tả partial cancellation. Definition of Done (DOC): 1) Nội dung đúng đặc tả và bản triển khai tương ứng; sơ đồ/bảng/link đọc được và không mâu thuẫn. 2) Hướng dẫn/command/ví dụ được kiểm tra thủ công khi có thể; nguồn và giới hạn được ghi rõ. 3) Không có secret; các thay đổi API/DB trong tài liệu khớp Swagger/migration; không yêu cầu viết code ứng dụng cho task tài liệu. 4) Self-review hoàn tất; tiêu chí build/test/validation/authorization không áp dụng được ghi N/A kèm lý do, không ghi pass giả.","","CTP-18","18","High","2","","CTP Sprint 4 - Booking Core","MVP","documentation","","","","DOCUMENTATION","1) Swagger nêu body nhiều phòng/dịch vụ, các lỗi 400/403/409 và phản hồi danh sách/chi tiết. 2) Activity/sequence diagrams thể hiện khóa, rollback, expiry và actor chuyển trạng thái. 3) README có ví dụ booking service-only, room-only, combined và lịch qua đêm. 4) Traceability liên kết rule quan trọng với test; không mô tả partial cancellation.","CTP-49","1) Nội dung đúng đặc tả và bản triển khai tương ứng; sơ đồ/bảng/link đọc được và không mâu thuẫn. 2) Hướng dẫn/command/ví dụ được kiểm tra thủ công khi có thể; nguồn và giới hạn được ghi rõ. 3) Không có secret; các thay đổi API/DB trong tài liệu khớp Swagger/migration; không yêu cầu viết code ứng dụng cho task tài liệu. 4) Self-review hoàn tất; tiêu chí build/test/validation/authorization không áp dụng được ghi N/A kèm lý do, không ghi pass giả.","2","BACKLOG","MVP-1.0","80","214","","","","","","","","","","","","","","","","","",""
"Community Tourism Platform","CTP","51","CTP-51","Story","Ghi sổ thu/hoàn tiền thủ công và trạng thái thanh toán","Planned Issue Key: CTP-51. Là hộ dân, tôi cần ghi sổ thu/hoàn tiền thủ công và trạng thái thanh toán để đạt mục tiêu: Sổ thu/hoàn thủ công, idempotency, chống thu vượt và bảo toàn lịch sử tiền. Chỉ triển khai phạm vi trong acceptance criteria; thời gian dự kiến đã bao gồm review, test và tài liệu của Story. Scope: MVP. Planned sprint: CTP Sprint 5 - Finance, Review & Admin. Dependencies (planned keys): CTP-46, CTP-22. Acceptance Criteria: 1) Ledger chỉ ghi RECEIPT/REFUND, amount dương, confirmed_by từ token; không sửa/xóa entry đã xác nhận. 2) Ghi nhận CASH, BANK_TRANSFER hoặc QR như phương thức ngoài hệ thống; QR không tự xác minh ngân hàng, không có gateway/webhook thật. 3) Thu cho CONFIRMED/COMPLETED không vượt số còn phải trả; hoàn cho CANCELLED không vượt số đã nhận. 4) SUM chỉ tính giao dịch CONFIRMED; UNPAID/PARTIALLY_PAID/PAID/REFUND_PENDING/REFUNDED được cập nhật cùng transaction. 5) Ví dụ nhận 500000 + 300000, hoàn 200000 cho netReceived 600000; hộ mất duyệt vẫn xử lý đơn cũ đúng quyền. Definition of Done (DEV): 1) Phạm vi triển khai hoàn thành; build/static checks liên quan không lỗi. 2) Test phù hợp và kiểm tra thủ công có bằng chứng; validation, authorization/ownership được kiểm tra nếu áp dụng. 3) Không hardcode secret; Swagger cập nhật nếu đổi API; migration cập nhật nếu đổi DB; README/docs cập nhật nếu cần. 4) Self-review diff/checklist đã làm; acceptance criteria đạt; không còn lỗi Highest/High liên quan chưa xử lý.","","CTP-9","9","Highest","3","","CTP Sprint 5 - Finance, Review & Admin","MVP","payment","backend","database","","BACKEND","1) Ledger chỉ ghi RECEIPT/REFUND, amount dương, confirmed_by từ token; không sửa/xóa entry đã xác nhận. 2) Ghi nhận CASH, BANK_TRANSFER hoặc QR như phương thức ngoài hệ thống; QR không tự xác minh ngân hàng, không có gateway/webhook thật. 3) Thu cho CONFIRMED/COMPLETED không vượt số còn phải trả; hoàn cho CANCELLED không vượt số đã nhận. 4) SUM chỉ tính giao dịch CONFIRMED; UNPAID/PARTIALLY_PAID/PAID/REFUND_PENDING/REFUNDED được cập nhật cùng transaction. 5) Ví dụ nhận 500000 + 300000, hoàn 200000 cho netReceived 600000; hộ mất duyệt vẫn xử lý đơn cũ đúng quyền.","CTP-46; CTP-22","1) Phạm vi triển khai hoàn thành; build/static checks liên quan không lỗi. 2) Test phù hợp và kiểm tra thủ công có bằng chứng; validation, authorization/ownership được kiểm tra nếu áp dụng. 3) Không hardcode secret; Swagger cập nhật nếu đổi API; migration cập nhật nếu đổi DB; README/docs cập nhật nếu cần. 4) Self-review diff/checklist đã làm; acceptance criteria đạt; không còn lỗi Highest/High liên quan chưa xử lý.","4","BACKLOG","MVP-1.0","52","157","","","","","","","","","","","","","","","","","",""
"Community Tourism Platform","CTP","52","CTP-52","Story","Chống ghi tiền trùng và thu vượt khi đồng thời","Planned Issue Key: CTP-52. Là hộ dân, tôi cần chống ghi tiền trùng và thu vượt khi đồng thời để đạt mục tiêu: Sổ thu/hoàn thủ công, idempotency, chống thu vượt và bảo toàn lịch sử tiền. Chỉ triển khai phạm vi trong acceptance criteria; thời gian dự kiến đã bao gồm review, test và tài liệu của Story. Scope: MVP. Planned sprint: CTP Sprint 5 - Finance, Review & Admin. Dependencies (planned keys): CTP-51. Acceptance Criteria: 1) POST payments bắt buộc Idempotency-Key; unique(confirmed_by,idempotency_key) và hash payload chuẩn hóa gồm booking/type/amount/method/note. 2) Cùng key/cùng payload trả entry cũ, kiểm tra replay trước business validation; khác payload trả 409. 3) Hai key khác nhau vẫn khóa booking để không overpayment/over-refund. 4) Ledger và payment_status nguyên tử; lỗi rollback không để entry hoặc cache lệch. 5) Test retry do mạng, cùng key đồng thời, khác booking cùng key và hai khoản tranh số dư trên MySQL thật. Definition of Done (DEV): 1) Phạm vi triển khai hoàn thành; build/static checks liên quan không lỗi. 2) Test phù hợp và kiểm tra thủ công có bằng chứng; validation, authorization/ownership được kiểm tra nếu áp dụng. 3) Không hardcode secret; Swagger cập nhật nếu đổi API; migration cập nhật nếu đổi DB; README/docs cập nhật nếu cần. 4) Self-review diff/checklist đã làm; acceptance criteria đạt; không còn lỗi Highest/High liên quan chưa xử lý.","","CTP-9","9","Highest","5","","CTP Sprint 5 - Finance, Review & Admin","MVP","payment","backend","database","","BACKEND","1) POST payments bắt buộc Idempotency-Key; unique(confirmed_by,idempotency_key) và hash payload chuẩn hóa gồm booking/type/amount/method/note. 2) Cùng key/cùng payload trả entry cũ, kiểm tra replay trước business validation; khác payload trả 409. 3) Hai key khác nhau vẫn khóa booking để không overpayment/over-refund. 4) Ledger và payment_status nguyên tử; lỗi rollback không để entry hoặc cache lệch. 5) Test retry do mạng, cùng key đồng thời, khác booking cùng key và hai khoản tranh số dư trên MySQL thật.","CTP-51","1) Phạm vi triển khai hoàn thành; build/static checks liên quan không lỗi. 2) Test phù hợp và kiểm tra thủ công có bằng chứng; validation, authorization/ownership được kiểm tra nếu áp dụng. 3) Không hardcode secret; Swagger cập nhật nếu đổi API; migration cập nhật nếu đổi DB; README/docs cập nhật nếu cần. 4) Self-review diff/checklist đã làm; acceptance criteria đạt; không còn lỗi Highest/High liên quan chưa xử lý.","5","BACKLOG","MVP-1.0","53","65","70","159","183","193","","","","","","","","","","","","","",""
"Community Tourism Platform","CTP","53","CTP-53","Story","Ghi chi phí và API tài chính/thống kê cơ bản","Planned Issue Key: CTP-53. Là hộ dân, tôi cần ghi chi phí và API tài chính/thống kê cơ bản để đạt mục tiêu: Chi phí và các chỉ số tài chính không cộng trùng booking với sổ tiền. Chỉ triển khai phạm vi trong acceptance criteria; thời gian dự kiến đã bao gồm review, test và tài liệu của Story. Scope: MVP. Planned sprint: CTP Sprint 5 - Finance, Review & Admin. Dependencies (planned keys): CTP-52, CTP-48. Acceptance Criteria: 1) Hộ thêm/xem chi phí của mình theo ngày/tháng; chưa sửa/xóa chi phí trong MVP. 2) Phân biệt giá trị đơn COMPLETED với tiền thực thu, hoàn tiền, netReceived và chi phí; không ghi thêm income trùng ledger. 3) Khách thực tế chỉ COMPLETED theo completed_at; khách dự kiến CONFIRMED theo earliest item start; mỗi đơn cộng guestCount một lần. 4) Ranh giới kỳ theo Asia/Ho_Chi_Minh; tiền theo ngày giao dịch; dữ liệu đổi trạng thái không làm mất lịch sử. 5) Test JOIN nhiều phòng/dịch vụ không nhân tổng tiền/số khách. Definition of Done (DEV): 1) Phạm vi triển khai hoàn thành; build/static checks liên quan không lỗi. 2) Test phù hợp và kiểm tra thủ công có bằng chứng; validation, authorization/ownership được kiểm tra nếu áp dụng. 3) Không hardcode secret; Swagger cập nhật nếu đổi API; migration cập nhật nếu đổi DB; README/docs cập nhật nếu cần. 4) Self-review diff/checklist đã làm; acceptance criteria đạt; không còn lỗi Highest/High liên quan chưa xử lý.","","CTP-10","10","High","3","","CTP Sprint 5 - Finance, Review & Admin","MVP","payment","backend","","","BACKEND","1) Hộ thêm/xem chi phí của mình theo ngày/tháng; chưa sửa/xóa chi phí trong MVP. 2) Phân biệt giá trị đơn COMPLETED với tiền thực thu, hoàn tiền, netReceived và chi phí; không ghi thêm income trùng ledger. 3) Khách thực tế chỉ COMPLETED theo completed_at; khách dự kiến CONFIRMED theo earliest item start; mỗi đơn cộng guestCount một lần. 4) Ranh giới kỳ theo Asia/Ho_Chi_Minh; tiền theo ngày giao dịch; dữ liệu đổi trạng thái không làm mất lịch sử. 5) Test JOIN nhiều phòng/dịch vụ không nhân tổng tiền/số khách.","CTP-52; CTP-48","1) Phạm vi triển khai hoàn thành; build/static checks liên quan không lỗi. 2) Test phù hợp và kiểm tra thủ công có bằng chứng; validation, authorization/ownership được kiểm tra nếu áp dụng. 3) Không hardcode secret; Swagger cập nhật nếu đổi API; migration cập nhật nếu đổi DB; README/docs cập nhật nếu cần. 4) Self-review diff/checklist đã làm; acceptance criteria đạt; không còn lỗi Highest/High liên quan chưa xử lý.","4","BACKLOG","MVP-1.0","55","66","71","84","86","163","185","195","222","226","","","","","","","","","",""
"Community Tourism Platform","CTP","54","CTP-54","Story","Review tổng thể hộ dân sau booking hoàn thành","Planned Issue Key: CTP-54. Là khách du lịch, tôi cần review tổng thể hộ dân sau booking hoàn thành để đạt mục tiêu: Một review tổng thể hộ dân cho mỗi booking đã hoàn thành. Chỉ triển khai phạm vi trong acceptance criteria; thời gian dự kiến đã bao gồm review, test và tài liệu của Story. Scope: MVP. Planned sprint: CTP Sprint 5 - Finance, Review & Admin. Dependencies (planned keys): CTP-46, CTP-31. Acceptance Criteria: 1) Chỉ chủ booking COMPLETED được review, rating nguyên 1–5; customer/household lấy từ booking. 2) UNIQUE booking_id ngăn review lặp kể cả đồng thời; comment validate và hiển thị an toàn. 3) API household reviews trả danh sách, average rating và total reviews. 4) Không review riêng từng room/service; test booking chưa complete, khác chủ và rating sai. Definition of Done (DEV): 1) Phạm vi triển khai hoàn thành; build/static checks liên quan không lỗi. 2) Test phù hợp và kiểm tra thủ công có bằng chứng; validation, authorization/ownership được kiểm tra nếu áp dụng. 3) Không hardcode secret; Swagger cập nhật nếu đổi API; migration cập nhật nếu đổi DB; README/docs cập nhật nếu cần. 4) Self-review diff/checklist đã làm; acceptance criteria đạt; không còn lỗi Highest/High liên quan chưa xử lý.","","CTP-11","11","Medium","2","","CTP Sprint 5 - Finance, Review & Admin","MVP","backend","security","","","BACKEND","1) Chỉ chủ booking COMPLETED được review, rating nguyên 1–5; customer/household lấy từ booking. 2) UNIQUE booking_id ngăn review lặp kể cả đồng thời; comment validate và hiển thị an toàn. 3) API household reviews trả danh sách, average rating và total reviews. 4) Không review riêng từng room/service; test booking chưa complete, khác chủ và rating sai.","CTP-46; CTP-31","1) Phạm vi triển khai hoàn thành; build/static checks liên quan không lỗi. 2) Test phù hợp và kiểm tra thủ công có bằng chứng; validation, authorization/ownership được kiểm tra nếu áp dụng. 3) Không hardcode secret; Swagger cập nhật nếu đổi API; migration cập nhật nếu đổi DB; README/docs cập nhật nếu cần. 4) Self-review diff/checklist đã làm; acceptance criteria đạt; không còn lỗi Highest/High liên quan chưa xử lý.","2","BACKLOG","MVP-1.0","55","60","64","88","163","173","181","230","","","","","","","","","","","",""
"Community Tourism Platform","CTP","55","CTP-55","Story","Admin xem booking, dịch vụ, review và dashboard","Planned Issue Key: CTP-55. Là quản trị viên, tôi cần admin xem booking, dịch vụ, review và dashboard để đạt mục tiêu: Admin quản lý tài khoản, duyệt hộ, xem booking, nội dung và thống kê; không sửa trạng thái booking. Chỉ triển khai phạm vi trong acceptance criteria; thời gian dự kiến đã bao gồm review, test và tài liệu của Story. Scope: MVP. Planned sprint: CTP Sprint 5 - Finance, Review & Admin. Dependencies (planned keys): CTP-33, CTP-48, CTP-53, CTP-54. Acceptance Criteria: 1) Admin có danh sách/detail booking, dịch vụ và review, filter/pagination cơ bản. 2) Dashboard có tổng user/hộ, hộ chờ duyệt, booking và giá trị đơn/thu tiền có nhãn rõ. 3) Khách thực tế và khách dự kiến tách riêng; có một biểu đồ tổng hợp đơn giản. 4) Không có UI/API cho Admin đổi booking status; test quyền Admin và thống kê không nhân JOIN. 5) Moderation review nâng cao và biểu đồ phân tích sâu được đánh dấu Post-MVP. Definition of Done (DEV): 1) Phạm vi triển khai hoàn thành; build/static checks liên quan không lỗi. 2) Test phù hợp và kiểm tra thủ công có bằng chứng; validation, authorization/ownership được kiểm tra nếu áp dụng. 3) Không hardcode secret; Swagger cập nhật nếu đổi API; migration cập nhật nếu đổi DB; README/docs cập nhật nếu cần. 4) Self-review diff/checklist đã làm; acceptance criteria đạt; không còn lỗi Highest/High liên quan chưa xử lý.","","CTP-14","14","High","3","","CTP Sprint 5 - Finance, Review & Admin","MVP","react","frontend","security","","ADMIN_WEB","1) Admin có danh sách/detail booking, dịch vụ và review, filter/pagination cơ bản. 2) Dashboard có tổng user/hộ, hộ chờ duyệt, booking và giá trị đơn/thu tiền có nhãn rõ. 3) Khách thực tế và khách dự kiến tách riêng; có một biểu đồ tổng hợp đơn giản. 4) Không có UI/API cho Admin đổi booking status; test quyền Admin và thống kê không nhân JOIN. 5) Moderation review nâng cao và biểu đồ phân tích sâu được đánh dấu Post-MVP.","CTP-33; CTP-48; CTP-53; CTP-54","1) Phạm vi triển khai hoàn thành; build/static checks liên quan không lỗi. 2) Test phù hợp và kiểm tra thủ công có bằng chứng; validation, authorization/ownership được kiểm tra nếu áp dụng. 3) Không hardcode secret; Swagger cập nhật nếu đổi API; migration cập nhật nếu đổi DB; README/docs cập nhật nếu cần. 4) Self-review diff/checklist đã làm; acceptance criteria đạt; không còn lỗi Highest/High liên quan chưa xử lý.","4","BACKLOG","MVP-1.0","72","84","88","197","222","230","","","","","","","","","","","","","",""
"Community Tourism Platform","CTP","56","CTP-56","Story","API bài viết văn hóa và trạng thái xuất bản","Planned Issue Key: CTP-56. Là người quản lý nội dung, tôi cần aPI bài viết văn hóa và trạng thái xuất bản để đạt mục tiêu: Nội dung văn hóa có nháp/xuất bản, ảnh, video URL và hiển thị cho khách. Chỉ triển khai phạm vi trong acceptance criteria; thời gian dự kiến đã bao gồm review, test và tài liệu của Story. Scope: MVP. Planned sprint: CTP Sprint 5 - Finance, Review & Admin. Dependencies (planned keys): CTP-26, CTP-28. Acceptance Criteria: 1) Admin CRUD title/content/thumbnail/video URL và trạng thái DRAFT/PUBLISHED. 2) Khách chỉ đọc bài PUBLISHED; hộ/khách không gọi được API quản trị nội dung. 3) Validate/sanitize nội dung và URL; ảnh qua Express/Cloudinary. 4) Public list/detail có pagination; video URL được lưu và mở liên kết, chưa nhúng player nâng cao. Definition of Done (DEV): 1) Phạm vi triển khai hoàn thành; build/static checks liên quan không lỗi. 2) Test phù hợp và kiểm tra thủ công có bằng chứng; validation, authorization/ownership được kiểm tra nếu áp dụng. 3) Không hardcode secret; Swagger cập nhật nếu đổi API; migration cập nhật nếu đổi DB; README/docs cập nhật nếu cần. 4) Self-review diff/checklist đã làm; acceptance criteria đạt; không còn lỗi Highest/High liên quan chưa xử lý.","","CTP-15","15","Medium","2","","CTP Sprint 5 - Finance, Review & Admin","MVP","backend","frontend","","","BACKEND","1) Admin CRUD title/content/thumbnail/video URL và trạng thái DRAFT/PUBLISHED. 2) Khách chỉ đọc bài PUBLISHED; hộ/khách không gọi được API quản trị nội dung. 3) Validate/sanitize nội dung và URL; ảnh qua Express/Cloudinary. 4) Public list/detail có pagination; video URL được lưu và mở liên kết, chưa nhúng player nâng cao.","CTP-26; CTP-28","1) Phạm vi triển khai hoàn thành; build/static checks liên quan không lỗi. 2) Test phù hợp và kiểm tra thủ công có bằng chứng; validation, authorization/ownership được kiểm tra nếu áp dụng. 3) Không hardcode secret; Swagger cập nhật nếu đổi API; migration cập nhật nếu đổi DB; README/docs cập nhật nếu cần. 4) Self-review diff/checklist đã làm; acceptance criteria đạt; không còn lỗi Highest/High liên quan chưa xử lý.","3","BACKLOG","MVP-1.0","72","73","197","199","","","","","","","","","","","","","","","",""
"Community Tourism Platform","CTP","57","CTP-57","Story","Flutter hộ: form dịch vụ và ảnh","Planned Issue Key: CTP-57. Là hộ dân, tôi cần flutter hộ: form dịch vụ và ảnh để đạt mục tiêu: Hộ quản lý phòng, dịch vụ, lịch, đơn, tiền và chi phí theo quyền hiện tại. Chỉ triển khai phạm vi trong acceptance criteria; thời gian dự kiến đã bao gồm review, test và tài liệu của Story. Scope: MVP. Planned sprint: CTP Sprint 5 - Finance, Review & Admin. Dependencies (planned keys): CTP-34, CTP-30, CTP-28, CTP-27. Acceptance Criteria: 1) Hộ xem/thêm/sửa/ngừng kinh doanh dịch vụ, giá và đơn vị suất/người/nhóm. 2) Chọn danh mục từ API; không nhập capacity slot tại form dịch vụ. 3) Upload ảnh qua backend, xử lý lỗi và hiển thị quyền theo trạng thái duyệt. 4) Không đưa Cloudinary secret vào app; thử thao tác thật trên Android. Definition of Done (DEV): 1) Phạm vi triển khai hoàn thành; build/static checks liên quan không lỗi. 2) Test phù hợp và kiểm tra thủ công có bằng chứng; validation, authorization/ownership được kiểm tra nếu áp dụng. 3) Không hardcode secret; Swagger cập nhật nếu đổi API; migration cập nhật nếu đổi DB; README/docs cập nhật nếu cần. 4) Self-review diff/checklist đã làm; acceptance criteria đạt; không còn lỗi Highest/High liên quan chưa xử lý.","","CTP-13","13","High","3","","CTP Sprint 5 - Finance, Review & Admin","MVP","flutter","frontend","booking","","FLUTTER_HOUSEHOLD","1) Hộ xem/thêm/sửa/ngừng kinh doanh dịch vụ, giá và đơn vị suất/người/nhóm. 2) Chọn danh mục từ API; không nhập capacity slot tại form dịch vụ. 3) Upload ảnh qua backend, xử lý lỗi và hiển thị quyền theo trạng thái duyệt. 4) Không đưa Cloudinary secret vào app; thử thao tác thật trên Android.","CTP-34; CTP-30; CTP-28; CTP-27","1) Phạm vi triển khai hoàn thành; build/static checks liên quan không lỗi. 2) Test phù hợp và kiểm tra thủ công có bằng chứng; validation, authorization/ownership được kiểm tra nếu áp dụng. 3) Không hardcode secret; Swagger cập nhật nếu đổi API; migration cập nhật nếu đổi DB; README/docs cập nhật nếu cần. 4) Self-review diff/checklist đã làm; acceptance criteria đạt; không còn lỗi Highest/High liên quan chưa xử lý.","4","BACKLOG","MVP-1.0","66","68","185","189","","","","","","","","","","","","","","","",""
"Community Tourism Platform","CTP","58","CTP-58","Story","Flutter khách: đăng nhập, đăng ký và phiên người dùng","Planned Issue Key: CTP-58. Là khách du lịch, tôi cần flutter khách: đăng nhập, đăng ký và phiên người dùng để đạt mục tiêu: Khách khám phá, đặt riêng/kết hợp, xem lịch sử, hủy, review và quản lý tài khoản. Chỉ triển khai phạm vi trong acceptance criteria; thời gian dự kiến đã bao gồm review, test và tài liệu của Story. Scope: MVP. Planned sprint: CTP Sprint 6 - Flutter Customer. Dependencies (planned keys): CTP-34, CTP-35, CTP-26. Acceptance Criteria: 1) Login/register CUSTOMER và đăng ký HOUSEHOLD dùng API thật, hiển thị lỗi rõ. 2) Splash xác định phiên/role và đưa đúng giao diện; hộ chờ duyệt vẫn đăng nhập được. 3) Token lưu an toàn, logout xóa token; user bị block mất quyền khi API trả 403. 4) Không tự cấp quyền ADMIN từ UI hoặc body đăng ký. Definition of Done (DEV): 1) Phạm vi triển khai hoàn thành; build/static checks liên quan không lỗi. 2) Test phù hợp và kiểm tra thủ công có bằng chứng; validation, authorization/ownership được kiểm tra nếu áp dụng. 3) Không hardcode secret; Swagger cập nhật nếu đổi API; migration cập nhật nếu đổi DB; README/docs cập nhật nếu cần. 4) Self-review diff/checklist đã làm; acceptance criteria đạt; không còn lỗi Highest/High liên quan chưa xử lý.","","CTP-12","12","High","3","","CTP Sprint 6 - Flutter Customer","MVP","flutter","frontend","booking","","FLUTTER_CUSTOMER","1) Login/register CUSTOMER và đăng ký HOUSEHOLD dùng API thật, hiển thị lỗi rõ. 2) Splash xác định phiên/role và đưa đúng giao diện; hộ chờ duyệt vẫn đăng nhập được. 3) Token lưu an toàn, logout xóa token; user bị block mất quyền khi API trả 403. 4) Không tự cấp quyền ADMIN từ UI hoặc body đăng ký.","CTP-34; CTP-35; CTP-26","1) Phạm vi triển khai hoàn thành; build/static checks liên quan không lỗi. 2) Test phù hợp và kiểm tra thủ công có bằng chứng; validation, authorization/ownership được kiểm tra nếu áp dụng. 3) Không hardcode secret; Swagger cập nhật nếu đổi API; migration cập nhật nếu đổi DB; README/docs cập nhật nếu cần. 4) Self-review diff/checklist đã làm; acceptance criteria đạt; không còn lỗi Highest/High liên quan chưa xử lý.","3","BACKLOG","MVP-1.0","59","66","171","185","","","","","","","","","","","","","","","",""
"Community Tourism Platform","CTP","59","CTP-59","Story","Flutter khách: trang chủ, khám phá và tìm kiếm","Planned Issue Key: CTP-59. Là khách du lịch, tôi cần flutter khách: trang chủ, khám phá và tìm kiếm để đạt mục tiêu: Khách khám phá, đặt riêng/kết hợp, xem lịch sử, hủy, review và quản lý tài khoản. Chỉ triển khai phạm vi trong acceptance criteria; thời gian dự kiến đã bao gồm review, test và tài liệu của Story. Scope: MVP. Planned sprint: CTP Sprint 6 - Flutter Customer. Dependencies (planned keys): CTP-58, CTP-31. Acceptance Criteria: 1) Home/discovery hiển thị danh sách hộ/phòng/dịch vụ từ API, search và filter cơ bản. 2) Pagination, loading, empty và error có thể phục hồi; dữ liệu nháp/không được duyệt không hiển thị. 3) MVP dùng layout danh sách/cards đơn giản; banner/carousel nâng cao nằm Post-MVP. 4) UI tiếng Việt, chữ dễ đọc và hoạt động trên kích thước Android demo. Definition of Done (DEV): 1) Phạm vi triển khai hoàn thành; build/static checks liên quan không lỗi. 2) Test phù hợp và kiểm tra thủ công có bằng chứng; validation, authorization/ownership được kiểm tra nếu áp dụng. 3) Không hardcode secret; Swagger cập nhật nếu đổi API; migration cập nhật nếu đổi DB; README/docs cập nhật nếu cần. 4) Self-review diff/checklist đã làm; acceptance criteria đạt; không còn lỗi Highest/High liên quan chưa xử lý.","","CTP-12","12","High","3","","CTP Sprint 6 - Flutter Customer","MVP","flutter","frontend","booking","","FLUTTER_CUSTOMER","1) Home/discovery hiển thị danh sách hộ/phòng/dịch vụ từ API, search và filter cơ bản. 2) Pagination, loading, empty và error có thể phục hồi; dữ liệu nháp/không được duyệt không hiển thị. 3) MVP dùng layout danh sách/cards đơn giản; banner/carousel nâng cao nằm Post-MVP. 4) UI tiếng Việt, chữ dễ đọc và hoạt động trên kích thước Android demo.","CTP-58; CTP-31","1) Phạm vi triển khai hoàn thành; build/static checks liên quan không lỗi. 2) Test phù hợp và kiểm tra thủ công có bằng chứng; validation, authorization/ownership được kiểm tra nếu áp dụng. 3) Không hardcode secret; Swagger cập nhật nếu đổi API; migration cập nhật nếu đổi DB; README/docs cập nhật nếu cần. 4) Self-review diff/checklist đã làm; acceptance criteria đạt; không còn lỗi Highest/High liên quan chưa xử lý.","4","BACKLOG","MVP-1.0","60","73","90","173","199","234","","","","","","","","","","","","","",""
"Community Tourism Platform","CTP","60","CTP-60","Story","Flutter khách: chi tiết hộ, phòng, dịch vụ và chỉ đường","Planned Issue Key: CTP-60. Là khách du lịch, tôi cần flutter khách: chi tiết hộ, phòng, dịch vụ và chỉ đường để đạt mục tiêu: Khách khám phá, đặt riêng/kết hợp, xem lịch sử, hủy, review và quản lý tài khoản. Chỉ triển khai phạm vi trong acceptance criteria; thời gian dự kiến đã bao gồm review, test và tài liệu của Story. Scope: MVP. Planned sprint: CTP Sprint 6 - Flutter Customer. Dependencies (planned keys): CTP-59, CTP-54. Acceptance Criteria: 1) Chi tiết hiển thị ảnh, mô tả, giá/đơn vị, room capacity, rating và thông tin hộ. 2) Xem các phòng/dịch vụ thuộc hộ và điều hướng đến lựa chọn đặt. 3) Nút chỉ đường mở Maps URL theo tọa độ hoặc địa chỉ; không nhúng map hoặc cần API secret. 4) Không crash khi thiếu ảnh, tọa độ hoặc chưa có review. Definition of Done (DEV): 1) Phạm vi triển khai hoàn thành; build/static checks liên quan không lỗi. 2) Test phù hợp và kiểm tra thủ công có bằng chứng; validation, authorization/ownership được kiểm tra nếu áp dụng. 3) Không hardcode secret; Swagger cập nhật nếu đổi API; migration cập nhật nếu đổi DB; README/docs cập nhật nếu cần. 4) Self-review diff/checklist đã làm; acceptance criteria đạt; không còn lỗi Highest/High liên quan chưa xử lý.","","CTP-12","12","High","3","","CTP Sprint 6 - Flutter Customer","MVP","flutter","frontend","booking","","FLUTTER_CUSTOMER","1) Chi tiết hiển thị ảnh, mô tả, giá/đơn vị, room capacity, rating và thông tin hộ. 2) Xem các phòng/dịch vụ thuộc hộ và điều hướng đến lựa chọn đặt. 3) Nút chỉ đường mở Maps URL theo tọa độ hoặc địa chỉ; không nhúng map hoặc cần API secret. 4) Không crash khi thiếu ảnh, tọa độ hoặc chưa có review.","CTP-59; CTP-54","1) Phạm vi triển khai hoàn thành; build/static checks liên quan không lỗi. 2) Test phù hợp và kiểm tra thủ công có bằng chứng; validation, authorization/ownership được kiểm tra nếu áp dụng. 3) Không hardcode secret; Swagger cập nhật nếu đổi API; migration cập nhật nếu đổi DB; README/docs cập nhật nếu cần. 4) Self-review diff/checklist đã làm; acceptance criteria đạt; không còn lỗi Highest/High liên quan chưa xử lý.","3","BACKLOG","MVP-1.0","61","175","","","","","","","","","","","","","","","","","",""
"Community Tourism Platform","CTP","61","CTP-61","Story","Flutter khách: chọn nhiều phòng và nhiều dịch vụ","Planned Issue Key: CTP-61. Là khách du lịch, tôi cần flutter khách: chọn nhiều phòng và nhiều dịch vụ để đạt mục tiêu: Khách khám phá, đặt riêng/kết hợp, xem lịch sử, hủy, review và quản lý tài khoản. Chỉ triển khai phạm vi trong acceptance criteria; thời gian dự kiến đã bao gồm review, test và tài liệu của Story. Scope: MVP. Planned sprint: CTP Sprint 6 - Flutter Customer. Dependencies (planned keys): CTP-60, CTP-39, CTP-41. Acceptance Criteria: 1) Chọn một kỳ lưu trú chung, nhiều phòng vật lý và phân số khách vào từng phòng. 2) Chọn slot/số lượng từng dịch vụ độc lập guestCount; hỗ trợ room-only, service-only và combined. 3) Hiển thị remaining capacity và tình trạng OPEN/CLOSED; số hiển thị không thay thế kiểm tra backend. 4) Validate ngày bắt đầu/kết thúc dịch vụ theo local date và hiển thị lỗi dễ hiểu. 5) Không có partial cancellation hoặc chọn ngày khác nhau cho từng phòng. Definition of Done (DEV): 1) Phạm vi triển khai hoàn thành; build/static checks liên quan không lỗi. 2) Test phù hợp và kiểm tra thủ công có bằng chứng; validation, authorization/ownership được kiểm tra nếu áp dụng. 3) Không hardcode secret; Swagger cập nhật nếu đổi API; migration cập nhật nếu đổi DB; README/docs cập nhật nếu cần. 4) Self-review diff/checklist đã làm; acceptance criteria đạt; không còn lỗi Highest/High liên quan chưa xử lý.","","CTP-12","12","Highest","5","","CTP Sprint 6 - Flutter Customer","MVP","flutter","frontend","booking","","FLUTTER_CUSTOMER","1) Chọn một kỳ lưu trú chung, nhiều phòng vật lý và phân số khách vào từng phòng. 2) Chọn slot/số lượng từng dịch vụ độc lập guestCount; hỗ trợ room-only, service-only và combined. 3) Hiển thị remaining capacity và tình trạng OPEN/CLOSED; số hiển thị không thay thế kiểm tra backend. 4) Validate ngày bắt đầu/kết thúc dịch vụ theo local date và hiển thị lỗi dễ hiểu. 5) Không có partial cancellation hoặc chọn ngày khác nhau cho từng phòng.","CTP-60; CTP-39; CTP-41","1) Phạm vi triển khai hoàn thành; build/static checks liên quan không lỗi. 2) Test phù hợp và kiểm tra thủ công có bằng chứng; validation, authorization/ownership được kiểm tra nếu áp dụng. 3) Không hardcode secret; Swagger cập nhật nếu đổi API; migration cập nhật nếu đổi DB; README/docs cập nhật nếu cần. 4) Self-review diff/checklist đã làm; acceptance criteria đạt; không còn lỗi Highest/High liên quan chưa xử lý.","5","BACKLOG","MVP-1.0","62","177","","","","","","","","","","","","","","","","","",""
"Community Tourism Platform","CTP","62","CTP-62","Story","Flutter khách: tạo đơn và xử lý xung đột đặt chỗ","Planned Issue Key: CTP-62. Là khách du lịch, tôi cần flutter khách: tạo đơn và xử lý xung đột đặt chỗ để đạt mục tiêu: Khách khám phá, đặt riêng/kết hợp, xem lịch sử, hủy, review và quản lý tài khoản. Chỉ triển khai phạm vi trong acceptance criteria; thời gian dự kiến đã bao gồm review, test và tài liệu của Story. Scope: MVP. Planned sprint: CTP Sprint 6 - Flutter Customer. Dependencies (planned keys): CTP-61, CTP-45, CTP-48. Acceptance Criteria: 1) Màn hình xác nhận gửi IDs/quantity/ngày, không tự quyết total hoặc booking_code. 2) Thành công hiển thị mã đơn, snapshot, tổng tiền backend và expiresAt. 3) 409 hết chỗ/thiếu thời gian xử lý và 400 sai ngày được xử lý, cho khách cập nhật lựa chọn. 4) Chặn gửi lặp khi request đang chạy; không hiển thị tạo thành công nếu server thất bại. Definition of Done (DEV): 1) Phạm vi triển khai hoàn thành; build/static checks liên quan không lỗi. 2) Test phù hợp và kiểm tra thủ công có bằng chứng; validation, authorization/ownership được kiểm tra nếu áp dụng. 3) Không hardcode secret; Swagger cập nhật nếu đổi API; migration cập nhật nếu đổi DB; README/docs cập nhật nếu cần. 4) Self-review diff/checklist đã làm; acceptance criteria đạt; không còn lỗi Highest/High liên quan chưa xử lý.","","CTP-12","12","Highest","3","","CTP Sprint 6 - Flutter Customer","MVP","flutter","frontend","booking","","FLUTTER_CUSTOMER","1) Màn hình xác nhận gửi IDs/quantity/ngày, không tự quyết total hoặc booking_code. 2) Thành công hiển thị mã đơn, snapshot, tổng tiền backend và expiresAt. 3) 409 hết chỗ/thiếu thời gian xử lý và 400 sai ngày được xử lý, cho khách cập nhật lựa chọn. 4) Chặn gửi lặp khi request đang chạy; không hiển thị tạo thành công nếu server thất bại.","CTP-61; CTP-45; CTP-48","1) Phạm vi triển khai hoàn thành; build/static checks liên quan không lỗi. 2) Test phù hợp và kiểm tra thủ công có bằng chứng; validation, authorization/ownership được kiểm tra nếu áp dụng. 3) Không hardcode secret; Swagger cập nhật nếu đổi API; migration cập nhật nếu đổi DB; README/docs cập nhật nếu cần. 4) Self-review diff/checklist đã làm; acceptance criteria đạt; không còn lỗi Highest/High liên quan chưa xử lý.","3","BACKLOG","MVP-1.0","63","179","","","","","","","","","","","","","","","","","",""
"Community Tourism Platform","CTP","63","CTP-63","Story","Flutter khách: lịch sử, chi tiết và hủy toàn booking","Planned Issue Key: CTP-63. Là khách du lịch, tôi cần flutter khách: lịch sử, chi tiết và hủy toàn booking để đạt mục tiêu: Khách khám phá, đặt riêng/kết hợp, xem lịch sử, hủy, review và quản lý tài khoản. Chỉ triển khai phạm vi trong acceptance criteria; thời gian dự kiến đã bao gồm review, test và tài liệu của Story. Scope: MVP. Planned sprint: CTP Sprint 6 - Flutter Customer. Dependencies (planned keys): CTP-62, CTP-46, CTP-47. Acceptance Criteria: 1) List/detail phản ánh tất cả trạng thái, các item, deadline và lịch sử. 2) Chỉ hiện hành động hủy khi phù hợp; backend vẫn quyết định quyền/trạng thái. 3) Hủy toàn đơn trước hạng mục đầu tiên; không hiện hủy từng item. 4) Hiển thị trạng thái thanh toán/hoàn tiền khi API có dữ liệu; refresh thấy EXPIRED khi cron chưa chạy. Definition of Done (DEV): 1) Phạm vi triển khai hoàn thành; build/static checks liên quan không lỗi. 2) Test phù hợp và kiểm tra thủ công có bằng chứng; validation, authorization/ownership được kiểm tra nếu áp dụng. 3) Không hardcode secret; Swagger cập nhật nếu đổi API; migration cập nhật nếu đổi DB; README/docs cập nhật nếu cần. 4) Self-review diff/checklist đã làm; acceptance criteria đạt; không còn lỗi Highest/High liên quan chưa xử lý.","","CTP-12","12","High","3","","CTP Sprint 6 - Flutter Customer","MVP","flutter","frontend","booking","","FLUTTER_CUSTOMER","1) List/detail phản ánh tất cả trạng thái, các item, deadline và lịch sử. 2) Chỉ hiện hành động hủy khi phù hợp; backend vẫn quyết định quyền/trạng thái. 3) Hủy toàn đơn trước hạng mục đầu tiên; không hiện hủy từng item. 4) Hiển thị trạng thái thanh toán/hoàn tiền khi API có dữ liệu; refresh thấy EXPIRED khi cron chưa chạy.","CTP-62; CTP-46; CTP-47","1) Phạm vi triển khai hoàn thành; build/static checks liên quan không lỗi. 2) Test phù hợp và kiểm tra thủ công có bằng chứng; validation, authorization/ownership được kiểm tra nếu áp dụng. 3) Không hardcode secret; Swagger cập nhật nếu đổi API; migration cập nhật nếu đổi DB; README/docs cập nhật nếu cần. 4) Self-review diff/checklist đã làm; acceptance criteria đạt; không còn lỗi Highest/High liên quan chưa xử lý.","4","BACKLOG","MVP-1.0","64","181","","","","","","","","","","","","","","","","","",""
"Community Tourism Platform","CTP","64","CTP-64","Story","Flutter khách: review, hồ sơ và đổi mật khẩu","Planned Issue Key: CTP-64. Là khách du lịch, tôi cần flutter khách: review, hồ sơ và đổi mật khẩu để đạt mục tiêu: Khách khám phá, đặt riêng/kết hợp, xem lịch sử, hủy, review và quản lý tài khoản. Chỉ triển khai phạm vi trong acceptance criteria; thời gian dự kiến đã bao gồm review, test và tài liệu của Story. Scope: MVP. Planned sprint: CTP Sprint 6 - Flutter Customer. Dependencies (planned keys): CTP-63, CTP-54, CTP-35. Acceptance Criteria: 1) Đơn COMPLETED chưa review cho gửi một đánh giá tổng thể 1–5 sao và comment. 2) Hồ sơ và đổi mật khẩu gọi API, hiển thị validation và trạng thái phiên đúng. 3) Không hiển thị review từng phòng/dịch vụ; lỗi review lặp/khác chủ được xử lý. 4) Chỉ ghi nhận thành công sau response backend. Definition of Done (DEV): 1) Phạm vi triển khai hoàn thành; build/static checks liên quan không lỗi. 2) Test phù hợp và kiểm tra thủ công có bằng chứng; validation, authorization/ownership được kiểm tra nếu áp dụng. 3) Không hardcode secret; Swagger cập nhật nếu đổi API; migration cập nhật nếu đổi DB; README/docs cập nhật nếu cần. 4) Self-review diff/checklist đã làm; acceptance criteria đạt; không còn lỗi Highest/High liên quan chưa xử lý.","","CTP-12","12","Medium","2","","CTP Sprint 6 - Flutter Customer","MVP","flutter","frontend","booking","","FLUTTER_CUSTOMER","1) Đơn COMPLETED chưa review cho gửi một đánh giá tổng thể 1–5 sao và comment. 2) Hồ sơ và đổi mật khẩu gọi API, hiển thị validation và trạng thái phiên đúng. 3) Không hiển thị review từng phòng/dịch vụ; lỗi review lặp/khác chủ được xử lý. 4) Chỉ ghi nhận thành công sau response backend.","CTP-63; CTP-54; CTP-35","1) Phạm vi triển khai hoàn thành; build/static checks liên quan không lỗi. 2) Test phù hợp và kiểm tra thủ công có bằng chứng; validation, authorization/ownership được kiểm tra nếu áp dụng. 3) Không hardcode secret; Swagger cập nhật nếu đổi API; migration cập nhật nếu đổi DB; README/docs cập nhật nếu cần. 4) Self-review diff/checklist đã làm; acceptance criteria đạt; không còn lỗi Highest/High liên quan chưa xử lý.","3","BACKLOG","MVP-1.0","65","78","183","210","","","","","","","","","","","","","","","",""
"Community Tourism Platform","CTP","65","CTP-65","Story","Kiểm thử luồng khách trên Android với API thật","Planned Issue Key: CTP-65. Là người kiểm thử, tôi cần kiểm thử luồng khách trên Android với API thật để đạt mục tiêu: Bằng chứng kiểm thử cho bảo mật, booking, concurrency, thời gian, tiền và luồng liên ứng dụng. Chỉ triển khai phạm vi trong acceptance criteria; thời gian dự kiến đã bao gồm review, test và tài liệu của Story. Scope: MVP. Planned sprint: CTP Sprint 6 - Flutter Customer. Dependencies (planned keys): CTP-64, CTP-52. Acceptance Criteria: 1) Demo được đăng ký→khám phá→đặt ba kiểu đơn→xem/hủy và review fixture COMPLETED. 2) Kiểm tra 8 khách/2 phòng/4 suất làm bánh, slot CLOSED và xung đột capacity. 3) Kiểm tra tài khoản bị khóa, mất mạng, token hết hạn và không lộ secret. 4) Lưu checklist/bằng chứng và mở Bug cho lỗi thực tế; không dùng dữ liệu mock để kết luận tích hợp đạt. Definition of Done (QA): 1) Kịch bản, fixture và bằng chứng kiểm thử hoàn thành; môi trường/phiên bản và lệnh tái hiện được ghi rõ. 2) Các case trong phạm vi pass; lỗi phát hiện có issue/liên kết và retest; build liên quan không lỗi. 3) Các tiêu chí validation, authorization, secret, Swagger, migration và docs được kiểm tra theo phạm vi; N/A phải có lý do. 4) Kiểm tra thủ công hoàn thành; không dùng mock/in-memory để kết luận concurrency MySQL đạt.","","CTP-16","16","Highest","3","","CTP Sprint 6 - Flutter Customer","MVP","testing","security","booking","","TESTING","1) Demo được đăng ký→khám phá→đặt ba kiểu đơn→xem/hủy và review fixture COMPLETED. 2) Kiểm tra 8 khách/2 phòng/4 suất làm bánh, slot CLOSED và xung đột capacity. 3) Kiểm tra tài khoản bị khóa, mất mạng, token hết hạn và không lộ secret. 4) Lưu checklist/bằng chứng và mở Bug cho lỗi thực tế; không dùng dữ liệu mock để kết luận tích hợp đạt.","CTP-64; CTP-52","1) Kịch bản, fixture và bằng chứng kiểm thử hoàn thành; môi trường/phiên bản và lệnh tái hiện được ghi rõ. 2) Các case trong phạm vi pass; lỗi phát hiện có issue/liên kết và retest; build liên quan không lỗi. 3) Các tiêu chí validation, authorization, secret, Swagger, migration và docs được kiểm tra theo phạm vi; N/A phải có lý do. 4) Kiểm tra thủ công hoàn thành; không dùng mock/in-memory để kết luận concurrency MySQL đạt.","3","BACKLOG","MVP-1.0","74","201","","","","","","","","","","","","","","","","","",""
"Community Tourism Platform","CTP","66","CTP-66","Story","Flutter hộ: dashboard, hồ sơ và trạng thái duyệt","Planned Issue Key: CTP-66. Là hộ dân, tôi cần flutter hộ: dashboard, hồ sơ và trạng thái duyệt để đạt mục tiêu: Hộ quản lý phòng, dịch vụ, lịch, đơn, tiền và chi phí theo quyền hiện tại. Chỉ triển khai phạm vi trong acceptance criteria; thời gian dự kiến đã bao gồm review, test và tài liệu của Story. Scope: MVP. Planned sprint: CTP Sprint 7 - Flutter Household & Integration. Dependencies (planned keys): CTP-58, CTP-27, CTP-53, CTP-42, CTP-57. Acceptance Criteria: 1) Dashboard có booking pending, tiền thu/chi cơ bản, khách thực tế và khách dự kiến tách riêng. 2) Hồ sơ có địa chỉ/tọa độ và trạng thái duyệt/lý do; hiển thị quyền mở bán theo backend. 3) Hộ mất duyệt vẫn xem và xử lý đơn cũ theo policy; user BLOCKED không được ngoại lệ. 4) Số liệu nhất quán với API/React Admin trong cùng kỳ. Definition of Done (DEV): 1) Phạm vi triển khai hoàn thành; build/static checks liên quan không lỗi. 2) Test phù hợp và kiểm tra thủ công có bằng chứng; validation, authorization/ownership được kiểm tra nếu áp dụng. 3) Không hardcode secret; Swagger cập nhật nếu đổi API; migration cập nhật nếu đổi DB; README/docs cập nhật nếu cần. 4) Self-review diff/checklist đã làm; acceptance criteria đạt; không còn lỗi Highest/High liên quan chưa xử lý.","","CTP-13","13","High","3","","CTP Sprint 7 - Flutter Household & Integration","MVP","flutter","frontend","booking","","FLUTTER_HOUSEHOLD","1) Dashboard có booking pending, tiền thu/chi cơ bản, khách thực tế và khách dự kiến tách riêng. 2) Hồ sơ có địa chỉ/tọa độ và trạng thái duyệt/lý do; hiển thị quyền mở bán theo backend. 3) Hộ mất duyệt vẫn xem và xử lý đơn cũ theo policy; user BLOCKED không được ngoại lệ. 4) Số liệu nhất quán với API/React Admin trong cùng kỳ.","CTP-58; CTP-27; CTP-53; CTP-42; CTP-57","1) Phạm vi triển khai hoàn thành; build/static checks liên quan không lỗi. 2) Test phù hợp và kiểm tra thủ công có bằng chứng; validation, authorization/ownership được kiểm tra nếu áp dụng. 3) Không hardcode secret; Swagger cập nhật nếu đổi API; migration cập nhật nếu đổi DB; README/docs cập nhật nếu cần. 4) Self-review diff/checklist đã làm; acceptance criteria đạt; không còn lỗi Highest/High liên quan chưa xử lý.","3","BACKLOG","MVP-1.0","69","71","191","195","","","","","","","","","","","","","","","",""
"Community Tourism Platform","CTP","67","CTP-67","Story","Flutter hộ: chặn lịch phòng nhận khách ngoài app","Planned Issue Key: CTP-67. Là hộ dân, tôi cần flutter hộ: chặn lịch phòng nhận khách ngoài app để đạt mục tiêu: Hộ quản lý phòng, dịch vụ, lịch, đơn, tiền và chi phí theo quyền hiện tại. Chỉ triển khai phạm vi trong acceptance criteria; thời gian dự kiến đã bao gồm review, test và tài liệu của Story. Scope: MVP. Planned sprint: CTP Sprint 7 - Flutter Household & Integration. Dependencies (planned keys): CTP-42, CTP-38, CTP-40. Acceptance Criteria: 1) Hộ chọn phòng, ngày bắt đầu/kết thúc và lý do để tạo/xóa block. 2) Hiển thị lịch/block dạng danh sách theo ngày đủ dùng; không bắt buộc calendar kéo thả. 3) 409 xung đột booking/block được hiển thị; ngày nối tiếp trả/nhận được chấp nhận. 4) Không có thao tác sửa booking của khách từ màn hình block. Definition of Done (DEV): 1) Phạm vi triển khai hoàn thành; build/static checks liên quan không lỗi. 2) Test phù hợp và kiểm tra thủ công có bằng chứng; validation, authorization/ownership được kiểm tra nếu áp dụng. 3) Không hardcode secret; Swagger cập nhật nếu đổi API; migration cập nhật nếu đổi DB; README/docs cập nhật nếu cần. 4) Self-review diff/checklist đã làm; acceptance criteria đạt; không còn lỗi Highest/High liên quan chưa xử lý.","","CTP-13","13","High","2","","CTP Sprint 7 - Flutter Household & Integration","MVP","flutter","frontend","booking","","FLUTTER_HOUSEHOLD","1) Hộ chọn phòng, ngày bắt đầu/kết thúc và lý do để tạo/xóa block. 2) Hiển thị lịch/block dạng danh sách theo ngày đủ dùng; không bắt buộc calendar kéo thả. 3) 409 xung đột booking/block được hiển thị; ngày nối tiếp trả/nhận được chấp nhận. 4) Không có thao tác sửa booking của khách từ màn hình block.","CTP-42; CTP-38; CTP-40","1) Phạm vi triển khai hoàn thành; build/static checks liên quan không lỗi. 2) Test phù hợp và kiểm tra thủ công có bằng chứng; validation, authorization/ownership được kiểm tra nếu áp dụng. 3) Không hardcode secret; Swagger cập nhật nếu đổi API; migration cập nhật nếu đổi DB; README/docs cập nhật nếu cần. 4) Self-review diff/checklist đã làm; acceptance criteria đạt; không còn lỗi Highest/High liên quan chưa xử lý.","2","BACKLOG","MVP-1.0","74","201","","","","","","","","","","","","","","","","","",""
"Community Tourism Platform","CTP","68","CTP-68","Story","Flutter hộ: quản lý slot, capacity và OPEN/CLOSED","Planned Issue Key: CTP-68. Là hộ dân, tôi cần flutter hộ: quản lý slot, capacity và OPEN/CLOSED để đạt mục tiêu: Hộ quản lý phòng, dịch vụ, lịch, đơn, tiền và chi phí theo quyền hiện tại. Chỉ triển khai phạm vi trong acceptance criteria; thời gian dự kiến đã bao gồm review, test và tài liệu của Story. Scope: MVP. Planned sprint: CTP Sprint 7 - Flutter Household & Integration. Dependencies (planned keys): CTP-57, CTP-41, CTP-36. Acceptance Criteria: 1) Hộ tạo slot với ngày/giờ địa phương, backend nhận instant UTC đúng; mặc định CLOSED. 2) Đóng/mở và sửa capacity dùng API; slot trùng/giờ sai/capacity dưới mức giữ được báo lỗi. 3) Hiển thị suất còn lại từ API, không tự duy trì booked_quantity trên client. 4) Giải thích đóng slot dừng nhận mới, không hủy đơn cũ; hộ mất duyệt không mở slot. Definition of Done (DEV): 1) Phạm vi triển khai hoàn thành; build/static checks liên quan không lỗi. 2) Test phù hợp và kiểm tra thủ công có bằng chứng; validation, authorization/ownership được kiểm tra nếu áp dụng. 3) Không hardcode secret; Swagger cập nhật nếu đổi API; migration cập nhật nếu đổi DB; README/docs cập nhật nếu cần. 4) Self-review diff/checklist đã làm; acceptance criteria đạt; không còn lỗi Highest/High liên quan chưa xử lý.","","CTP-13","13","Highest","3","","CTP Sprint 7 - Flutter Household & Integration","MVP","flutter","frontend","booking","","FLUTTER_HOUSEHOLD","1) Hộ tạo slot với ngày/giờ địa phương, backend nhận instant UTC đúng; mặc định CLOSED. 2) Đóng/mở và sửa capacity dùng API; slot trùng/giờ sai/capacity dưới mức giữ được báo lỗi. 3) Hiển thị suất còn lại từ API, không tự duy trì booked_quantity trên client. 4) Giải thích đóng slot dừng nhận mới, không hủy đơn cũ; hộ mất duyệt không mở slot.","CTP-57; CTP-41; CTP-36","1) Phạm vi triển khai hoàn thành; build/static checks liên quan không lỗi. 2) Test phù hợp và kiểm tra thủ công có bằng chứng; validation, authorization/ownership được kiểm tra nếu áp dụng. 3) Không hardcode secret; Swagger cập nhật nếu đổi API; migration cập nhật nếu đổi DB; README/docs cập nhật nếu cần. 4) Self-review diff/checklist đã làm; acceptance criteria đạt; không còn lỗi Highest/High liên quan chưa xử lý.","3","BACKLOG","MVP-1.0","74","89","201","232","","","","","","","","","","","","","","","",""
"Community Tourism Platform","CTP","69","CTP-69","Story","Flutter hộ: xử lý booking đúng quyền và trạng thái","Planned Issue Key: CTP-69. Là hộ dân, tôi cần flutter hộ: xử lý booking đúng quyền và trạng thái để đạt mục tiêu: Hộ quản lý phòng, dịch vụ, lịch, đơn, tiền và chi phí theo quyền hiện tại. Chỉ triển khai phạm vi trong acceptance criteria; thời gian dự kiến đã bao gồm review, test và tài liệu của Story. Scope: MVP. Planned sprint: CTP Sprint 7 - Flutter Household & Integration. Dependencies (planned keys): CTP-66, CTP-48, CTP-46, CTP-47. Acceptance Criteria: 1) List/detail có các phòng/dịch vụ, snapshot, deadline, tiền và lịch sử. 2) Confirm/reject/complete chỉ hiện khi phù hợp; backend enforce lại toàn bộ. 3) completed_at hiển thị và không thay đổi khi request lặp; không complete trước hạng mục cuối. 4) Hộ mất duyệt không confirm nhưng được reject/complete đơn cũ đúng policy; slot CLOSED không tự hủy đơn. Definition of Done (DEV): 1) Phạm vi triển khai hoàn thành; build/static checks liên quan không lỗi. 2) Test phù hợp và kiểm tra thủ công có bằng chứng; validation, authorization/ownership được kiểm tra nếu áp dụng. 3) Không hardcode secret; Swagger cập nhật nếu đổi API; migration cập nhật nếu đổi DB; README/docs cập nhật nếu cần. 4) Self-review diff/checklist đã làm; acceptance criteria đạt; không còn lỗi Highest/High liên quan chưa xử lý.","","CTP-13","13","Highest","3","","CTP Sprint 7 - Flutter Household & Integration","MVP","flutter","frontend","booking","","FLUTTER_HOUSEHOLD","1) List/detail có các phòng/dịch vụ, snapshot, deadline, tiền và lịch sử. 2) Confirm/reject/complete chỉ hiện khi phù hợp; backend enforce lại toàn bộ. 3) completed_at hiển thị và không thay đổi khi request lặp; không complete trước hạng mục cuối. 4) Hộ mất duyệt không confirm nhưng được reject/complete đơn cũ đúng policy; slot CLOSED không tự hủy đơn.","CTP-66; CTP-48; CTP-46; CTP-47","1) Phạm vi triển khai hoàn thành; build/static checks liên quan không lỗi. 2) Test phù hợp và kiểm tra thủ công có bằng chứng; validation, authorization/ownership được kiểm tra nếu áp dụng. 3) Không hardcode secret; Swagger cập nhật nếu đổi API; migration cập nhật nếu đổi DB; README/docs cập nhật nếu cần. 4) Self-review diff/checklist đã làm; acceptance criteria đạt; không còn lỗi Highest/High liên quan chưa xử lý.","4","BACKLOG","MVP-1.0","70","193","","","","","","","","","","","","","","","","","",""
"Community Tourism Platform","CTP","70","CTP-70","Story","Flutter hộ: ghi nhận thu/hoàn với idempotency","Planned Issue Key: CTP-70. Là hộ dân, tôi cần flutter hộ: ghi nhận thu/hoàn với idempotency để đạt mục tiêu: Hộ quản lý phòng, dịch vụ, lịch, đơn, tiền và chi phí theo quyền hiện tại. Chỉ triển khai phạm vi trong acceptance criteria; thời gian dự kiến đã bao gồm review, test và tài liệu của Story. Scope: MVP. Planned sprint: CTP Sprint 7 - Flutter Household & Integration. Dependencies (planned keys): CTP-69, CTP-52. Acceptance Criteria: 1) Form ghi CASH/BANK_TRANSFER/QR, amount và note; không kết nối hoặc xác nhận giao dịch ngân hàng. 2) Mỗi thao tác sinh một Idempotency-Key; retry mạng giữ nguyên key. 3) Hiển thị receipt/refund ledger và payment_status; chặn vượt số tiền nhưng backend vẫn quyết định. 4) Không sửa/xóa entry; hộ mất duyệt còn ACTIVE vẫn xử lý đơn cũ đúng quyền. Definition of Done (DEV): 1) Phạm vi triển khai hoàn thành; build/static checks liên quan không lỗi. 2) Test phù hợp và kiểm tra thủ công có bằng chứng; validation, authorization/ownership được kiểm tra nếu áp dụng. 3) Không hardcode secret; Swagger cập nhật nếu đổi API; migration cập nhật nếu đổi DB; README/docs cập nhật nếu cần. 4) Self-review diff/checklist đã làm; acceptance criteria đạt; không còn lỗi Highest/High liên quan chưa xử lý.","","CTP-13","13","Highest","3","","CTP Sprint 7 - Flutter Household & Integration","MVP","flutter","frontend","booking","","FLUTTER_HOUSEHOLD","1) Form ghi CASH/BANK_TRANSFER/QR, amount và note; không kết nối hoặc xác nhận giao dịch ngân hàng. 2) Mỗi thao tác sinh một Idempotency-Key; retry mạng giữ nguyên key. 3) Hiển thị receipt/refund ledger và payment_status; chặn vượt số tiền nhưng backend vẫn quyết định. 4) Không sửa/xóa entry; hộ mất duyệt còn ACTIVE vẫn xử lý đơn cũ đúng quyền.","CTP-69; CTP-52","1) Phạm vi triển khai hoàn thành; build/static checks liên quan không lỗi. 2) Test phù hợp và kiểm tra thủ công có bằng chứng; validation, authorization/ownership được kiểm tra nếu áp dụng. 3) Không hardcode secret; Swagger cập nhật nếu đổi API; migration cập nhật nếu đổi DB; README/docs cập nhật nếu cần. 4) Self-review diff/checklist đã làm; acceptance criteria đạt; không còn lỗi Highest/High liên quan chưa xử lý.","4","BACKLOG","MVP-1.0","74","78","201","210","","","","","","","","","","","","","","","",""
"Community Tourism Platform","CTP","71","CTP-71","Story","Flutter hộ: chi phí và báo cáo tài chính cơ bản","Planned Issue Key: CTP-71. Là hộ dân, tôi cần flutter hộ: chi phí và báo cáo tài chính cơ bản để đạt mục tiêu: Hộ quản lý phòng, dịch vụ, lịch, đơn, tiền và chi phí theo quyền hiện tại. Chỉ triển khai phạm vi trong acceptance criteria; thời gian dự kiến đã bao gồm review, test và tài liệu của Story. Scope: MVP. Planned sprint: CTP Sprint 7 - Flutter Household & Integration. Dependencies (planned keys): CTP-66, CTP-53. Acceptance Criteria: 1) Hộ thêm/xem expense theo tháng; không có sửa/xóa trong MVP. 2) Phân biệt giá trị đơn hoàn thành, tiền thu, hoàn, netReceived, chi phí và chênh lệch. 3) Không gắn nhãn mọi booking là doanh thu thực tế; khách thực tế/dự kiến không gộp. 4) Số liệu từ API, không tính lại bằng cách cộng tất cả booking tại client. Definition of Done (DEV): 1) Phạm vi triển khai hoàn thành; build/static checks liên quan không lỗi. 2) Test phù hợp và kiểm tra thủ công có bằng chứng; validation, authorization/ownership được kiểm tra nếu áp dụng. 3) Không hardcode secret; Swagger cập nhật nếu đổi API; migration cập nhật nếu đổi DB; README/docs cập nhật nếu cần. 4) Self-review diff/checklist đã làm; acceptance criteria đạt; không còn lỗi Highest/High liên quan chưa xử lý.","","CTP-13","13","High","2","","CTP Sprint 7 - Flutter Household & Integration","MVP","flutter","frontend","booking","","FLUTTER_HOUSEHOLD","1) Hộ thêm/xem expense theo tháng; không có sửa/xóa trong MVP. 2) Phân biệt giá trị đơn hoàn thành, tiền thu, hoàn, netReceived, chi phí và chênh lệch. 3) Không gắn nhãn mọi booking là doanh thu thực tế; khách thực tế/dự kiến không gộp. 4) Số liệu từ API, không tính lại bằng cách cộng tất cả booking tại client.","CTP-66; CTP-53","1) Phạm vi triển khai hoàn thành; build/static checks liên quan không lỗi. 2) Test phù hợp và kiểm tra thủ công có bằng chứng; validation, authorization/ownership được kiểm tra nếu áp dụng. 3) Không hardcode secret; Swagger cập nhật nếu đổi API; migration cập nhật nếu đổi DB; README/docs cập nhật nếu cần. 4) Self-review diff/checklist đã làm; acceptance criteria đạt; không còn lỗi Highest/High liên quan chưa xử lý.","2","BACKLOG","MVP-1.0","74","85","201","224","","","","","","","","","","","","","","","",""
"Community Tourism Platform","CTP","72","CTP-72","Story","React Admin quản lý bài viết văn hóa","Planned Issue Key: CTP-72. Là quản trị viên, tôi cần react Admin quản lý bài viết văn hóa để đạt mục tiêu: Admin quản lý tài khoản, duyệt hộ, xem booking, nội dung và thống kê; không sửa trạng thái booking. Chỉ triển khai phạm vi trong acceptance criteria; thời gian dự kiến đã bao gồm review, test và tài liệu của Story. Scope: MVP. Planned sprint: CTP Sprint 7 - Flutter Household & Integration. Dependencies (planned keys): CTP-55, CTP-56. Acceptance Criteria: 1) Admin tạo/sửa/xóa và chuyển DRAFT/PUBLISHED; nhập thumbnail và video URL. 2) Ảnh qua backend, content/URL validate; draft không xuất hiện ở public API. 3) Loading/error/form state và kiểm tra quyền hoạt động. 4) Chưa triển khai editor phức tạp hoặc nhúng video nâng cao. Definition of Done (DEV): 1) Phạm vi triển khai hoàn thành; build/static checks liên quan không lỗi. 2) Test phù hợp và kiểm tra thủ công có bằng chứng; validation, authorization/ownership được kiểm tra nếu áp dụng. 3) Không hardcode secret; Swagger cập nhật nếu đổi API; migration cập nhật nếu đổi DB; README/docs cập nhật nếu cần. 4) Self-review diff/checklist đã làm; acceptance criteria đạt; không còn lỗi Highest/High liên quan chưa xử lý.","","CTP-14","14","Medium","2","","CTP Sprint 7 - Flutter Household & Integration","MVP","react","frontend","security","","ADMIN_WEB","1) Admin tạo/sửa/xóa và chuyển DRAFT/PUBLISHED; nhập thumbnail và video URL. 2) Ảnh qua backend, content/URL validate; draft không xuất hiện ở public API. 3) Loading/error/form state và kiểm tra quyền hoạt động. 4) Chưa triển khai editor phức tạp hoặc nhúng video nâng cao.","CTP-55; CTP-56","1) Phạm vi triển khai hoàn thành; build/static checks liên quan không lỗi. 2) Test phù hợp và kiểm tra thủ công có bằng chứng; validation, authorization/ownership được kiểm tra nếu áp dụng. 3) Không hardcode secret; Swagger cập nhật nếu đổi API; migration cập nhật nếu đổi DB; README/docs cập nhật nếu cần. 4) Self-review diff/checklist đã làm; acceptance criteria đạt; không còn lỗi Highest/High liên quan chưa xử lý.","3","BACKLOG","MVP-1.0","74","76","87","201","206","228","","","","","","","","","","","","","",""
"Community Tourism Platform","CTP","73","CTP-73","Story","Flutter khách đọc nội dung văn hóa đã xuất bản","Planned Issue Key: CTP-73. Là khách du lịch, tôi cần flutter khách đọc nội dung văn hóa đã xuất bản để đạt mục tiêu: Khách khám phá, đặt riêng/kết hợp, xem lịch sử, hủy, review và quản lý tài khoản. Chỉ triển khai phạm vi trong acceptance criteria; thời gian dự kiến đã bao gồm review, test và tài liệu của Story. Scope: MVP. Planned sprint: CTP Sprint 7 - Flutter Household & Integration. Dependencies (planned keys): CTP-59, CTP-56. Acceptance Criteria: 1) Home có lối vào danh sách bài PUBLISHED và màn hình chi tiết. 2) Hiển thị title/content/thumbnail; mở video URL bằng liên kết. 3) Không hiển thị draft; xử lý bài bị gỡ hoặc ảnh lỗi. 4) Không thêm tính năng xã hội/comment ngoài MVP. Definition of Done (DEV): 1) Phạm vi triển khai hoàn thành; build/static checks liên quan không lỗi. 2) Test phù hợp và kiểm tra thủ công có bằng chứng; validation, authorization/ownership được kiểm tra nếu áp dụng. 3) Không hardcode secret; Swagger cập nhật nếu đổi API; migration cập nhật nếu đổi DB; README/docs cập nhật nếu cần. 4) Self-review diff/checklist đã làm; acceptance criteria đạt; không còn lỗi Highest/High liên quan chưa xử lý.","","CTP-12","12","Medium","2","","CTP Sprint 7 - Flutter Household & Integration","MVP","flutter","frontend","booking","","FLUTTER_CUSTOMER","1) Home có lối vào danh sách bài PUBLISHED và màn hình chi tiết. 2) Hiển thị title/content/thumbnail; mở video URL bằng liên kết. 3) Không hiển thị draft; xử lý bài bị gỡ hoặc ảnh lỗi. 4) Không thêm tính năng xã hội/comment ngoài MVP.","CTP-59; CTP-56","1) Phạm vi triển khai hoàn thành; build/static checks liên quan không lỗi. 2) Test phù hợp và kiểm tra thủ công có bằng chứng; validation, authorization/ownership được kiểm tra nếu áp dụng. 3) Không hardcode secret; Swagger cập nhật nếu đổi API; migration cập nhật nếu đổi DB; README/docs cập nhật nếu cần. 4) Self-review diff/checklist đã làm; acceptance criteria đạt; không còn lỗi Highest/High liên quan chưa xử lý.","2","BACKLOG","MVP-1.0","74","83","87","201","220","228","","","","","","","","","","","","","",""
"Community Tourism Platform","CTP","74","CTP-74","Story","Kiểm thử liên thông khách–hộ–Admin","Planned Issue Key: CTP-74. Là người kiểm thử, tôi cần kiểm thử liên thông khách–hộ–Admin để đạt mục tiêu: Bằng chứng kiểm thử cho bảo mật, booking, concurrency, thời gian, tiền và luồng liên ứng dụng. Chỉ triển khai phạm vi trong acceptance criteria; thời gian dự kiến đã bao gồm review, test và tài liệu của Story. Scope: MVP. Planned sprint: CTP Sprint 7 - Flutter Household & Integration. Dependencies (planned keys): CTP-70, CTP-71, CTP-68, CTP-67, CTP-72, CTP-73, CTP-65. Acceptance Criteria: 1) Chạy Admin duyệt hộ→hộ mở lịch→khách đặt→hộ xác nhận/thu; hoàn thành/review dùng fixture CONFIRMED có tất cả hạng mục đã kết thúc. Không bỏ quy tắc thời gian để nối demo. 2) Chạy nhánh cancel/refund, expiry không cron, slot CLOSED và thu hồi duyệt khi có đơn cũ. 3) User bị block mất quyền với token cũ trên cả hai app/web; Admin không đổi booking status. 4) Số tiền, khách thực tế/dự kiến, snapshot và lịch sử nhất quán giữa ba giao diện. 5) Lưu kết quả và triage lỗi trước release freeze. Definition of Done (QA): 1) Kịch bản, fixture và bằng chứng kiểm thử hoàn thành; môi trường/phiên bản và lệnh tái hiện được ghi rõ. 2) Các case trong phạm vi pass; lỗi phát hiện có issue/liên kết và retest; build liên quan không lỗi. 3) Các tiêu chí validation, authorization, secret, Swagger, migration và docs được kiểm tra theo phạm vi; N/A phải có lý do. 4) Kiểm tra thủ công hoàn thành; không dùng mock/in-memory để kết luận concurrency MySQL đạt.","","CTP-16","16","Highest","3","","CTP Sprint 7 - Flutter Household & Integration","MVP","testing","security","booking","","TESTING","1) Chạy Admin duyệt hộ→hộ mở lịch→khách đặt→hộ xác nhận/thu; hoàn thành/review dùng fixture CONFIRMED có tất cả hạng mục đã kết thúc. Không bỏ quy tắc thời gian để nối demo. 2) Chạy nhánh cancel/refund, expiry không cron, slot CLOSED và thu hồi duyệt khi có đơn cũ. 3) User bị block mất quyền với token cũ trên cả hai app/web; Admin không đổi booking status. 4) Số tiền, khách thực tế/dự kiến, snapshot và lịch sử nhất quán giữa ba giao diện. 5) Lưu kết quả và triage lỗi trước release freeze.","CTP-70; CTP-71; CTP-68; CTP-67; CTP-72; CTP-73; CTP-65","1) Kịch bản, fixture và bằng chứng kiểm thử hoàn thành; môi trường/phiên bản và lệnh tái hiện được ghi rõ. 2) Các case trong phạm vi pass; lỗi phát hiện có issue/liên kết và retest; build liên quan không lỗi. 3) Các tiêu chí validation, authorization, secret, Swagger, migration và docs được kiểm tra theo phạm vi; N/A phải có lý do. 4) Kiểm tra thủ công hoàn thành; không dùng mock/in-memory để kết luận concurrency MySQL đạt.","4","BACKLOG","MVP-1.0","75","203","","","","","","","","","","","","","","","","","",""
"Community Tourism Platform","CTP","75","CTP-75","Story","Đạt cổng chất lượng release và xử lý lỗi chặn demo","Planned Issue Key: CTP-75. Là người kiểm thử, tôi cần đạt cổng chất lượng release và xử lý lỗi chặn demo để đạt mục tiêu: Bằng chứng kiểm thử cho bảo mật, booking, concurrency, thời gian, tiền và luồng liên ứng dụng. Chỉ triển khai phạm vi trong acceptance criteria; thời gian dự kiến đã bao gồm review, test và tài liệu của Story. Scope: MVP. Planned sprint: CTP Sprint 8 - Testing, Deployment & Defense. Dependencies (planned keys): CTP-74, CTP-49. Acceptance Criteria: 1) Chạy lại auth/ownership/timezone/booking/ledger/concurrency bằng MySQL thật và kiểm tra build các ứng dụng. 2) Không còn lỗi Highest/High chưa xử lý ảnh hưởng luồng demo hoặc nhất quán dữ liệu. 3) Đối chiếu Swagger request/response và validation; kiểm tra không hardcode secret. 4) Lỗi phát hiện được tạo Bug có bằng chứng; ngân sách story hữu hạn, vượt mức dùng dự phòng chứ không bỏ test lõi. 5) Testing report có phiên bản, môi trường, kết quả và hạn chế được ghi rõ. Definition of Done (QA): 1) Kịch bản, fixture và bằng chứng kiểm thử hoàn thành; môi trường/phiên bản và lệnh tái hiện được ghi rõ. 2) Các case trong phạm vi pass; lỗi phát hiện có issue/liên kết và retest; build liên quan không lỗi. 3) Các tiêu chí validation, authorization, secret, Swagger, migration và docs được kiểm tra theo phạm vi; N/A phải có lý do. 4) Kiểm tra thủ công hoàn thành; không dùng mock/in-memory để kết luận concurrency MySQL đạt.","","CTP-16","16","Highest","8","","CTP Sprint 8 - Testing, Deployment & Defense","MVP","testing","security","booking","","TESTING","1) Chạy lại auth/ownership/timezone/booking/ledger/concurrency bằng MySQL thật và kiểm tra build các ứng dụng. 2) Không còn lỗi Highest/High chưa xử lý ảnh hưởng luồng demo hoặc nhất quán dữ liệu. 3) Đối chiếu Swagger request/response và validation; kiểm tra không hardcode secret. 4) Lỗi phát hiện được tạo Bug có bằng chứng; ngân sách story hữu hạn, vượt mức dùng dự phòng chứ không bỏ test lõi. 5) Testing report có phiên bản, môi trường, kết quả và hạn chế được ghi rõ.","CTP-74; CTP-49","1) Kịch bản, fixture và bằng chứng kiểm thử hoàn thành; môi trường/phiên bản và lệnh tái hiện được ghi rõ. 2) Các case trong phạm vi pass; lỗi phát hiện có issue/liên kết và retest; build liên quan không lỗi. 3) Các tiêu chí validation, authorization, secret, Swagger, migration và docs được kiểm tra theo phạm vi; N/A phải có lý do. 4) Kiểm tra thủ công hoàn thành; không dùng mock/in-memory để kết luận concurrency MySQL đạt.","8","BACKLOG","MVP-1.0","76","81","206","216","","","","","","","","","","","","","","","",""
"Community Tourism Platform","CTP","76","CTP-76","Story","Triển khai bản release backend và React","Planned Issue Key: CTP-76. Là người trình diễn hệ thống, tôi cần triển khai bản release backend và React để đạt mục tiêu: Render, Vercel, Aiven, APK, dữ liệu demo và smoke test bản triển khai. Chỉ triển khai phạm vi trong acceptance criteria; thời gian dự kiến đã bao gồm review, test và tài liệu của Story. Scope: MVP. Planned sprint: CTP Sprint 8 - Testing, Deployment & Defense. Dependencies (planned keys): CTP-75, CTP-20, CTP-72. Acceptance Criteria: 1) Render chạy backend với env/CA/CORS đúng; Vercel có API URL và routing fallback. 2) Health/readiness kiểm tra được; log che secret và có hướng dẫn chẩn đoán. 3) Không lưu ảnh trên filesystem tạm của Render; Cloudinary và Aiven là nguồn lưu trữ. 4) Có hướng dẫn rollback bản ứng dụng và phương án chạy local khi dịch vụ free khởi động chậm. Definition of Done (INFRA): 1) Cấu hình/artefact hạ tầng hoàn thành và tái lập được; env mẫu không chứa secret thật. 2) Kết nối/build/health/migration hoặc smoke test tương ứng pass, có bằng chứng và kiểm tra thủ công. 3) Target môi trường được xác minh; không làm mất dữ liệu ngoài phạm vi; có hướng dẫn chẩn đoán/khôi phục phù hợp. 4) Swagger/migration/README cập nhật khi liên quan; authorization/validation không áp dụng phải ghi lý do.","","CTP-17","17","High","3","","CTP Sprint 8 - Testing, Deployment & Defense","MVP","deployment","aiven","flutter","","INFRASTRUCTURE","1) Render chạy backend với env/CA/CORS đúng; Vercel có API URL và routing fallback. 2) Health/readiness kiểm tra được; log che secret và có hướng dẫn chẩn đoán. 3) Không lưu ảnh trên filesystem tạm của Render; Cloudinary và Aiven là nguồn lưu trữ. 4) Có hướng dẫn rollback bản ứng dụng và phương án chạy local khi dịch vụ free khởi động chậm.","CTP-75; CTP-20; CTP-72","1) Cấu hình/artefact hạ tầng hoàn thành và tái lập được; env mẫu không chứa secret thật. 2) Kết nối/build/health/migration hoặc smoke test tương ứng pass, có bằng chứng và kiểm tra thủ công. 3) Target môi trường được xác minh; không làm mất dữ liệu ngoài phạm vi; có hướng dẫn chẩn đoán/khôi phục phù hợp. 4) Swagger/migration/README cập nhật khi liên quan; authorization/validation không áp dụng phải ghi lý do.","3","BACKLOG","MVP-1.0","77","78","208","210","","","","","","","","","","","","","","","",""
"Community Tourism Platform","CTP","77","CTP-77","Story","Migration và dữ liệu demo trên môi trường trình diễn","Planned Issue Key: CTP-77. Là người trình diễn hệ thống, tôi cần migration và dữ liệu demo trên môi trường trình diễn để đạt mục tiêu: Render, Vercel, Aiven, APK, dữ liệu demo và smoke test bản triển khai. Chỉ triển khai phạm vi trong acceptance criteria; thời gian dự kiến đã bao gồm review, test và tài liệu của Story. Scope: MVP. Planned sprint: CTP Sprint 8 - Testing, Deployment & Defense. Dependencies (planned keys): CTP-76, CTP-22. Acceptance Criteria: 1) Áp dụng migration đúng môi trường, có kiểm tra target và phương án khôi phục trước thay đổi. 2) Seed demo gồm các role, phòng/slot, booking nhiều trạng thái, ledger, review và bài văn hóa. 3) Seed không reset dữ liệu thật; tài khoản/mật khẩu demo được phân biệt và không dùng secret thật. 4) Seed có slot tương lai và booking CONFIRMED đã qua giờ kết thúc để demo đúng thời gian; snapshot/completed_at nhất quán, không sửa tay DB khi bảo vệ. Definition of Done (INFRA): 1) Cấu hình/artefact hạ tầng hoàn thành và tái lập được; env mẫu không chứa secret thật. 2) Kết nối/build/health/migration hoặc smoke test tương ứng pass, có bằng chứng và kiểm tra thủ công. 3) Target môi trường được xác minh; không làm mất dữ liệu ngoài phạm vi; có hướng dẫn chẩn đoán/khôi phục phù hợp. 4) Swagger/migration/README cập nhật khi liên quan; authorization/validation không áp dụng phải ghi lý do.","","CTP-17","17","High","2","","CTP Sprint 8 - Testing, Deployment & Defense","MVP","deployment","aiven","flutter","","INFRASTRUCTURE","1) Áp dụng migration đúng môi trường, có kiểm tra target và phương án khôi phục trước thay đổi. 2) Seed demo gồm các role, phòng/slot, booking nhiều trạng thái, ledger, review và bài văn hóa. 3) Seed không reset dữ liệu thật; tài khoản/mật khẩu demo được phân biệt và không dùng secret thật. 4) Seed có slot tương lai và booking CONFIRMED đã qua giờ kết thúc để demo đúng thời gian; snapshot/completed_at nhất quán, không sửa tay DB khi bảo vệ.","CTP-76; CTP-22","1) Cấu hình/artefact hạ tầng hoàn thành và tái lập được; env mẫu không chứa secret thật. 2) Kết nối/build/health/migration hoặc smoke test tương ứng pass, có bằng chứng và kiểm tra thủ công. 3) Target môi trường được xác minh; không làm mất dữ liệu ngoài phạm vi; có hướng dẫn chẩn đoán/khôi phục phù hợp. 4) Swagger/migration/README cập nhật khi liên quan; authorization/validation không áp dụng phải ghi lý do.","2","BACKLOG","MVP-1.0","79","212","","","","","","","","","","","","","","","","","",""
"Community Tourism Platform","CTP","78","CTP-78","Story","Build APK dùng production API URL","Planned Issue Key: CTP-78. Là người trình diễn hệ thống, tôi cần build APK dùng production API URL để đạt mục tiêu: Render, Vercel, Aiven, APK, dữ liệu demo và smoke test bản triển khai. Chỉ triển khai phạm vi trong acceptance criteria; thời gian dự kiến đã bao gồm review, test và tài liệu của Story. Scope: MVP. Planned sprint: CTP Sprint 8 - Testing, Deployment & Defense. Dependencies (planned keys): CTP-76, CTP-64, CTP-70. Acceptance Criteria: 1) Build APK release với API HTTPS của môi trường demo, không localhost và không secret backend. 2) Signing/config nhạy cảm ở ngoài repository; có hướng dẫn build tái lập. 3) Cài APK trên thiết bị thật và mở được login/discovery. 4) Ghi phiên bản APK/API và vị trí artifact trong hướng dẫn bàn giao. Definition of Done (INFRA): 1) Cấu hình/artefact hạ tầng hoàn thành và tái lập được; env mẫu không chứa secret thật. 2) Kết nối/build/health/migration hoặc smoke test tương ứng pass, có bằng chứng và kiểm tra thủ công. 3) Target môi trường được xác minh; không làm mất dữ liệu ngoài phạm vi; có hướng dẫn chẩn đoán/khôi phục phù hợp. 4) Swagger/migration/README cập nhật khi liên quan; authorization/validation không áp dụng phải ghi lý do.","","CTP-17","17","High","2","","CTP Sprint 8 - Testing, Deployment & Defense","MVP","deployment","aiven","flutter","","INFRASTRUCTURE","1) Build APK release với API HTTPS của môi trường demo, không localhost và không secret backend. 2) Signing/config nhạy cảm ở ngoài repository; có hướng dẫn build tái lập. 3) Cài APK trên thiết bị thật và mở được login/discovery. 4) Ghi phiên bản APK/API và vị trí artifact trong hướng dẫn bàn giao.","CTP-76; CTP-64; CTP-70","1) Cấu hình/artefact hạ tầng hoàn thành và tái lập được; env mẫu không chứa secret thật. 2) Kết nối/build/health/migration hoặc smoke test tương ứng pass, có bằng chứng và kiểm tra thủ công. 3) Target môi trường được xác minh; không làm mất dữ liệu ngoài phạm vi; có hướng dẫn chẩn đoán/khôi phục phù hợp. 4) Swagger/migration/README cập nhật khi liên quan; authorization/validation không áp dụng phải ghi lý do.","2","BACKLOG","MVP-1.0","79","212","","","","","","","","","","","","","","","","","",""
"Community Tourism Platform","CTP","79","CTP-79","Story","Smoke test bản triển khai và APK","Planned Issue Key: CTP-79. Là người trình diễn hệ thống, tôi cần smoke test bản triển khai và APK để đạt mục tiêu: Render, Vercel, Aiven, APK, dữ liệu demo và smoke test bản triển khai. Chỉ triển khai phạm vi trong acceptance criteria; thời gian dự kiến đã bao gồm review, test và tài liệu của Story. Scope: MVP. Planned sprint: CTP Sprint 8 - Testing, Deployment & Defense. Dependencies (planned keys): CTP-77, CTP-78. Acceptance Criteria: 1) Trên APK/API deployed, tạo/xác nhận/thu đơn tương lai; dùng booking fixture CONFIRMED đã qua thời điểm kết thúc để hoàn thành/review. Không thay đồng hồ hoặc nới rule trên môi trường demo. 2) React Admin và Flutter cùng thấy dữ liệu; kiểm tra Cloudinary và nút chỉ đường. 3) Xác minh token user bị khóa bị từ chối, Swagger/health truy cập theo cấu hình. 4) Lưu checklist, ảnh/bằng chứng, phiên bản và các hạn chế của hạ tầng demo. Definition of Done (INFRA): 1) Cấu hình/artefact hạ tầng hoàn thành và tái lập được; env mẫu không chứa secret thật. 2) Kết nối/build/health/migration hoặc smoke test tương ứng pass, có bằng chứng và kiểm tra thủ công. 3) Target môi trường được xác minh; không làm mất dữ liệu ngoài phạm vi; có hướng dẫn chẩn đoán/khôi phục phù hợp. 4) Swagger/migration/README cập nhật khi liên quan; authorization/validation không áp dụng phải ghi lý do.","","CTP-17","17","Highest","2","","CTP Sprint 8 - Testing, Deployment & Defense","MVP","deployment","aiven","flutter","","INFRASTRUCTURE","1) Trên APK/API deployed, tạo/xác nhận/thu đơn tương lai; dùng booking fixture CONFIRMED đã qua thời điểm kết thúc để hoàn thành/review. Không thay đồng hồ hoặc nới rule trên môi trường demo. 2) React Admin và Flutter cùng thấy dữ liệu; kiểm tra Cloudinary và nút chỉ đường. 3) Xác minh token user bị khóa bị từ chối, Swagger/health truy cập theo cấu hình. 4) Lưu checklist, ảnh/bằng chứng, phiên bản và các hạn chế của hạ tầng demo.","CTP-77; CTP-78","1) Cấu hình/artefact hạ tầng hoàn thành và tái lập được; env mẫu không chứa secret thật. 2) Kết nối/build/health/migration hoặc smoke test tương ứng pass, có bằng chứng và kiểm tra thủ công. 3) Target môi trường được xác minh; không làm mất dữ liệu ngoài phạm vi; có hướng dẫn chẩn đoán/khôi phục phù hợp. 4) Swagger/migration/README cập nhật khi liên quan; authorization/validation không áp dụng phải ghi lý do.","2","BACKLOG","MVP-1.0","80","82","214","218","","","","","","","","","","","","","","","",""
"Community Tourism Platform","CTP","80","CTP-80","Story","Hoàn thiện README và hướng dẫn chạy/triển khai/sử dụng","Planned Issue Key: CTP-80. Là sinh viên thực hiện đồ án, tôi cần hoàn thiện README và hướng dẫn chạy/triển khai/sử dụng để đạt mục tiêu: README, sơ đồ, tài liệu API/DB, báo cáo kiểm thử, hướng dẫn và bảo vệ. Chỉ triển khai phạm vi trong acceptance criteria; thời gian dự kiến đã bao gồm review, test và tài liệu của Story. Scope: MVP. Planned sprint: CTP Sprint 8 - Testing, Deployment & Defense. Dependencies (planned keys): CTP-79, CTP-50, CTP-43. Acceptance Criteria: 1) README hướng dẫn backend, env, migration, seed, React, Flutter, build APK, Aiven TLS, Render và Vercel. 2) Hướng dẫn sử dụng cho khách/hộ/Admin; nêu xử lý hộ mất duyệt, slot đóng và các trạng thái tiền. 3) OpenAPI cuối cùng khớp API; có collection HTTP để tái hiện luồng demo quan trọng. 4) Một lần làm theo hướng dẫn được kiểm tra; không ghi credential thật vào tài liệu. Definition of Done (DOC): 1) Nội dung đúng đặc tả và bản triển khai tương ứng; sơ đồ/bảng/link đọc được và không mâu thuẫn. 2) Hướng dẫn/command/ví dụ được kiểm tra thủ công khi có thể; nguồn và giới hạn được ghi rõ. 3) Không có secret; các thay đổi API/DB trong tài liệu khớp Swagger/migration; không yêu cầu viết code ứng dụng cho task tài liệu. 4) Self-review hoàn tất; tiêu chí build/test/validation/authorization không áp dụng được ghi N/A kèm lý do, không ghi pass giả.","","CTP-18","18","High","3","","CTP Sprint 8 - Testing, Deployment & Defense","MVP","documentation","","","","DOCUMENTATION","1) README hướng dẫn backend, env, migration, seed, React, Flutter, build APK, Aiven TLS, Render và Vercel. 2) Hướng dẫn sử dụng cho khách/hộ/Admin; nêu xử lý hộ mất duyệt, slot đóng và các trạng thái tiền. 3) OpenAPI cuối cùng khớp API; có collection HTTP để tái hiện luồng demo quan trọng. 4) Một lần làm theo hướng dẫn được kiểm tra; không ghi credential thật vào tài liệu.","CTP-79; CTP-50; CTP-43","1) Nội dung đúng đặc tả và bản triển khai tương ứng; sơ đồ/bảng/link đọc được và không mâu thuẫn. 2) Hướng dẫn/command/ví dụ được kiểm tra thủ công khi có thể; nguồn và giới hạn được ghi rõ. 3) Không có secret; các thay đổi API/DB trong tài liệu khớp Swagger/migration; không yêu cầu viết code ứng dụng cho task tài liệu. 4) Self-review hoàn tất; tiêu chí build/test/validation/authorization không áp dụng được ghi N/A kèm lý do, không ghi pass giả.","4","BACKLOG","MVP-1.0","81","216","","","","","","","","","","","","","","","","","",""
"Community Tourism Platform","CTP","81","CTP-81","Story","Hoàn thiện báo cáo, sơ đồ và kết quả kiểm thử","Planned Issue Key: CTP-81. Là sinh viên thực hiện đồ án, tôi cần hoàn thiện báo cáo, sơ đồ và kết quả kiểm thử để đạt mục tiêu: README, sơ đồ, tài liệu API/DB, báo cáo kiểm thử, hướng dẫn và bảo vệ. Chỉ triển khai phạm vi trong acceptance criteria; thời gian dự kiến đã bao gồm review, test và tài liệu của Story. Scope: MVP. Planned sprint: CTP Sprint 8 - Testing, Deployment & Defense. Dependencies (planned keys): CTP-80, CTP-75, CTP-43. Acceptance Criteria: 1) Báo cáo có yêu cầu, thiết kế, DB, triển khai, kiểm thử, kết quả và giới hạn MVP. 2) ERD/use case/activity/sequence/architecture khớp bản release. 3) Trích dẫn tài liệu công nghệ và phân biệt dữ liệu minh họa với khảo sát thực tế. 4) Nội dung được viết tăng dần ở sprint trước; story này là tổng hợp/hiệu chỉnh, không viết toàn báo cáo từ đầu. Definition of Done (DOC): 1) Nội dung đúng đặc tả và bản triển khai tương ứng; sơ đồ/bảng/link đọc được và không mâu thuẫn. 2) Hướng dẫn/command/ví dụ được kiểm tra thủ công khi có thể; nguồn và giới hạn được ghi rõ. 3) Không có secret; các thay đổi API/DB trong tài liệu khớp Swagger/migration; không yêu cầu viết code ứng dụng cho task tài liệu. 4) Self-review hoàn tất; tiêu chí build/test/validation/authorization không áp dụng được ghi N/A kèm lý do, không ghi pass giả.","","CTP-18","18","High","3","","CTP Sprint 8 - Testing, Deployment & Defense","MVP","documentation","","","","DOCUMENTATION","1) Báo cáo có yêu cầu, thiết kế, DB, triển khai, kiểm thử, kết quả và giới hạn MVP. 2) ERD/use case/activity/sequence/architecture khớp bản release. 3) Trích dẫn tài liệu công nghệ và phân biệt dữ liệu minh họa với khảo sát thực tế. 4) Nội dung được viết tăng dần ở sprint trước; story này là tổng hợp/hiệu chỉnh, không viết toàn báo cáo từ đầu.","CTP-80; CTP-75; CTP-43","1) Nội dung đúng đặc tả và bản triển khai tương ứng; sơ đồ/bảng/link đọc được và không mâu thuẫn. 2) Hướng dẫn/command/ví dụ được kiểm tra thủ công khi có thể; nguồn và giới hạn được ghi rõ. 3) Không có secret; các thay đổi API/DB trong tài liệu khớp Swagger/migration; không yêu cầu viết code ứng dụng cho task tài liệu. 4) Self-review hoàn tất; tiêu chí build/test/validation/authorization không áp dụng được ghi N/A kèm lý do, không ghi pass giả.","4","BACKLOG","MVP-1.0","82","218","","","","","","","","","","","","","","","","","",""
"Community Tourism Platform","CTP","82","CTP-82","Story","Slide, kịch bản demo và diễn tập bảo vệ","Planned Issue Key: CTP-82. Là sinh viên thực hiện đồ án, tôi cần slide, kịch bản demo và diễn tập bảo vệ để đạt mục tiêu: README, sơ đồ, tài liệu API/DB, báo cáo kiểm thử, hướng dẫn và bảo vệ. Chỉ triển khai phạm vi trong acceptance criteria; thời gian dự kiến đã bao gồm review, test và tài liệu của Story. Scope: MVP. Planned sprint: CTP Sprint 8 - Testing, Deployment & Defense. Dependencies (planned keys): CTP-81, CTP-79. Acceptance Criteria: 1) Kịch bản trình bày đa phòng/dịch vụ, chống trùng, idempotency tiền và quyền truy cập. 2) Có nhánh demo lỗi: hết chỗ, expired không cron, user bị khóa và hộ mất duyệt. 3) Slide giải thích thuật toán/transaction/DB và đóng góp của người thực hiện. 4) Diễn tập có thời gian và phương án local/video dự phòng; không hứa dữ liệu demo là người dùng thật. Definition of Done (DOC): 1) Nội dung đúng đặc tả và bản triển khai tương ứng; sơ đồ/bảng/link đọc được và không mâu thuẫn. 2) Hướng dẫn/command/ví dụ được kiểm tra thủ công khi có thể; nguồn và giới hạn được ghi rõ. 3) Không có secret; các thay đổi API/DB trong tài liệu khớp Swagger/migration; không yêu cầu viết code ứng dụng cho task tài liệu. 4) Self-review hoàn tất; tiêu chí build/test/validation/authorization không áp dụng được ghi N/A kèm lý do, không ghi pass giả.","","CTP-18","18","High","3","","CTP Sprint 8 - Testing, Deployment & Defense","MVP","documentation","","","","DOCUMENTATION","1) Kịch bản trình bày đa phòng/dịch vụ, chống trùng, idempotency tiền và quyền truy cập. 2) Có nhánh demo lỗi: hết chỗ, expired không cron, user bị khóa và hộ mất duyệt. 3) Slide giải thích thuật toán/transaction/DB và đóng góp của người thực hiện. 4) Diễn tập có thời gian và phương án local/video dự phòng; không hứa dữ liệu demo là người dùng thật.","CTP-81; CTP-79","1) Nội dung đúng đặc tả và bản triển khai tương ứng; sơ đồ/bảng/link đọc được và không mâu thuẫn. 2) Hướng dẫn/command/ví dụ được kiểm tra thủ công khi có thể; nguồn và giới hạn được ghi rõ. 3) Không có secret; các thay đổi API/DB trong tài liệu khớp Swagger/migration; không yêu cầu viết code ứng dụng cho task tài liệu. 4) Self-review hoàn tất; tiêu chí build/test/validation/authorization không áp dụng được ghi N/A kèm lý do, không ghi pass giả.","3","BACKLOG","MVP-1.0","","","","","","","","","","","","","","","","","","","",""
"Community Tourism Platform","CTP","83","CTP-83","Story","Nâng cấp banner, carousel và giao diện trang chủ","Planned Issue Key: CTP-83. Là khách du lịch, tôi cần nâng cấp banner, carousel và giao diện trang chủ để đạt mục tiêu: Khách khám phá, đặt riêng/kết hợp, xem lịch sử, hủy, review và quản lý tài khoản. Chỉ triển khai phạm vi trong acceptance criteria; thời gian dự kiến đã bao gồm review, test và tài liệu của Story. Scope: Post-MVP. Planned sprint: Post-MVP. Dependencies (planned keys): CTP-73. Acceptance Criteria: 1) Cải thiện hiển thị mà không đổi API/luồng booking. 2) Không làm tăng độ khó sử dụng cho khách; responsive và loading giữ ổn định. 3) Chỉ bắt đầu sau khi release MVP đạt cổng chất lượng. Definition of Done (DEV): 1) Phạm vi triển khai hoàn thành; build/static checks liên quan không lỗi. 2) Test phù hợp và kiểm tra thủ công có bằng chứng; validation, authorization/ownership được kiểm tra nếu áp dụng. 3) Không hardcode secret; Swagger cập nhật nếu đổi API; migration cập nhật nếu đổi DB; README/docs cập nhật nếu cần. 4) Self-review diff/checklist đã làm; acceptance criteria đạt; không còn lỗi Highest/High liên quan chưa xử lý.","","CTP-12","12","Low","3","","Post-MVP","Post-MVP","flutter","frontend","booking","","FLUTTER_CUSTOMER","1) Cải thiện hiển thị mà không đổi API/luồng booking. 2) Không làm tăng độ khó sử dụng cho khách; responsive và loading giữ ổn định. 3) Chỉ bắt đầu sau khi release MVP đạt cổng chất lượng.","CTP-73","1) Phạm vi triển khai hoàn thành; build/static checks liên quan không lỗi. 2) Test phù hợp và kiểm tra thủ công có bằng chứng; validation, authorization/ownership được kiểm tra nếu áp dụng. 3) Không hardcode secret; Swagger cập nhật nếu đổi API; migration cập nhật nếu đổi DB; README/docs cập nhật nếu cần. 4) Self-review diff/checklist đã làm; acceptance criteria đạt; không còn lỗi Highest/High liên quan chưa xử lý.","","BACKLOG","","","","","","","","","","","","","","","","","","","","",""
"Community Tourism Platform","CTP","84","CTP-84","Story","Dashboard Admin phân tích và biểu đồ nâng cao","Planned Issue Key: CTP-84. Là quản trị viên, tôi cần dashboard Admin phân tích và biểu đồ nâng cao để đạt mục tiêu: Admin quản lý tài khoản, duyệt hộ, xem booking, nội dung và thống kê; không sửa trạng thái booking. Chỉ triển khai phạm vi trong acceptance criteria; thời gian dự kiến đã bao gồm review, test và tài liệu của Story. Scope: Post-MVP. Planned sprint: Post-MVP. Dependencies (planned keys): CTP-55, CTP-53. Acceptance Criteria: 1) Thêm biểu đồ theo kỳ/danh mục với định nghĩa chỉ số rõ ràng. 2) Không thay các công thức tiền và khách đã chốt; không nhân JOIN. 3) Dashboard cơ bản MVP vẫn đủ dùng khi story này chưa thực hiện. Definition of Done (DEV): 1) Phạm vi triển khai hoàn thành; build/static checks liên quan không lỗi. 2) Test phù hợp và kiểm tra thủ công có bằng chứng; validation, authorization/ownership được kiểm tra nếu áp dụng. 3) Không hardcode secret; Swagger cập nhật nếu đổi API; migration cập nhật nếu đổi DB; README/docs cập nhật nếu cần. 4) Self-review diff/checklist đã làm; acceptance criteria đạt; không còn lỗi Highest/High liên quan chưa xử lý.","","CTP-14","14","Low","3","","Post-MVP","Post-MVP","react","frontend","security","","ADMIN_WEB","1) Thêm biểu đồ theo kỳ/danh mục với định nghĩa chỉ số rõ ràng. 2) Không thay các công thức tiền và khách đã chốt; không nhân JOIN. 3) Dashboard cơ bản MVP vẫn đủ dùng khi story này chưa thực hiện.","CTP-55; CTP-53","1) Phạm vi triển khai hoàn thành; build/static checks liên quan không lỗi. 2) Test phù hợp và kiểm tra thủ công có bằng chứng; validation, authorization/ownership được kiểm tra nếu áp dụng. 3) Không hardcode secret; Swagger cập nhật nếu đổi API; migration cập nhật nếu đổi DB; README/docs cập nhật nếu cần. 4) Self-review diff/checklist đã làm; acceptance criteria đạt; không còn lỗi Highest/High liên quan chưa xử lý.","","BACKLOG","","","","","","","","","","","","","","","","","","","","",""
"Community Tourism Platform","CTP","85","CTP-85","Story","Biểu đồ và bộ lọc báo cáo hộ nâng cao","Planned Issue Key: CTP-85. Là hộ dân, tôi cần biểu đồ và bộ lọc báo cáo hộ nâng cao để đạt mục tiêu: Hộ quản lý phòng, dịch vụ, lịch, đơn, tiền và chi phí theo quyền hiện tại. Chỉ triển khai phạm vi trong acceptance criteria; thời gian dự kiến đã bao gồm review, test và tài liệu của Story. Scope: Post-MVP. Planned sprint: Post-MVP. Dependencies (planned keys): CTP-71. Acceptance Criteria: 1) Biểu đồ chi tiết theo kỳ dựa API tài chính và permission sẵn có. 2) Khách thực tế và dự kiến, dòng tiền và giá trị đơn vẫn tách biệt. 3) Không chặn thao tác nghiệp vụ khi chưa có báo cáo nâng cao. Definition of Done (DEV): 1) Phạm vi triển khai hoàn thành; build/static checks liên quan không lỗi. 2) Test phù hợp và kiểm tra thủ công có bằng chứng; validation, authorization/ownership được kiểm tra nếu áp dụng. 3) Không hardcode secret; Swagger cập nhật nếu đổi API; migration cập nhật nếu đổi DB; README/docs cập nhật nếu cần. 4) Self-review diff/checklist đã làm; acceptance criteria đạt; không còn lỗi Highest/High liên quan chưa xử lý.","","CTP-13","13","Low","3","","Post-MVP","Post-MVP","flutter","frontend","booking","","FLUTTER_HOUSEHOLD","1) Biểu đồ chi tiết theo kỳ dựa API tài chính và permission sẵn có. 2) Khách thực tế và dự kiến, dòng tiền và giá trị đơn vẫn tách biệt. 3) Không chặn thao tác nghiệp vụ khi chưa có báo cáo nâng cao.","CTP-71","1) Phạm vi triển khai hoàn thành; build/static checks liên quan không lỗi. 2) Test phù hợp và kiểm tra thủ công có bằng chứng; validation, authorization/ownership được kiểm tra nếu áp dụng. 3) Không hardcode secret; Swagger cập nhật nếu đổi API; migration cập nhật nếu đổi DB; README/docs cập nhật nếu cần. 4) Self-review diff/checklist đã làm; acceptance criteria đạt; không còn lỗi Highest/High liên quan chưa xử lý.","","BACKLOG","","","","","","","","","","","","","","","","","","","","",""
"Community Tourism Platform","CTP","86","CTP-86","Story","Sửa/ẩn chi phí có lưu vết","Planned Issue Key: CTP-86. Là hộ dân, tôi cần sửa/ẩn chi phí có lưu vết để đạt mục tiêu: Chi phí và các chỉ số tài chính không cộng trùng booking với sổ tiền. Chỉ triển khai phạm vi trong acceptance criteria; thời gian dự kiến đã bao gồm review, test và tài liệu của Story. Scope: Post-MVP. Planned sprint: Post-MVP. Dependencies (planned keys): CTP-53. Acceptance Criteria: 1) Chỉ chủ hộ được sửa/ẩn expense, lưu giá trị trước/sau, actor và lý do. 2) Không sửa/xóa ledger receipt/refund hoặc biến expense thành khoản thu. 3) Thống kê loại expense đã ẩn; lịch sử audit vẫn truy xuất được. Definition of Done (DEV): 1) Phạm vi triển khai hoàn thành; build/static checks liên quan không lỗi. 2) Test phù hợp và kiểm tra thủ công có bằng chứng; validation, authorization/ownership được kiểm tra nếu áp dụng. 3) Không hardcode secret; Swagger cập nhật nếu đổi API; migration cập nhật nếu đổi DB; README/docs cập nhật nếu cần. 4) Self-review diff/checklist đã làm; acceptance criteria đạt; không còn lỗi Highest/High liên quan chưa xử lý.","","CTP-10","10","Low","3","","Post-MVP","Post-MVP","payment","backend","","","BACKEND","1) Chỉ chủ hộ được sửa/ẩn expense, lưu giá trị trước/sau, actor và lý do. 2) Không sửa/xóa ledger receipt/refund hoặc biến expense thành khoản thu. 3) Thống kê loại expense đã ẩn; lịch sử audit vẫn truy xuất được.","CTP-53","1) Phạm vi triển khai hoàn thành; build/static checks liên quan không lỗi. 2) Test phù hợp và kiểm tra thủ công có bằng chứng; validation, authorization/ownership được kiểm tra nếu áp dụng. 3) Không hardcode secret; Swagger cập nhật nếu đổi API; migration cập nhật nếu đổi DB; README/docs cập nhật nếu cần. 4) Self-review diff/checklist đã làm; acceptance criteria đạt; không còn lỗi Highest/High liên quan chưa xử lý.","","BACKLOG","","","","","","","","","","","","","","","","","","","","",""
"Community Tourism Platform","CTP","87","CTP-87","Story","Nhúng video và trình bày bài văn hóa nâng cao","Planned Issue Key: CTP-87. Là người quản lý nội dung, tôi cần nhúng video và trình bày bài văn hóa nâng cao để đạt mục tiêu: Nội dung văn hóa có nháp/xuất bản, ảnh, video URL và hiển thị cho khách. Chỉ triển khai phạm vi trong acceptance criteria; thời gian dự kiến đã bao gồm review, test và tài liệu của Story. Scope: Post-MVP. Planned sprint: Post-MVP. Dependencies (planned keys): CTP-72, CTP-73. Acceptance Criteria: 1) Chỉ nhúng nguồn được cho phép; không thực thi HTML/script tùy ý. 2) Fallback mở URL khi player không hoạt động. 3) Không thay đổi quy tắc DRAFT/PUBLISHED. Definition of Done (DEV): 1) Phạm vi triển khai hoàn thành; build/static checks liên quan không lỗi. 2) Test phù hợp và kiểm tra thủ công có bằng chứng; validation, authorization/ownership được kiểm tra nếu áp dụng. 3) Không hardcode secret; Swagger cập nhật nếu đổi API; migration cập nhật nếu đổi DB; README/docs cập nhật nếu cần. 4) Self-review diff/checklist đã làm; acceptance criteria đạt; không còn lỗi Highest/High liên quan chưa xử lý.","","CTP-15","15","Low","2","","Post-MVP","Post-MVP","backend","frontend","","","BACKEND","1) Chỉ nhúng nguồn được cho phép; không thực thi HTML/script tùy ý. 2) Fallback mở URL khi player không hoạt động. 3) Không thay đổi quy tắc DRAFT/PUBLISHED.","CTP-72; CTP-73","1) Phạm vi triển khai hoàn thành; build/static checks liên quan không lỗi. 2) Test phù hợp và kiểm tra thủ công có bằng chứng; validation, authorization/ownership được kiểm tra nếu áp dụng. 3) Không hardcode secret; Swagger cập nhật nếu đổi API; migration cập nhật nếu đổi DB; README/docs cập nhật nếu cần. 4) Self-review diff/checklist đã làm; acceptance criteria đạt; không còn lỗi Highest/High liên quan chưa xử lý.","","BACKLOG","","","","","","","","","","","","","","","","","","","","",""
"Community Tourism Platform","CTP","88","CTP-88","Story","Ẩn/hiện review có lý do và lịch sử quản trị","Planned Issue Key: CTP-88. Là khách du lịch, tôi cần ẩn/hiện review có lý do và lịch sử quản trị để đạt mục tiêu: Một review tổng thể hộ dân cho mỗi booking đã hoàn thành. Chỉ triển khai phạm vi trong acceptance criteria; thời gian dự kiến đã bao gồm review, test và tài liệu của Story. Scope: Post-MVP. Planned sprint: Post-MVP. Dependencies (planned keys): CTP-54, CTP-55. Acceptance Criteria: 1) Admin ẩn/hiện review có reason/audit; không sửa nội dung người dùng. 2) Rating công khai tính theo review đang hiển thị, không làm mất bản ghi gốc. 3) Một review mỗi booking vẫn giữ nguyên khi ẩn. Definition of Done (DEV): 1) Phạm vi triển khai hoàn thành; build/static checks liên quan không lỗi. 2) Test phù hợp và kiểm tra thủ công có bằng chứng; validation, authorization/ownership được kiểm tra nếu áp dụng. 3) Không hardcode secret; Swagger cập nhật nếu đổi API; migration cập nhật nếu đổi DB; README/docs cập nhật nếu cần. 4) Self-review diff/checklist đã làm; acceptance criteria đạt; không còn lỗi Highest/High liên quan chưa xử lý.","","CTP-11","11","Low","3","","Post-MVP","Post-MVP","backend","security","","","BACKEND","1) Admin ẩn/hiện review có reason/audit; không sửa nội dung người dùng. 2) Rating công khai tính theo review đang hiển thị, không làm mất bản ghi gốc. 3) Một review mỗi booking vẫn giữ nguyên khi ẩn.","CTP-54; CTP-55","1) Phạm vi triển khai hoàn thành; build/static checks liên quan không lỗi. 2) Test phù hợp và kiểm tra thủ công có bằng chứng; validation, authorization/ownership được kiểm tra nếu áp dụng. 3) Không hardcode secret; Swagger cập nhật nếu đổi API; migration cập nhật nếu đổi DB; README/docs cập nhật nếu cần. 4) Self-review diff/checklist đã làm; acceptance criteria đạt; không còn lỗi Highest/High liên quan chưa xử lý.","","BACKLOG","","","","","","","","","","","","","","","","","","","","",""
"Community Tourism Platform","CTP","89","CTP-89","Story","Tạo nhiều service slot từ lịch mẫu","Planned Issue Key: CTP-89. Là hộ dân, tôi cần tạo nhiều service slot từ lịch mẫu để đạt mục tiêu: Slot có OPEN/CLOSED, lịch UTC, capacity và unique thời gian; không lưu booked_quantity. Chỉ triển khai phạm vi trong acceptance criteria; thời gian dự kiến đã bao gồm review, test và tài liệu của Story. Scope: Post-MVP. Planned sprint: Post-MVP. Dependencies (planned keys): CTP-41, CTP-68. Acceptance Criteria: 1) Sinh slot theo khoảng ngày/khung giờ, kiểm tra timezone và unique đã có. 2) Preview rõ số slot tạo mới/trùng; không sửa slot đã có booking. 3) Giữ nguyên capacity theo slot và không thêm booked_quantity. Definition of Done (DEV): 1) Phạm vi triển khai hoàn thành; build/static checks liên quan không lỗi. 2) Test phù hợp và kiểm tra thủ công có bằng chứng; validation, authorization/ownership được kiểm tra nếu áp dụng. 3) Không hardcode secret; Swagger cập nhật nếu đổi API; migration cập nhật nếu đổi DB; README/docs cập nhật nếu cần. 4) Self-review diff/checklist đã làm; acceptance criteria đạt; không còn lỗi Highest/High liên quan chưa xử lý.","","CTP-6","6","Low","5","","Post-MVP","Post-MVP","backend","availability","database","","BACKEND","1) Sinh slot theo khoảng ngày/khung giờ, kiểm tra timezone và unique đã có. 2) Preview rõ số slot tạo mới/trùng; không sửa slot đã có booking. 3) Giữ nguyên capacity theo slot và không thêm booked_quantity.","CTP-41; CTP-68","1) Phạm vi triển khai hoàn thành; build/static checks liên quan không lỗi. 2) Test phù hợp và kiểm tra thủ công có bằng chứng; validation, authorization/ownership được kiểm tra nếu áp dụng. 3) Không hardcode secret; Swagger cập nhật nếu đổi API; migration cập nhật nếu đổi DB; README/docs cập nhật nếu cần. 4) Self-review diff/checklist đã làm; acceptance criteria đạt; không còn lỗi Highest/High liên quan chưa xử lý.","","BACKLOG","","","","","","","","","","","","","","","","","","","","",""
"Community Tourism Platform","CTP","90","CTP-90","Story","Tìm kiếm nâng cao theo khoảng cách và nhiều tiêu chí","Planned Issue Key: CTP-90. Là khách du lịch, tôi cần tìm kiếm nâng cao theo khoảng cách và nhiều tiêu chí để đạt mục tiêu: Khách khám phá, đặt riêng/kết hợp, xem lịch sử, hủy, review và quản lý tài khoản. Chỉ triển khai phạm vi trong acceptance criteria; thời gian dự kiến đã bao gồm review, test và tài liệu của Story. Scope: Post-MVP. Planned sprint: Post-MVP. Dependencies (planned keys): CTP-59, CTP-31. Acceptance Criteria: 1) Tìm theo tọa độ/khoảng cách dùng dữ liệu hộ, có xử lý hộ thiếu tọa độ. 2) Không hiển thị hộ chưa duyệt hoặc tài nguyên không được mở bán. 3) Không đưa bản đồ nhúng hoặc chi phí API bản đồ vào phạm vi story. Definition of Done (DEV): 1) Phạm vi triển khai hoàn thành; build/static checks liên quan không lỗi. 2) Test phù hợp và kiểm tra thủ công có bằng chứng; validation, authorization/ownership được kiểm tra nếu áp dụng. 3) Không hardcode secret; Swagger cập nhật nếu đổi API; migration cập nhật nếu đổi DB; README/docs cập nhật nếu cần. 4) Self-review diff/checklist đã làm; acceptance criteria đạt; không còn lỗi Highest/High liên quan chưa xử lý.","","CTP-12","12","Low","5","","Post-MVP","Post-MVP","flutter","frontend","booking","","FLUTTER_CUSTOMER","1) Tìm theo tọa độ/khoảng cách dùng dữ liệu hộ, có xử lý hộ thiếu tọa độ. 2) Không hiển thị hộ chưa duyệt hoặc tài nguyên không được mở bán. 3) Không đưa bản đồ nhúng hoặc chi phí API bản đồ vào phạm vi story.","CTP-59; CTP-31","1) Phạm vi triển khai hoàn thành; build/static checks liên quan không lỗi. 2) Test phù hợp và kiểm tra thủ công có bằng chứng; validation, authorization/ownership được kiểm tra nếu áp dụng. 3) Không hardcode secret; Swagger cập nhật nếu đổi API; migration cập nhật nếu đổi DB; README/docs cập nhật nếu cần. 4) Self-review diff/checklist đã làm; acceptance criteria đạt; không còn lỗi Highest/High liên quan chưa xử lý.","","BACKLOG","","","","","","","","","","","","","","","","","","","","",""
"Community Tourism Platform","CTP","91","CTP-91","Sub-task","Dựng repository, Express và React skeleton","Planned Issue Key: CTP-91. Đóng góp cho CTP-19 — Dựng monorepo, Express và môi trường phát triển. Thực hiện phần công việc cụ thể trong summary; không mở rộng ngoài acceptance criteria của Story. Không ước lượng Story Points riêng; công sức đã nằm trong Story cha. Scope: MVP. Planned sprint: CTP Sprint 1 - Foundation. Dependencies (planned keys): None. Acceptance Criteria: 1) Monorepo có backend, admin-web, mobile-app và docs; Express có health endpoint chạy bằng lệnh README. 2) Env mẫu, gitignore, scripts và cấu hình build không chứa credential thật. 3) Skeleton React được tạo và build được; quy tắc UTF-8, log và tên biến môi trường được thống nhất. Definition of Done (INFRA): 1) Cấu hình/artefact hạ tầng hoàn thành và tái lập được; env mẫu không chứa secret thật. 2) Kết nối/build/health/migration hoặc smoke test tương ứng pass, có bằng chứng và kiểm tra thủ công. 3) Target môi trường được xác minh; không làm mất dữ liệu ngoài phạm vi; có hướng dẫn chẩn đoán/khôi phục phù hợp. 4) Swagger/migration/README cập nhật khi liên quan; authorization/validation không áp dụng phải ghi lý do.","","","19","Highest","","","CTP Sprint 1 - Foundation","MVP","backend","database","deployment","","INFRASTRUCTURE","1) Monorepo có backend, admin-web, mobile-app và docs; Express có health endpoint chạy bằng lệnh README. 2) Env mẫu, gitignore, scripts và cấu hình build không chứa credential thật. 3) Skeleton React được tạo và build được; quy tắc UTF-8, log và tên biến môi trường được thống nhất.","","1) Cấu hình/artefact hạ tầng hoàn thành và tái lập được; env mẫu không chứa secret thật. 2) Kết nối/build/health/migration hoặc smoke test tương ứng pass, có bằng chứng và kiểm tra thủ công. 3) Target môi trường được xác minh; không làm mất dữ liệu ngoài phạm vi; có hướng dẫn chẩn đoán/khôi phục phù hợp. 4) Swagger/migration/README cập nhật khi liên quan; authorization/validation không áp dụng phải ghi lý do.","","BACKLOG","MVP-1.0","92","","","","","","","","","","","","","","","","","","",""
"Community Tourism Platform","CTP","92","CTP-92","Sub-task","Kiểm chứng toolchain Flutter/Android và hướng dẫn chạy","Planned Issue Key: CTP-92. Đóng góp cho CTP-19 — Dựng monorepo, Express và môi trường phát triển. Kiểm chứng/tích hợp hoặc hoàn thiện phần còn lại nêu trong summary; ghi kết quả và cập nhật tài liệu liên quan. Không ước lượng Story Points riêng; công sức đã nằm trong Story cha. Scope: MVP. Planned sprint: CTP Sprint 1 - Foundation. Dependencies (planned keys): CTP-91. Acceptance Criteria: 1) Xác minh Node/Git và Flutter/Android SDK; chạy được APK debug tối thiểu hoặc ghi blocker môi trường cụ thể trước khi bắt đầu chức năng mobile. 2) Làm theo hướng dẫn tại máy và ghi rõ SDK/JDK/Android toolchain đã kiểm chứng; không ghi pass nếu còn blocker. Definition of Done (QA): 1) Kịch bản, fixture và bằng chứng kiểm thử hoàn thành; môi trường/phiên bản và lệnh tái hiện được ghi rõ. 2) Các case trong phạm vi pass; lỗi phát hiện có issue/liên kết và retest; build liên quan không lỗi. 3) Các tiêu chí validation, authorization, secret, Swagger, migration và docs được kiểm tra theo phạm vi; N/A phải có lý do. 4) Kiểm tra thủ công hoàn thành; không dùng mock/in-memory để kết luận concurrency MySQL đạt.","","","19","Highest","","","CTP Sprint 1 - Foundation","MVP","backend","database","deployment","","INFRASTRUCTURE","1) Xác minh Node/Git và Flutter/Android SDK; chạy được APK debug tối thiểu hoặc ghi blocker môi trường cụ thể trước khi bắt đầu chức năng mobile. 2) Làm theo hướng dẫn tại máy và ghi rõ SDK/JDK/Android toolchain đã kiểm chứng; không ghi pass nếu còn blocker.","CTP-91","1) Kịch bản, fixture và bằng chứng kiểm thử hoàn thành; môi trường/phiên bản và lệnh tái hiện được ghi rõ. 2) Các case trong phạm vi pass; lỗi phát hiện có issue/liên kết và retest; build liên quan không lỗi. 3) Các tiêu chí validation, authorization, secret, Swagger, migration và docs được kiểm tra theo phạm vi; N/A phải có lý do. 4) Kiểm tra thủ công hoàn thành; không dùng mock/in-memory để kết luận concurrency MySQL đạt.","","BACKLOG","MVP-1.0","","","","","","","","","","","","","","","","","","","",""
"Community Tourism Platform","CTP","93","CTP-93","Sub-task","Cấu hình Prisma, CA và kết nối Aiven","Planned Issue Key: CTP-93. Đóng góp cho CTP-20 — Kiểm chứng Prisma–Aiven TLS và kết nối từ Render. Thực hiện phần công việc cụ thể trong summary; không mở rộng ngoài acceptance criteria của Story. Không ước lượng Story Points riêng; công sức đã nằm trong Story cha. Scope: MVP. Planned sprint: CTP Sprint 1 - Foundation. Dependencies (planned keys): CTP-19. Acceptance Criteria: 1) Chọn và khóa bộ phiên bản Prisma/client/driver sau khi kết nối Aiven bằng TLS xác minh CA/hostname thành công. 2) CA sai bị từ chối; log không lộ credential; không dùng cấu hình bỏ xác minh chứng chỉ. Definition of Done (DEV): 1) Phạm vi triển khai hoàn thành; build/static checks liên quan không lỗi. 2) Test phù hợp và kiểm tra thủ công có bằng chứng; validation, authorization/ownership được kiểm tra nếu áp dụng. 3) Không hardcode secret; Swagger cập nhật nếu đổi API; migration cập nhật nếu đổi DB; README/docs cập nhật nếu cần. 4) Self-review diff/checklist đã làm; acceptance criteria đạt; không còn lỗi Highest/High liên quan chưa xử lý.","","","20","Highest","","","CTP Sprint 1 - Foundation","MVP","prisma","aiven","database","deployment","DATABASE","1) Chọn và khóa bộ phiên bản Prisma/client/driver sau khi kết nối Aiven bằng TLS xác minh CA/hostname thành công. 2) CA sai bị từ chối; log không lộ credential; không dùng cấu hình bỏ xác minh chứng chỉ.","CTP-19","1) Phạm vi triển khai hoàn thành; build/static checks liên quan không lỗi. 2) Test phù hợp và kiểm tra thủ công có bằng chứng; validation, authorization/ownership được kiểm tra nếu áp dụng. 3) Không hardcode secret; Swagger cập nhật nếu đổi API; migration cập nhật nếu đổi DB; README/docs cập nhật nếu cần. 4) Self-review diff/checklist đã làm; acceptance criteria đạt; không còn lỗi Highest/High liên quan chưa xử lý.","","BACKLOG","MVP-1.0","94","","","","","","","","","","","","","","","","","","",""
"Community Tourism Platform","CTP","94","CTP-94","Sub-task","Chạy probe migration, rollback và kết nối Render","Planned Issue Key: CTP-94. Đóng góp cho CTP-20 — Kiểm chứng Prisma–Aiven TLS và kết nối từ Render. Kiểm chứng/tích hợp hoặc hoàn thiện phần còn lại nêu trong summary; ghi kết quả và cập nhật tài liệu liên quan. Không ước lượng Story Points riêng; công sức đã nằm trong Story cha. Scope: MVP. Planned sprint: CTP Sprint 1 - Foundation. Dependencies (planned keys): CTP-93. Acceptance Criteria: 1) Migration tối thiểu, đọc/ghi và rollback chạy trên DB phát triển riêng. 2) Backend tối thiểu trên Render kết nối được Aiven; lưu bằng chứng và cấu hình mẫu. Definition of Done (QA): 1) Kịch bản, fixture và bằng chứng kiểm thử hoàn thành; môi trường/phiên bản và lệnh tái hiện được ghi rõ. 2) Các case trong phạm vi pass; lỗi phát hiện có issue/liên kết và retest; build liên quan không lỗi. 3) Các tiêu chí validation, authorization, secret, Swagger, migration và docs được kiểm tra theo phạm vi; N/A phải có lý do. 4) Kiểm tra thủ công hoàn thành; không dùng mock/in-memory để kết luận concurrency MySQL đạt.","","","20","Highest","","","CTP Sprint 1 - Foundation","MVP","prisma","aiven","database","deployment","DATABASE","1) Migration tối thiểu, đọc/ghi và rollback chạy trên DB phát triển riêng. 2) Backend tối thiểu trên Render kết nối được Aiven; lưu bằng chứng và cấu hình mẫu.","CTP-93","1) Kịch bản, fixture và bằng chứng kiểm thử hoàn thành; môi trường/phiên bản và lệnh tái hiện được ghi rõ. 2) Các case trong phạm vi pass; lỗi phát hiện có issue/liên kết và retest; build liên quan không lỗi. 3) Các tiêu chí validation, authorization, secret, Swagger, migration và docs được kiểm tra theo phạm vi; N/A phải có lý do. 4) Kiểm tra thủ công hoàn thành; không dùng mock/in-memory để kết luận concurrency MySQL đạt.","","BACKLOG","MVP-1.0","","","","","","","","","","","","","","","","","","","",""
"Community Tourism Platform","CTP","95","CTP-95","Sub-task","Viết kiến trúc và use case MVP","Planned Issue Key: CTP-95. Đóng góp cho CTP-21 — Chốt kiến trúc, use case và ranh giới MVP. Thực hiện phần công việc cụ thể trong summary; không mở rộng ngoài acceptance criteria của Story. Không ước lượng Story Points riêng; công sức đã nằm trong Story cha. Scope: MVP. Planned sprint: CTP Sprint 1 - Foundation. Dependencies (planned keys): CTP-19. Acceptance Criteria: 1) Tài liệu mô tả một backend/một DB, ba vai trò, hai giao diện Flutter và React Admin. 2) Phạm vi loại trừ partial cancellation, ngày riêng từng phòng, cổng thanh toán thật, kho và chat. Definition of Done (DOC): 1) Nội dung đúng đặc tả và bản triển khai tương ứng; sơ đồ/bảng/link đọc được và không mâu thuẫn. 2) Hướng dẫn/command/ví dụ được kiểm tra thủ công khi có thể; nguồn và giới hạn được ghi rõ. 3) Không có secret; các thay đổi API/DB trong tài liệu khớp Swagger/migration; không yêu cầu viết code ứng dụng cho task tài liệu. 4) Self-review hoàn tất; tiêu chí build/test/validation/authorization không áp dụng được ghi N/A kèm lý do, không ghi pass giả.","","","21","High","","","CTP Sprint 1 - Foundation","MVP","documentation","","","","DOCUMENTATION","1) Tài liệu mô tả một backend/một DB, ba vai trò, hai giao diện Flutter và React Admin. 2) Phạm vi loại trừ partial cancellation, ngày riêng từng phòng, cổng thanh toán thật, kho và chat.","CTP-19","1) Nội dung đúng đặc tả và bản triển khai tương ứng; sơ đồ/bảng/link đọc được và không mâu thuẫn. 2) Hướng dẫn/command/ví dụ được kiểm tra thủ công khi có thể; nguồn và giới hạn được ghi rõ. 3) Không có secret; các thay đổi API/DB trong tài liệu khớp Swagger/migration; không yêu cầu viết code ứng dụng cho task tài liệu. 4) Self-review hoàn tất; tiêu chí build/test/validation/authorization không áp dụng được ghi N/A kèm lý do, không ghi pass giả.","","BACKLOG","MVP-1.0","96","","","","","","","","","","","","","","","","","","",""
"Community Tourism Platform","CTP","96","CTP-96","Sub-task","Đối chiếu ERD nháp và ma trận quyền","Planned Issue Key: CTP-96. Đóng góp cho CTP-21 — Chốt kiến trúc, use case và ranh giới MVP. Kiểm chứng/tích hợp hoặc hoàn thiện phần còn lại nêu trong summary; ghi kết quả và cập nhật tài liệu liên quan. Không ước lượng Story Points riêng; công sức đã nằm trong Story cha. Scope: MVP. Planned sprint: CTP Sprint 1 - Foundation. Dependencies (planned keys): CTP-95. Acceptance Criteria: 1) Use case và ma trận quyền phân biệt nhận booking mới với xử lý đơn cũ khi hộ mất duyệt. 2) ERD bản nháp phản ánh hai bảng booking items, ledger, room blocks, slot và lịch sử trạng thái. Definition of Done (DOC): 1) Nội dung đúng đặc tả và bản triển khai tương ứng; sơ đồ/bảng/link đọc được và không mâu thuẫn. 2) Hướng dẫn/command/ví dụ được kiểm tra thủ công khi có thể; nguồn và giới hạn được ghi rõ. 3) Không có secret; các thay đổi API/DB trong tài liệu khớp Swagger/migration; không yêu cầu viết code ứng dụng cho task tài liệu. 4) Self-review hoàn tất; tiêu chí build/test/validation/authorization không áp dụng được ghi N/A kèm lý do, không ghi pass giả.","","","21","High","","","CTP Sprint 1 - Foundation","MVP","documentation","","","","DOCUMENTATION","1) Use case và ma trận quyền phân biệt nhận booking mới với xử lý đơn cũ khi hộ mất duyệt. 2) ERD bản nháp phản ánh hai bảng booking items, ledger, room blocks, slot và lịch sử trạng thái.","CTP-95","1) Nội dung đúng đặc tả và bản triển khai tương ứng; sơ đồ/bảng/link đọc được và không mâu thuẫn. 2) Hướng dẫn/command/ví dụ được kiểm tra thủ công khi có thể; nguồn và giới hạn được ghi rõ. 3) Không có secret; các thay đổi API/DB trong tài liệu khớp Swagger/migration; không yêu cầu viết code ứng dụng cho task tài liệu. 4) Self-review hoàn tất; tiêu chí build/test/validation/authorization không áp dụng được ghi N/A kèm lý do, không ghi pass giả.","","BACKLOG","MVP-1.0","","","","","","","","","","","","","","","","","","","",""
"Community Tourism Platform","CTP","97","CTP-97","Sub-task","Tạo schema và migration có ràng buộc dữ liệu","Planned Issue Key: CTP-97. Đóng góp cho CTP-22 — Tạo schema, migration và seed nền tảng MVP. Thực hiện phần công việc cụ thể trong summary; không mở rộng ngoài acceptance criteria của Story. Không ước lượng Story Points riêng; công sức đã nằm trong Story cha. Scope: MVP. Planned sprint: CTP Sprint 1 - Foundation. Dependencies (planned keys): CTP-20, CTP-21. Acceptance Criteria: 1) Schema có users, households, rooms, services, slots, booking và hai bảng items, blocks, payments, expenses, reviews, cultural posts, ảnh và lịch sử. 2) Room/block dùng DATE; instant dùng UTC DATETIME(3); tiền dùng DECIMAL(15,0); không có rooms.quantity hoặc booked_quantity. 3) Unique gồm booking_code, booking-room, booking-slot, service-start-end, review-booking và khóa idempotency. Definition of Done (DEV): 1) Phạm vi triển khai hoàn thành; build/static checks liên quan không lỗi. 2) Test phù hợp và kiểm tra thủ công có bằng chứng; validation, authorization/ownership được kiểm tra nếu áp dụng. 3) Không hardcode secret; Swagger cập nhật nếu đổi API; migration cập nhật nếu đổi DB; README/docs cập nhật nếu cần. 4) Self-review diff/checklist đã làm; acceptance criteria đạt; không còn lỗi Highest/High liên quan chưa xử lý.","","","22","Highest","","","CTP Sprint 1 - Foundation","MVP","database","prisma","aiven","","DATABASE","1) Schema có users, households, rooms, services, slots, booking và hai bảng items, blocks, payments, expenses, reviews, cultural posts, ảnh và lịch sử. 2) Room/block dùng DATE; instant dùng UTC DATETIME(3); tiền dùng DECIMAL(15,0); không có rooms.quantity hoặc booked_quantity. 3) Unique gồm booking_code, booking-room, booking-slot, service-start-end, review-booking và khóa idempotency.","CTP-20; CTP-21","1) Phạm vi triển khai hoàn thành; build/static checks liên quan không lỗi. 2) Test phù hợp và kiểm tra thủ công có bằng chứng; validation, authorization/ownership được kiểm tra nếu áp dụng. 3) Không hardcode secret; Swagger cập nhật nếu đổi API; migration cập nhật nếu đổi DB; README/docs cập nhật nếu cần. 4) Self-review diff/checklist đã làm; acceptance criteria đạt; không còn lỗi Highest/High liên quan chưa xử lý.","","BACKLOG","MVP-1.0","98","","","","","","","","","","","","","","","","","","",""
"Community Tourism Platform","CTP","98","CTP-98","Sub-task","Seed dữ liệu và kiểm tra tái tạo database","Planned Issue Key: CTP-98. Đóng góp cho CTP-22 — Tạo schema, migration và seed nền tảng MVP. Kiểm chứng/tích hợp hoặc hoàn thiện phần còn lại nêu trong summary; ghi kết quả và cập nhật tài liệu liên quan. Không ước lượng Story Points riêng; công sức đã nằm trong Story cha. Scope: MVP. Planned sprint: CTP Sprint 1 - Foundation. Dependencies (planned keys): CTP-97. Acceptance Criteria: 1) Migrate DB rỗng và seed demo chạy lại an toàn; demo gồm 1 admin, 2 hộ, 5 khách, không dùng mật khẩu thật. 2) Đối chiếu schema/migration với ERD và kiểm tra seed không chứa mật khẩu thật. Definition of Done (QA): 1) Kịch bản, fixture và bằng chứng kiểm thử hoàn thành; môi trường/phiên bản và lệnh tái hiện được ghi rõ. 2) Các case trong phạm vi pass; lỗi phát hiện có issue/liên kết và retest; build liên quan không lỗi. 3) Các tiêu chí validation, authorization, secret, Swagger, migration và docs được kiểm tra theo phạm vi; N/A phải có lý do. 4) Kiểm tra thủ công hoàn thành; không dùng mock/in-memory để kết luận concurrency MySQL đạt.","","","22","Highest","","","CTP Sprint 1 - Foundation","MVP","database","prisma","aiven","","DATABASE","1) Migrate DB rỗng và seed demo chạy lại an toàn; demo gồm 1 admin, 2 hộ, 5 khách, không dùng mật khẩu thật. 2) Đối chiếu schema/migration với ERD và kiểm tra seed không chứa mật khẩu thật.","CTP-97","1) Kịch bản, fixture và bằng chứng kiểm thử hoàn thành; môi trường/phiên bản và lệnh tái hiện được ghi rõ. 2) Các case trong phạm vi pass; lỗi phát hiện có issue/liên kết và retest; build liên quan không lỗi. 3) Các tiêu chí validation, authorization, secret, Swagger, migration và docs được kiểm tra theo phạm vi; N/A phải có lý do. 4) Kiểm tra thủ công hoàn thành; không dùng mock/in-memory để kết luận concurrency MySQL đạt.","","BACKLOG","MVP-1.0","","","","","","","","","","","","","","","","","","","",""
"Community Tourism Platform","CTP","99","CTP-99","Sub-task","Tạo middleware validation, lỗi và logging","Planned Issue Key: CTP-99. Đóng góp cho CTP-23 — Chuẩn hóa validation, lỗi, log và Swagger nền. Thực hiện phần công việc cụ thể trong summary; không mở rộng ngoài acceptance criteria của Story. Không ước lượng Story Points riêng; công sức đã nằm trong Story cha. Scope: MVP. Planned sprint: CTP Sprint 1 - Foundation. Dependencies (planned keys): CTP-19. Acceptance Criteria: 1) Response success/error và pagination thống nhất; lỗi validation, auth, not-found, conflict được ánh xạ đúng HTTP. 2) Log có request ID và che dữ liệu nhạy cảm; không trả stack nội bộ ở môi trường triển khai. 3) Health/readiness phân biệt tiến trình chạy với kết nối DB; CORS/helmet/rate-limit được cấu hình qua env. Definition of Done (DEV): 1) Phạm vi triển khai hoàn thành; build/static checks liên quan không lỗi. 2) Test phù hợp và kiểm tra thủ công có bằng chứng; validation, authorization/ownership được kiểm tra nếu áp dụng. 3) Không hardcode secret; Swagger cập nhật nếu đổi API; migration cập nhật nếu đổi DB; README/docs cập nhật nếu cần. 4) Self-review diff/checklist đã làm; acceptance criteria đạt; không còn lỗi Highest/High liên quan chưa xử lý.","","","23","High","","","CTP Sprint 1 - Foundation","MVP","backend","security","documentation","","BACKEND","1) Response success/error và pagination thống nhất; lỗi validation, auth, not-found, conflict được ánh xạ đúng HTTP. 2) Log có request ID và che dữ liệu nhạy cảm; không trả stack nội bộ ở môi trường triển khai. 3) Health/readiness phân biệt tiến trình chạy với kết nối DB; CORS/helmet/rate-limit được cấu hình qua env.","CTP-19","1) Phạm vi triển khai hoàn thành; build/static checks liên quan không lỗi. 2) Test phù hợp và kiểm tra thủ công có bằng chứng; validation, authorization/ownership được kiểm tra nếu áp dụng. 3) Không hardcode secret; Swagger cập nhật nếu đổi API; migration cập nhật nếu đổi DB; README/docs cập nhật nếu cần. 4) Self-review diff/checklist đã làm; acceptance criteria đạt; không còn lỗi Highest/High liên quan chưa xử lý.","","BACKLOG","MVP-1.0","100","","","","","","","","","","","","","","","","","","",""
"Community Tourism Platform","CTP","100","CTP-100","Sub-task","Hoàn thiện Swagger base và kiểm tra HTTP contract","Planned Issue Key: CTP-100. Đóng góp cho CTP-23 — Chuẩn hóa validation, lỗi, log và Swagger nền. Kiểm chứng/tích hợp hoặc hoàn thiện phần còn lại nêu trong summary; ghi kết quả và cập nhật tài liệu liên quan. Không ước lượng Story Points riêng; công sức đã nằm trong Story cha. Scope: MVP. Planned sprint: CTP Sprint 1 - Foundation. Dependencies (planned keys): CTP-99. Acceptance Criteria: 1) Swagger /api-docs có security scheme và các endpoint nền hiện hữu. 2) Gọi thử các response success, validation, auth, not-found, conflict và đối chiếu OpenAPI. Definition of Done (QA): 1) Kịch bản, fixture và bằng chứng kiểm thử hoàn thành; môi trường/phiên bản và lệnh tái hiện được ghi rõ. 2) Các case trong phạm vi pass; lỗi phát hiện có issue/liên kết và retest; build liên quan không lỗi. 3) Các tiêu chí validation, authorization, secret, Swagger, migration và docs được kiểm tra theo phạm vi; N/A phải có lý do. 4) Kiểm tra thủ công hoàn thành; không dùng mock/in-memory để kết luận concurrency MySQL đạt.","","","23","High","","","CTP Sprint 1 - Foundation","MVP","backend","security","documentation","","BACKEND","1) Swagger /api-docs có security scheme và các endpoint nền hiện hữu. 2) Gọi thử các response success, validation, auth, not-found, conflict và đối chiếu OpenAPI.","CTP-99","1) Kịch bản, fixture và bằng chứng kiểm thử hoàn thành; môi trường/phiên bản và lệnh tái hiện được ghi rõ. 2) Các case trong phạm vi pass; lỗi phát hiện có issue/liên kết và retest; build liên quan không lỗi. 3) Các tiêu chí validation, authorization, secret, Swagger, migration và docs được kiểm tra theo phạm vi; N/A phải có lý do. 4) Kiểm tra thủ công hoàn thành; không dùng mock/in-memory để kết luận concurrency MySQL đạt.","","BACKLOG","MVP-1.0","","","","","","","","","","","","","","","","","","","",""
"Community Tourism Platform","CTP","101","CTP-101","Sub-task","Cấu hình test runner, MySQL test DB và fixtures","Planned Issue Key: CTP-101. Đóng góp cho CTP-24 — Dựng harness kiểm thử và MySQL test database. Thực hiện phần công việc cụ thể trong summary; không mở rộng ngoài acceptance criteria của Story. Không ước lượng Story Points riêng; công sức đã nằm trong Story cha. Scope: MVP. Planned sprint: CTP Sprint 1 - Foundation. Dependencies (planned keys): CTP-19, CTP-20. Acceptance Criteria: 1) Test runner có lệnh chạy rõ ràng; DB test tách khỏi development/demo. 2) Fixtures và cleanup chỉ tác động DB test đã được xác minh; không chạy reset nhầm Aiven dùng demo. Definition of Done (QA): 1) Kịch bản, fixture và bằng chứng kiểm thử hoàn thành; môi trường/phiên bản và lệnh tái hiện được ghi rõ. 2) Các case trong phạm vi pass; lỗi phát hiện có issue/liên kết và retest; build liên quan không lỗi. 3) Các tiêu chí validation, authorization, secret, Swagger, migration và docs được kiểm tra theo phạm vi; N/A phải có lý do. 4) Kiểm tra thủ công hoàn thành; không dùng mock/in-memory để kết luận concurrency MySQL đạt.","","","24","Highest","","","CTP Sprint 1 - Foundation","MVP","testing","security","booking","","TESTING","1) Test runner có lệnh chạy rõ ràng; DB test tách khỏi development/demo. 2) Fixtures và cleanup chỉ tác động DB test đã được xác minh; không chạy reset nhầm Aiven dùng demo.","CTP-19; CTP-20","1) Kịch bản, fixture và bằng chứng kiểm thử hoàn thành; môi trường/phiên bản và lệnh tái hiện được ghi rõ. 2) Các case trong phạm vi pass; lỗi phát hiện có issue/liên kết và retest; build liên quan không lỗi. 3) Các tiêu chí validation, authorization, secret, Swagger, migration và docs được kiểm tra theo phạm vi; N/A phải có lý do. 4) Kiểm tra thủ công hoàn thành; không dùng mock/in-memory để kết luận concurrency MySQL đạt.","","BACKLOG","MVP-1.0","102","","","","","","","","","","","","","","","","","","",""
"Community Tourism Platform","CTP","102","CTP-102","Sub-task","Chạy smoke và cấu hình kiểm tra tự động","Planned Issue Key: CTP-102. Đóng góp cho CTP-24 — Dựng harness kiểm thử và MySQL test database. Kiểm chứng/tích hợp hoặc hoàn thiện phần còn lại nêu trong summary; ghi kết quả và cập nhật tài liệu liên quan. Không ước lượng Story Points riêng; công sức đã nằm trong Story cha. Scope: MVP. Planned sprint: CTP Sprint 1 - Foundation. Dependencies (planned keys): CTP-101. Acceptance Criteria: 1) Kiểm tra build/static và test smoke chạy được trong CI hoặc lệnh tương đương tại máy. 2) Hướng dẫn thu thập kết quả test được ghi trong README. Definition of Done (QA): 1) Kịch bản, fixture và bằng chứng kiểm thử hoàn thành; môi trường/phiên bản và lệnh tái hiện được ghi rõ. 2) Các case trong phạm vi pass; lỗi phát hiện có issue/liên kết và retest; build liên quan không lỗi. 3) Các tiêu chí validation, authorization, secret, Swagger, migration và docs được kiểm tra theo phạm vi; N/A phải có lý do. 4) Kiểm tra thủ công hoàn thành; không dùng mock/in-memory để kết luận concurrency MySQL đạt.","","","24","Highest","","","CTP Sprint 1 - Foundation","MVP","testing","security","booking","","TESTING","1) Kiểm tra build/static và test smoke chạy được trong CI hoặc lệnh tương đương tại máy. 2) Hướng dẫn thu thập kết quả test được ghi trong README.","CTP-101","1) Kịch bản, fixture và bằng chứng kiểm thử hoàn thành; môi trường/phiên bản và lệnh tái hiện được ghi rõ. 2) Các case trong phạm vi pass; lỗi phát hiện có issue/liên kết và retest; build liên quan không lỗi. 3) Các tiêu chí validation, authorization, secret, Swagger, migration và docs được kiểm tra theo phạm vi; N/A phải có lý do. 4) Kiểm tra thủ công hoàn thành; không dùng mock/in-memory để kết luận concurrency MySQL đạt.","","BACKLOG","MVP-1.0","","","","","","","","","","","","","","","","","","","",""
"Community Tourism Platform","CTP","103","CTP-103","Sub-task","Triển khai register/login và hash mật khẩu","Planned Issue Key: CTP-103. Đóng góp cho CTP-25 — Đăng ký, đăng nhập và JWT cho ba vai trò. Thực hiện phần công việc cụ thể trong summary; không mở rộng ngoài acceptance criteria của Story. Không ước lượng Story Points riêng; công sức đã nằm trong Story cha. Scope: MVP. Planned sprint: CTP Sprint 1 - Foundation. Dependencies (planned keys): CTP-22, CTP-23, CTP-24. Acceptance Criteria: 1) CUSTOMER đăng ký bình thường; HOUSEHOLD tạo user ACTIVE và household PENDING trong cùng transaction; không cho tự đăng ký ADMIN. 2) Password được bcrypt hash và không xuất hiện trong response/log; login sai trả lỗi phù hợp. 3) JWT có thời hạn, issuer/audience theo cấu hình; ADMIN demo được seed. 4) Test email trùng, input sai, mật khẩu sai, token thiếu/hết hạn và đăng ký hộ rollback khi thất bại. 5) Phần triển khai của ""Triển khai register/login và hash mật khẩu"" sẵn sàng để kiểm chứng trong Sub-task tiếp theo. Definition of Done (DEV): 1) Phạm vi triển khai hoàn thành; build/static checks liên quan không lỗi. 2) Test phù hợp và kiểm tra thủ công có bằng chứng; validation, authorization/ownership được kiểm tra nếu áp dụng. 3) Không hardcode secret; Swagger cập nhật nếu đổi API; migration cập nhật nếu đổi DB; README/docs cập nhật nếu cần. 4) Self-review diff/checklist đã làm; acceptance criteria đạt; không còn lỗi Highest/High liên quan chưa xử lý.","","","25","Highest","","","CTP Sprint 1 - Foundation","MVP","backend","security","","","BACKEND","1) CUSTOMER đăng ký bình thường; HOUSEHOLD tạo user ACTIVE và household PENDING trong cùng transaction; không cho tự đăng ký ADMIN. 2) Password được bcrypt hash và không xuất hiện trong response/log; login sai trả lỗi phù hợp. 3) JWT có thời hạn, issuer/audience theo cấu hình; ADMIN demo được seed. 4) Test email trùng, input sai, mật khẩu sai, token thiếu/hết hạn và đăng ký hộ rollback khi thất bại. 5) Phần triển khai của ""Triển khai register/login và hash mật khẩu"" sẵn sàng để kiểm chứng trong Sub-task tiếp theo.","CTP-22; CTP-23; CTP-24","1) Phạm vi triển khai hoàn thành; build/static checks liên quan không lỗi. 2) Test phù hợp và kiểm tra thủ công có bằng chứng; validation, authorization/ownership được kiểm tra nếu áp dụng. 3) Không hardcode secret; Swagger cập nhật nếu đổi API; migration cập nhật nếu đổi DB; README/docs cập nhật nếu cần. 4) Self-review diff/checklist đã làm; acceptance criteria đạt; không còn lỗi Highest/High liên quan chưa xử lý.","","BACKLOG","MVP-1.0","104","","","","","","","","","","","","","","","","","","",""
"Community Tourism Platform","CTP","104","CTP-104","Sub-task","Kiểm thử JWT, validation và dữ liệu nhạy cảm","Planned Issue Key: CTP-104. Đóng góp cho CTP-25 — Đăng ký, đăng nhập và JWT cho ba vai trò. Kiểm chứng/tích hợp hoặc hoàn thiện phần còn lại nêu trong summary; ghi kết quả và cập nhật tài liệu liên quan. Không ước lượng Story Points riêng; công sức đã nằm trong Story cha. Scope: MVP. Planned sprint: CTP Sprint 1 - Foundation. Dependencies (planned keys): CTP-103. Acceptance Criteria: 1) Xác minh và lưu bằng chứng: CUSTOMER đăng ký bình thường; HOUSEHOLD tạo user ACTIVE và household PENDING trong cùng transaction; không cho tự đăng ký ADMIN. 2) Xác minh và lưu bằng chứng: Password được bcrypt hash và không xuất hiện trong response/log; login sai trả lỗi phù hợp. 3) Xác minh và lưu bằng chứng: JWT có thời hạn, issuer/audience theo cấu hình; ADMIN demo được seed. 4) Xác minh và lưu bằng chứng: Test email trùng, input sai, mật khẩu sai, token thiếu/hết hạn và đăng ký hộ rollback khi thất bại. Definition of Done (QA): 1) Kịch bản, fixture và bằng chứng kiểm thử hoàn thành; môi trường/phiên bản và lệnh tái hiện được ghi rõ. 2) Các case trong phạm vi pass; lỗi phát hiện có issue/liên kết và retest; build liên quan không lỗi. 3) Các tiêu chí validation, authorization, secret, Swagger, migration và docs được kiểm tra theo phạm vi; N/A phải có lý do. 4) Kiểm tra thủ công hoàn thành; không dùng mock/in-memory để kết luận concurrency MySQL đạt.","","","25","Highest","","","CTP Sprint 1 - Foundation","MVP","backend","security","","","BACKEND","1) Xác minh và lưu bằng chứng: CUSTOMER đăng ký bình thường; HOUSEHOLD tạo user ACTIVE và household PENDING trong cùng transaction; không cho tự đăng ký ADMIN. 2) Xác minh và lưu bằng chứng: Password được bcrypt hash và không xuất hiện trong response/log; login sai trả lỗi phù hợp. 3) Xác minh và lưu bằng chứng: JWT có thời hạn, issuer/audience theo cấu hình; ADMIN demo được seed. 4) Xác minh và lưu bằng chứng: Test email trùng, input sai, mật khẩu sai, token thiếu/hết hạn và đăng ký hộ rollback khi thất bại.","CTP-103","1) Kịch bản, fixture và bằng chứng kiểm thử hoàn thành; môi trường/phiên bản và lệnh tái hiện được ghi rõ. 2) Các case trong phạm vi pass; lỗi phát hiện có issue/liên kết và retest; build liên quan không lỗi. 3) Các tiêu chí validation, authorization, secret, Swagger, migration và docs được kiểm tra theo phạm vi; N/A phải có lý do. 4) Kiểm tra thủ công hoàn thành; không dùng mock/in-memory để kết luận concurrency MySQL đạt.","","BACKLOG","MVP-1.0","","","","","","","","","","","","","","","","","","","",""
"Community Tourism Platform","CTP","105","CTP-105","Sub-task","Xây middleware auth, role, ownership và API quản lý user","Planned Issue Key: CTP-105. Đóng góp cho CTP-26 — Kiểm tra user hiện hành, role, ownership và khóa tài khoản. Thực hiện phần công việc cụ thể trong summary; không mở rộng ngoài acceptance criteria của Story. Không ước lượng Story Points riêng; công sức đã nằm trong Story cha. Scope: MVP. Planned sprint: CTP Sprint 1 - Foundation. Dependencies (planned keys): CTP-25. Acceptance Criteria: 1) Mỗi request được bảo vệ đọc user hiện tại; không chỉ tin role/status trong JWT và không cache status giữa request. 2) User BLOCKED bị từ chối ở request tiếp theo dù token còn hạn; token không hợp lệ trả 401, thiếu quyền trả 403. 3) Ownership dùng chung không cho user/household khác thao tác tài nguyên của nhau. 4) Admin có API liệt kê/block/unblock user; thay đổi quan trọng kiểm tra lại trạng thái trong transaction. 5) Phần triển khai của ""Xây middleware auth, role, ownership và API quản lý user"" sẵn sàng để kiểm chứng trong Sub-task tiếp theo. Definition of Done (DEV): 1) Phạm vi triển khai hoàn thành; build/static checks liên quan không lỗi. 2) Test phù hợp và kiểm tra thủ công có bằng chứng; validation, authorization/ownership được kiểm tra nếu áp dụng. 3) Không hardcode secret; Swagger cập nhật nếu đổi API; migration cập nhật nếu đổi DB; README/docs cập nhật nếu cần. 4) Self-review diff/checklist đã làm; acceptance criteria đạt; không còn lỗi Highest/High liên quan chưa xử lý.","","","26","Highest","","","CTP Sprint 1 - Foundation","MVP","backend","security","","","BACKEND","1) Mỗi request được bảo vệ đọc user hiện tại; không chỉ tin role/status trong JWT và không cache status giữa request. 2) User BLOCKED bị từ chối ở request tiếp theo dù token còn hạn; token không hợp lệ trả 401, thiếu quyền trả 403. 3) Ownership dùng chung không cho user/household khác thao tác tài nguyên của nhau. 4) Admin có API liệt kê/block/unblock user; thay đổi quan trọng kiểm tra lại trạng thái trong transaction. 5) Phần triển khai của ""Xây middleware auth, role, ownership và API quản lý user"" sẵn sàng để kiểm chứng trong Sub-task tiếp theo.","CTP-25","1) Phạm vi triển khai hoàn thành; build/static checks liên quan không lỗi. 2) Test phù hợp và kiểm tra thủ công có bằng chứng; validation, authorization/ownership được kiểm tra nếu áp dụng. 3) Không hardcode secret; Swagger cập nhật nếu đổi API; migration cập nhật nếu đổi DB; README/docs cập nhật nếu cần. 4) Self-review diff/checklist đã làm; acceptance criteria đạt; không còn lỗi Highest/High liên quan chưa xử lý.","","BACKLOG","MVP-1.0","106","","","","","","","","","","","","","","","","","","",""
"Community Tourism Platform","CTP","106","CTP-106","Sub-task","Kiểm thử tài khoản bị khóa và truy cập khác chủ","Planned Issue Key: CTP-106. Đóng góp cho CTP-26 — Kiểm tra user hiện hành, role, ownership và khóa tài khoản. Kiểm chứng/tích hợp hoặc hoàn thiện phần còn lại nêu trong summary; ghi kết quả và cập nhật tài liệu liên quan. Không ước lượng Story Points riêng; công sức đã nằm trong Story cha. Scope: MVP. Planned sprint: CTP Sprint 1 - Foundation. Dependencies (planned keys): CTP-105. Acceptance Criteria: 1) Xác minh và lưu bằng chứng: Mỗi request được bảo vệ đọc user hiện tại; không chỉ tin role/status trong JWT và không cache status giữa request. 2) Xác minh và lưu bằng chứng: User BLOCKED bị từ chối ở request tiếp theo dù token còn hạn; token không hợp lệ trả 401, thiếu quyền trả 403. 3) Xác minh và lưu bằng chứng: Ownership dùng chung không cho user/household khác thao tác tài nguyên của nhau. 4) Xác minh và lưu bằng chứng: Admin có API liệt kê/block/unblock user; thay đổi quan trọng kiểm tra lại trạng thái trong transaction. Definition of Done (QA): 1) Kịch bản, fixture và bằng chứng kiểm thử hoàn thành; môi trường/phiên bản và lệnh tái hiện được ghi rõ. 2) Các case trong phạm vi pass; lỗi phát hiện có issue/liên kết và retest; build liên quan không lỗi. 3) Các tiêu chí validation, authorization, secret, Swagger, migration và docs được kiểm tra theo phạm vi; N/A phải có lý do. 4) Kiểm tra thủ công hoàn thành; không dùng mock/in-memory để kết luận concurrency MySQL đạt.","","","26","Highest","","","CTP Sprint 1 - Foundation","MVP","backend","security","","","BACKEND","1) Xác minh và lưu bằng chứng: Mỗi request được bảo vệ đọc user hiện tại; không chỉ tin role/status trong JWT và không cache status giữa request. 2) Xác minh và lưu bằng chứng: User BLOCKED bị từ chối ở request tiếp theo dù token còn hạn; token không hợp lệ trả 401, thiếu quyền trả 403. 3) Xác minh và lưu bằng chứng: Ownership dùng chung không cho user/household khác thao tác tài nguyên của nhau. 4) Xác minh và lưu bằng chứng: Admin có API liệt kê/block/unblock user; thay đổi quan trọng kiểm tra lại trạng thái trong transaction.","CTP-105","1) Kịch bản, fixture và bằng chứng kiểm thử hoàn thành; môi trường/phiên bản và lệnh tái hiện được ghi rõ. 2) Các case trong phạm vi pass; lỗi phát hiện có issue/liên kết và retest; build liên quan không lỗi. 3) Các tiêu chí validation, authorization, secret, Swagger, migration và docs được kiểm tra theo phạm vi; N/A phải có lý do. 4) Kiểm tra thủ công hoàn thành; không dùng mock/in-memory để kết luận concurrency MySQL đạt.","","BACKLOG","MVP-1.0","","","","","","","","","","","","","","","","","","","",""
"Community Tourism Platform","CTP","107","CTP-107","Sub-task","Xây hồ sơ và API duyệt/thu hồi duyệt","Planned Issue Key: CTP-107. Đóng góp cho CTP-27 — Quản lý hồ sơ, duyệt và thu hồi duyệt hộ. Thực hiện phần công việc cụ thể trong summary; không mở rộng ngoài acceptance criteria của Story. Không ước lượng Story Points riêng; công sức đã nằm trong Story cha. Scope: MVP. Planned sprint: CTP Sprint 2 - Household, Room & Service. Dependencies (planned keys): CTP-26. Acceptance Criteria: 1) Hộ xem/sửa hồ sơ, địa chỉ, điện thoại và latitude/longitude; Admin approve/reject/thu hồi duyệt có lý do và lịch sử. 2) PENDING/REJECTED không mở bán hoặc nhận đơn mới nhưng vẫn xem dữ liệu của mình. 3) Policy backend cho đơn cũ: không confirm PENDING; được reject còn hạn, complete CONFIRMED và thu/hoàn đúng trạng thái khi user ACTIVE. 4) Không đặt middleware APPROVED lên mọi route household; unit test policy bằng fixture, tích hợp thật xác minh ở story trạng thái booking. 5) Phần triển khai của ""Xây hồ sơ và API duyệt/thu hồi duyệt"" sẵn sàng để kiểm chứng trong Sub-task tiếp theo. Definition of Done (DEV): 1) Phạm vi triển khai hoàn thành; build/static checks liên quan không lỗi. 2) Test phù hợp và kiểm tra thủ công có bằng chứng; validation, authorization/ownership được kiểm tra nếu áp dụng. 3) Không hardcode secret; Swagger cập nhật nếu đổi API; migration cập nhật nếu đổi DB; README/docs cập nhật nếu cần. 4) Self-review diff/checklist đã làm; acceptance criteria đạt; không còn lỗi Highest/High liên quan chưa xử lý.","","","27","Highest","","","CTP Sprint 2 - Household, Room & Service","MVP","backend","security","","","BACKEND","1) Hộ xem/sửa hồ sơ, địa chỉ, điện thoại và latitude/longitude; Admin approve/reject/thu hồi duyệt có lý do và lịch sử. 2) PENDING/REJECTED không mở bán hoặc nhận đơn mới nhưng vẫn xem dữ liệu của mình. 3) Policy backend cho đơn cũ: không confirm PENDING; được reject còn hạn, complete CONFIRMED và thu/hoàn đúng trạng thái khi user ACTIVE. 4) Không đặt middleware APPROVED lên mọi route household; unit test policy bằng fixture, tích hợp thật xác minh ở story trạng thái booking. 5) Phần triển khai của ""Xây hồ sơ và API duyệt/thu hồi duyệt"" sẵn sàng để kiểm chứng trong Sub-task tiếp theo.","CTP-26","1) Phạm vi triển khai hoàn thành; build/static checks liên quan không lỗi. 2) Test phù hợp và kiểm tra thủ công có bằng chứng; validation, authorization/ownership được kiểm tra nếu áp dụng. 3) Không hardcode secret; Swagger cập nhật nếu đổi API; migration cập nhật nếu đổi DB; README/docs cập nhật nếu cần. 4) Self-review diff/checklist đã làm; acceptance criteria đạt; không còn lỗi Highest/High liên quan chưa xử lý.","","BACKLOG","MVP-1.0","108","","","","","","","","","","","","","","","","","","",""
"Community Tourism Platform","CTP","108","CTP-108","Sub-task","Kiểm thử policy bán mới và xử lý đơn cũ","Planned Issue Key: CTP-108. Đóng góp cho CTP-27 — Quản lý hồ sơ, duyệt và thu hồi duyệt hộ. Kiểm chứng/tích hợp hoặc hoàn thiện phần còn lại nêu trong summary; ghi kết quả và cập nhật tài liệu liên quan. Không ước lượng Story Points riêng; công sức đã nằm trong Story cha. Scope: MVP. Planned sprint: CTP Sprint 2 - Household, Room & Service. Dependencies (planned keys): CTP-107. Acceptance Criteria: 1) Xác minh và lưu bằng chứng: Hộ xem/sửa hồ sơ, địa chỉ, điện thoại và latitude/longitude; Admin approve/reject/thu hồi duyệt có lý do và lịch sử. 2) Xác minh và lưu bằng chứng: PENDING/REJECTED không mở bán hoặc nhận đơn mới nhưng vẫn xem dữ liệu của mình. 3) Xác minh và lưu bằng chứng: Policy backend cho đơn cũ: không confirm PENDING; được reject còn hạn, complete CONFIRMED và thu/hoàn đúng trạng thái khi user ACTIVE. 4) Xác minh và lưu bằng chứng: Không đặt middleware APPROVED lên mọi route household; unit test policy bằng fixture, tích hợp thật xác minh ở story trạng thái booking. Definition of Done (QA): 1) Kịch bản, fixture và bằng chứng kiểm thử hoàn thành; môi trường/phiên bản và lệnh tái hiện được ghi rõ. 2) Các case trong phạm vi pass; lỗi phát hiện có issue/liên kết và retest; build liên quan không lỗi. 3) Các tiêu chí validation, authorization, secret, Swagger, migration và docs được kiểm tra theo phạm vi; N/A phải có lý do. 4) Kiểm tra thủ công hoàn thành; không dùng mock/in-memory để kết luận concurrency MySQL đạt.","","","27","Highest","","","CTP Sprint 2 - Household, Room & Service","MVP","backend","security","","","BACKEND","1) Xác minh và lưu bằng chứng: Hộ xem/sửa hồ sơ, địa chỉ, điện thoại và latitude/longitude; Admin approve/reject/thu hồi duyệt có lý do và lịch sử. 2) Xác minh và lưu bằng chứng: PENDING/REJECTED không mở bán hoặc nhận đơn mới nhưng vẫn xem dữ liệu của mình. 3) Xác minh và lưu bằng chứng: Policy backend cho đơn cũ: không confirm PENDING; được reject còn hạn, complete CONFIRMED và thu/hoàn đúng trạng thái khi user ACTIVE. 4) Xác minh và lưu bằng chứng: Không đặt middleware APPROVED lên mọi route household; unit test policy bằng fixture, tích hợp thật xác minh ở story trạng thái booking.","CTP-107","1) Kịch bản, fixture và bằng chứng kiểm thử hoàn thành; môi trường/phiên bản và lệnh tái hiện được ghi rõ. 2) Các case trong phạm vi pass; lỗi phát hiện có issue/liên kết và retest; build liên quan không lỗi. 3) Các tiêu chí validation, authorization, secret, Swagger, migration và docs được kiểm tra theo phạm vi; N/A phải có lý do. 4) Kiểm tra thủ công hoàn thành; không dùng mock/in-memory để kết luận concurrency MySQL đạt.","","BACKLOG","MVP-1.0","","","","","","","","","","","","","","","","","","","",""
"Community Tourism Platform","CTP","109","CTP-109","Sub-task","Tạo dịch vụ upload/xóa ảnh Cloudinary","Planned Issue Key: CTP-109. Đóng góp cho CTP-28 — Upload và quản lý ảnh an toàn qua Express. Thực hiện phần công việc cụ thể trong summary; không mở rộng ngoài acceptance criteria của Story. Không ước lượng Story Points riêng; công sức đã nằm trong Story cha. Scope: MVP. Planned sprint: CTP Sprint 2 - Household, Room & Service. Dependencies (planned keys): CTP-26, CTP-27. Acceptance Criteria: 1) Flutter/React gửi file đến Express; backend upload Cloudinary và lưu secure_url/public_id cùng quan hệ sở hữu. 2) Cloudinary API secret chỉ ở backend, không có trong bundle hoặc cấu hình mobile/web. 3) Kiểm tra loại/kích thước file và ownership trước upload/xóa; xử lý lỗi upload và tài nguyên mồ côi. 4) Ảnh hồ sơ, phòng, dịch vụ và thumbnail nội dung dùng cùng cơ chế phù hợp quyền. 5) Phần triển khai của ""Tạo dịch vụ upload/xóa ảnh Cloudinary"" sẵn sàng để kiểm chứng trong Sub-task tiếp theo. Definition of Done (DEV): 1) Phạm vi triển khai hoàn thành; build/static checks liên quan không lỗi. 2) Test phù hợp và kiểm tra thủ công có bằng chứng; validation, authorization/ownership được kiểm tra nếu áp dụng. 3) Không hardcode secret; Swagger cập nhật nếu đổi API; migration cập nhật nếu đổi DB; README/docs cập nhật nếu cần. 4) Self-review diff/checklist đã làm; acceptance criteria đạt; không còn lỗi Highest/High liên quan chưa xử lý.","","","28","High","","","CTP Sprint 2 - Household, Room & Service","MVP","backend","security","","","BACKEND","1) Flutter/React gửi file đến Express; backend upload Cloudinary và lưu secure_url/public_id cùng quan hệ sở hữu. 2) Cloudinary API secret chỉ ở backend, không có trong bundle hoặc cấu hình mobile/web. 3) Kiểm tra loại/kích thước file và ownership trước upload/xóa; xử lý lỗi upload và tài nguyên mồ côi. 4) Ảnh hồ sơ, phòng, dịch vụ và thumbnail nội dung dùng cùng cơ chế phù hợp quyền. 5) Phần triển khai của ""Tạo dịch vụ upload/xóa ảnh Cloudinary"" sẵn sàng để kiểm chứng trong Sub-task tiếp theo.","CTP-26; CTP-27","1) Phạm vi triển khai hoàn thành; build/static checks liên quan không lỗi. 2) Test phù hợp và kiểm tra thủ công có bằng chứng; validation, authorization/ownership được kiểm tra nếu áp dụng. 3) Không hardcode secret; Swagger cập nhật nếu đổi API; migration cập nhật nếu đổi DB; README/docs cập nhật nếu cần. 4) Self-review diff/checklist đã làm; acceptance criteria đạt; không còn lỗi Highest/High liên quan chưa xử lý.","","BACKLOG","MVP-1.0","110","","","","","","","","","","","","","","","","","","",""
"Community Tourism Platform","CTP","110","CTP-110","Sub-task","Kiểm thử file lỗi, ownership và bảo vệ secret","Planned Issue Key: CTP-110. Đóng góp cho CTP-28 — Upload và quản lý ảnh an toàn qua Express. Kiểm chứng/tích hợp hoặc hoàn thiện phần còn lại nêu trong summary; ghi kết quả và cập nhật tài liệu liên quan. Không ước lượng Story Points riêng; công sức đã nằm trong Story cha. Scope: MVP. Planned sprint: CTP Sprint 2 - Household, Room & Service. Dependencies (planned keys): CTP-109. Acceptance Criteria: 1) Xác minh và lưu bằng chứng: Flutter/React gửi file đến Express; backend upload Cloudinary và lưu secure_url/public_id cùng quan hệ sở hữu. 2) Xác minh và lưu bằng chứng: Cloudinary API secret chỉ ở backend, không có trong bundle hoặc cấu hình mobile/web. 3) Xác minh và lưu bằng chứng: Kiểm tra loại/kích thước file và ownership trước upload/xóa; xử lý lỗi upload và tài nguyên mồ côi. 4) Xác minh và lưu bằng chứng: Ảnh hồ sơ, phòng, dịch vụ và thumbnail nội dung dùng cùng cơ chế phù hợp quyền. Definition of Done (QA): 1) Kịch bản, fixture và bằng chứng kiểm thử hoàn thành; môi trường/phiên bản và lệnh tái hiện được ghi rõ. 2) Các case trong phạm vi pass; lỗi phát hiện có issue/liên kết và retest; build liên quan không lỗi. 3) Các tiêu chí validation, authorization, secret, Swagger, migration và docs được kiểm tra theo phạm vi; N/A phải có lý do. 4) Kiểm tra thủ công hoàn thành; không dùng mock/in-memory để kết luận concurrency MySQL đạt.","","","28","High","","","CTP Sprint 2 - Household, Room & Service","MVP","backend","security","","","BACKEND","1) Xác minh và lưu bằng chứng: Flutter/React gửi file đến Express; backend upload Cloudinary và lưu secure_url/public_id cùng quan hệ sở hữu. 2) Xác minh và lưu bằng chứng: Cloudinary API secret chỉ ở backend, không có trong bundle hoặc cấu hình mobile/web. 3) Xác minh và lưu bằng chứng: Kiểm tra loại/kích thước file và ownership trước upload/xóa; xử lý lỗi upload và tài nguyên mồ côi. 4) Xác minh và lưu bằng chứng: Ảnh hồ sơ, phòng, dịch vụ và thumbnail nội dung dùng cùng cơ chế phù hợp quyền.","CTP-109","1) Kịch bản, fixture và bằng chứng kiểm thử hoàn thành; môi trường/phiên bản và lệnh tái hiện được ghi rõ. 2) Các case trong phạm vi pass; lỗi phát hiện có issue/liên kết và retest; build liên quan không lỗi. 3) Các tiêu chí validation, authorization, secret, Swagger, migration và docs được kiểm tra theo phạm vi; N/A phải có lý do. 4) Kiểm tra thủ công hoàn thành; không dùng mock/in-memory để kết luận concurrency MySQL đạt.","","BACKLOG","MVP-1.0","","","","","","","","","","","","","","","","","","","",""
"Community Tourism Platform","CTP","111","CTP-111","Sub-task","Triển khai CRUD phòng, giá và capacity","Planned Issue Key: CTP-111. Đóng góp cho CTP-29 — CRUD từng phòng vật lý và sức chứa. Thực hiện phần công việc cụ thể trong summary; không mở rộng ngoài acceptance criteria của Story. Không ước lượng Story Points riêng; công sức đã nằm trong Story cha. Scope: MVP. Planned sprint: CTP Sprint 2 - Household, Room & Service. Dependencies (planned keys): CTP-27, CTP-22. Acceptance Criteria: 1) Mỗi record là một phòng; dùng ACTIVE/INACTIVE, capacity dương và giá theo đêm không âm. 2) Chỉ hộ được duyệt và user ACTIVE quản lý kinh doanh của mình; không sửa dữ liệu hộ khác. 3) Phòng có lịch sử được ngừng kinh doanh thay vì hard delete; không có quantity. 4) API CRUD, validation và Swagger đồng bộ; ảnh liên kết qua API upload đã thống nhất. 5) Phần triển khai của ""Triển khai CRUD phòng, giá và capacity"" sẵn sàng để kiểm chứng trong Sub-task tiếp theo. Definition of Done (DEV): 1) Phạm vi triển khai hoàn thành; build/static checks liên quan không lỗi. 2) Test phù hợp và kiểm tra thủ công có bằng chứng; validation, authorization/ownership được kiểm tra nếu áp dụng. 3) Không hardcode secret; Swagger cập nhật nếu đổi API; migration cập nhật nếu đổi DB; README/docs cập nhật nếu cần. 4) Self-review diff/checklist đã làm; acceptance criteria đạt; không còn lỗi Highest/High liên quan chưa xử lý.","","","29","High","","","CTP Sprint 2 - Household, Room & Service","MVP","backend","availability","","","BACKEND","1) Mỗi record là một phòng; dùng ACTIVE/INACTIVE, capacity dương và giá theo đêm không âm. 2) Chỉ hộ được duyệt và user ACTIVE quản lý kinh doanh của mình; không sửa dữ liệu hộ khác. 3) Phòng có lịch sử được ngừng kinh doanh thay vì hard delete; không có quantity. 4) API CRUD, validation và Swagger đồng bộ; ảnh liên kết qua API upload đã thống nhất. 5) Phần triển khai của ""Triển khai CRUD phòng, giá và capacity"" sẵn sàng để kiểm chứng trong Sub-task tiếp theo.","CTP-27; CTP-22","1) Phạm vi triển khai hoàn thành; build/static checks liên quan không lỗi. 2) Test phù hợp và kiểm tra thủ công có bằng chứng; validation, authorization/ownership được kiểm tra nếu áp dụng. 3) Không hardcode secret; Swagger cập nhật nếu đổi API; migration cập nhật nếu đổi DB; README/docs cập nhật nếu cần. 4) Self-review diff/checklist đã làm; acceptance criteria đạt; không còn lỗi Highest/High liên quan chưa xử lý.","","BACKLOG","MVP-1.0","112","","","","","","","","","","","","","","","","","","",""
"Community Tourism Platform","CTP","112","CTP-112","Sub-task","Kiểm thử ownership, trạng thái và bảo toàn lịch sử","Planned Issue Key: CTP-112. Đóng góp cho CTP-29 — CRUD từng phòng vật lý và sức chứa. Kiểm chứng/tích hợp hoặc hoàn thiện phần còn lại nêu trong summary; ghi kết quả và cập nhật tài liệu liên quan. Không ước lượng Story Points riêng; công sức đã nằm trong Story cha. Scope: MVP. Planned sprint: CTP Sprint 2 - Household, Room & Service. Dependencies (planned keys): CTP-111. Acceptance Criteria: 1) Xác minh và lưu bằng chứng: Mỗi record là một phòng; dùng ACTIVE/INACTIVE, capacity dương và giá theo đêm không âm. 2) Xác minh và lưu bằng chứng: Chỉ hộ được duyệt và user ACTIVE quản lý kinh doanh của mình; không sửa dữ liệu hộ khác. 3) Xác minh và lưu bằng chứng: Phòng có lịch sử được ngừng kinh doanh thay vì hard delete; không có quantity. 4) Xác minh và lưu bằng chứng: API CRUD, validation và Swagger đồng bộ; ảnh liên kết qua API upload đã thống nhất. Definition of Done (QA): 1) Kịch bản, fixture và bằng chứng kiểm thử hoàn thành; môi trường/phiên bản và lệnh tái hiện được ghi rõ. 2) Các case trong phạm vi pass; lỗi phát hiện có issue/liên kết và retest; build liên quan không lỗi. 3) Các tiêu chí validation, authorization, secret, Swagger, migration và docs được kiểm tra theo phạm vi; N/A phải có lý do. 4) Kiểm tra thủ công hoàn thành; không dùng mock/in-memory để kết luận concurrency MySQL đạt.","","","29","High","","","CTP Sprint 2 - Household, Room & Service","MVP","backend","availability","","","BACKEND","1) Xác minh và lưu bằng chứng: Mỗi record là một phòng; dùng ACTIVE/INACTIVE, capacity dương và giá theo đêm không âm. 2) Xác minh và lưu bằng chứng: Chỉ hộ được duyệt và user ACTIVE quản lý kinh doanh của mình; không sửa dữ liệu hộ khác. 3) Xác minh và lưu bằng chứng: Phòng có lịch sử được ngừng kinh doanh thay vì hard delete; không có quantity. 4) Xác minh và lưu bằng chứng: API CRUD, validation và Swagger đồng bộ; ảnh liên kết qua API upload đã thống nhất.","CTP-111","1) Kịch bản, fixture và bằng chứng kiểm thử hoàn thành; môi trường/phiên bản và lệnh tái hiện được ghi rõ. 2) Các case trong phạm vi pass; lỗi phát hiện có issue/liên kết và retest; build liên quan không lỗi. 3) Các tiêu chí validation, authorization, secret, Swagger, migration và docs được kiểm tra theo phạm vi; N/A phải có lý do. 4) Kiểm tra thủ công hoàn thành; không dùng mock/in-memory để kết luận concurrency MySQL đạt.","","BACKLOG","MVP-1.0","","","","","","","","","","","","","","","","","","","",""
"Community Tourism Platform","CTP","113","CTP-113","Sub-task","Tạo danh mục và CRUD dịch vụ","Planned Issue Key: CTP-113. Đóng góp cho CTP-30 — Danh mục và CRUD dịch vụ có đơn vị bán. Thực hiện phần công việc cụ thể trong summary; không mở rộng ngoài acceptance criteria của Story. Không ước lượng Story Points riêng; công sức đã nằm trong Story cha. Scope: MVP. Planned sprint: CTP Sprint 2 - Household, Room & Service. Dependencies (planned keys): CTP-27, CTP-22. Acceptance Criteria: 1) Seed danh mục ăn uống, trải nghiệm, hướng dẫn viên và dịch vụ khác; API liệt kê danh mục. 2) Dịch vụ có ACTIVE/INACTIVE, tên, mô tả, giá và đơn vị suất/người/nhóm rõ ràng. 3) Ownership và điều kiện hộ được duyệt được enforce; dịch vụ có lịch sử không bị xóa mất. 4) API hỗ trợ ảnh và giữ thông tin đủ để chụp snapshot khi đặt. 5) Phần triển khai của ""Tạo danh mục và CRUD dịch vụ"" sẵn sàng để kiểm chứng trong Sub-task tiếp theo. Definition of Done (DEV): 1) Phạm vi triển khai hoàn thành; build/static checks liên quan không lỗi. 2) Test phù hợp và kiểm tra thủ công có bằng chứng; validation, authorization/ownership được kiểm tra nếu áp dụng. 3) Không hardcode secret; Swagger cập nhật nếu đổi API; migration cập nhật nếu đổi DB; README/docs cập nhật nếu cần. 4) Self-review diff/checklist đã làm; acceptance criteria đạt; không còn lỗi Highest/High liên quan chưa xử lý.","","","30","High","","","CTP Sprint 2 - Household, Room & Service","MVP","backend","","","","BACKEND","1) Seed danh mục ăn uống, trải nghiệm, hướng dẫn viên và dịch vụ khác; API liệt kê danh mục. 2) Dịch vụ có ACTIVE/INACTIVE, tên, mô tả, giá và đơn vị suất/người/nhóm rõ ràng. 3) Ownership và điều kiện hộ được duyệt được enforce; dịch vụ có lịch sử không bị xóa mất. 4) API hỗ trợ ảnh và giữ thông tin đủ để chụp snapshot khi đặt. 5) Phần triển khai của ""Tạo danh mục và CRUD dịch vụ"" sẵn sàng để kiểm chứng trong Sub-task tiếp theo.","CTP-27; CTP-22","1) Phạm vi triển khai hoàn thành; build/static checks liên quan không lỗi. 2) Test phù hợp và kiểm tra thủ công có bằng chứng; validation, authorization/ownership được kiểm tra nếu áp dụng. 3) Không hardcode secret; Swagger cập nhật nếu đổi API; migration cập nhật nếu đổi DB; README/docs cập nhật nếu cần. 4) Self-review diff/checklist đã làm; acceptance criteria đạt; không còn lỗi Highest/High liên quan chưa xử lý.","","BACKLOG","MVP-1.0","114","","","","","","","","","","","","","","","","","","",""
"Community Tourism Platform","CTP","114","CTP-114","Sub-task","Kiểm thử đơn vị bán, giá và quyền quản lý","Planned Issue Key: CTP-114. Đóng góp cho CTP-30 — Danh mục và CRUD dịch vụ có đơn vị bán. Kiểm chứng/tích hợp hoặc hoàn thiện phần còn lại nêu trong summary; ghi kết quả và cập nhật tài liệu liên quan. Không ước lượng Story Points riêng; công sức đã nằm trong Story cha. Scope: MVP. Planned sprint: CTP Sprint 2 - Household, Room & Service. Dependencies (planned keys): CTP-113. Acceptance Criteria: 1) Xác minh và lưu bằng chứng: Seed danh mục ăn uống, trải nghiệm, hướng dẫn viên và dịch vụ khác; API liệt kê danh mục. 2) Xác minh và lưu bằng chứng: Dịch vụ có ACTIVE/INACTIVE, tên, mô tả, giá và đơn vị suất/người/nhóm rõ ràng. 3) Xác minh và lưu bằng chứng: Ownership và điều kiện hộ được duyệt được enforce; dịch vụ có lịch sử không bị xóa mất. 4) Xác minh và lưu bằng chứng: API hỗ trợ ảnh và giữ thông tin đủ để chụp snapshot khi đặt. Definition of Done (QA): 1) Kịch bản, fixture và bằng chứng kiểm thử hoàn thành; môi trường/phiên bản và lệnh tái hiện được ghi rõ. 2) Các case trong phạm vi pass; lỗi phát hiện có issue/liên kết và retest; build liên quan không lỗi. 3) Các tiêu chí validation, authorization, secret, Swagger, migration và docs được kiểm tra theo phạm vi; N/A phải có lý do. 4) Kiểm tra thủ công hoàn thành; không dùng mock/in-memory để kết luận concurrency MySQL đạt.","","","30","High","","","CTP Sprint 2 - Household, Room & Service","MVP","backend","","","","BACKEND","1) Xác minh và lưu bằng chứng: Seed danh mục ăn uống, trải nghiệm, hướng dẫn viên và dịch vụ khác; API liệt kê danh mục. 2) Xác minh và lưu bằng chứng: Dịch vụ có ACTIVE/INACTIVE, tên, mô tả, giá và đơn vị suất/người/nhóm rõ ràng. 3) Xác minh và lưu bằng chứng: Ownership và điều kiện hộ được duyệt được enforce; dịch vụ có lịch sử không bị xóa mất. 4) Xác minh và lưu bằng chứng: API hỗ trợ ảnh và giữ thông tin đủ để chụp snapshot khi đặt.","CTP-113","1) Kịch bản, fixture và bằng chứng kiểm thử hoàn thành; môi trường/phiên bản và lệnh tái hiện được ghi rõ. 2) Các case trong phạm vi pass; lỗi phát hiện có issue/liên kết và retest; build liên quan không lỗi. 3) Các tiêu chí validation, authorization, secret, Swagger, migration và docs được kiểm tra theo phạm vi; N/A phải có lý do. 4) Kiểm tra thủ công hoàn thành; không dùng mock/in-memory để kết luận concurrency MySQL đạt.","","BACKLOG","MVP-1.0","","","","","","","","","","","","","","","","","","","",""
"Community Tourism Platform","CTP","115","CTP-115","Sub-task","Xây list/detail/filter công khai","Planned Issue Key: CTP-115. Đóng góp cho CTP-31 — API khám phá hộ, phòng và dịch vụ công khai. Thực hiện phần công việc cụ thể trong summary; không mở rộng ngoài acceptance criteria của Story. Không ước lượng Story Points riêng; công sức đã nằm trong Story cha. Scope: MVP. Planned sprint: CTP Sprint 2 - Household, Room & Service. Dependencies (planned keys): CTP-27, CTP-29, CTP-30, CTP-28. Acceptance Criteria: 1) Chỉ công khai hộ APPROVED có chủ ACTIVE và tài nguyên đang kinh doanh. 2) Search keyword, lọc danh mục/giá và pagination hoạt động; chưa triển khai tìm kiếm theo bán kính. 3) Chi tiết trả đủ ảnh, địa chỉ và tọa độ cho Flutter; không lộ trường riêng tư. 4) Google Maps direction URL dùng tọa độ, fallback địa chỉ encode; không yêu cầu map nhúng. 5) Phần triển khai của ""Xây list/detail/filter công khai"" sẵn sàng để kiểm chứng trong Sub-task tiếp theo. Definition of Done (DEV): 1) Phạm vi triển khai hoàn thành; build/static checks liên quan không lỗi. 2) Test phù hợp và kiểm tra thủ công có bằng chứng; validation, authorization/ownership được kiểm tra nếu áp dụng. 3) Không hardcode secret; Swagger cập nhật nếu đổi API; migration cập nhật nếu đổi DB; README/docs cập nhật nếu cần. 4) Self-review diff/checklist đã làm; acceptance criteria đạt; không còn lỗi Highest/High liên quan chưa xử lý.","","","31","High","","","CTP Sprint 2 - Household, Room & Service","MVP","backend","frontend","","","BACKEND","1) Chỉ công khai hộ APPROVED có chủ ACTIVE và tài nguyên đang kinh doanh. 2) Search keyword, lọc danh mục/giá và pagination hoạt động; chưa triển khai tìm kiếm theo bán kính. 3) Chi tiết trả đủ ảnh, địa chỉ và tọa độ cho Flutter; không lộ trường riêng tư. 4) Google Maps direction URL dùng tọa độ, fallback địa chỉ encode; không yêu cầu map nhúng. 5) Phần triển khai của ""Xây list/detail/filter công khai"" sẵn sàng để kiểm chứng trong Sub-task tiếp theo.","CTP-27; CTP-29; CTP-30; CTP-28","1) Phạm vi triển khai hoàn thành; build/static checks liên quan không lỗi. 2) Test phù hợp và kiểm tra thủ công có bằng chứng; validation, authorization/ownership được kiểm tra nếu áp dụng. 3) Không hardcode secret; Swagger cập nhật nếu đổi API; migration cập nhật nếu đổi DB; README/docs cập nhật nếu cần. 4) Self-review diff/checklist đã làm; acceptance criteria đạt; không còn lỗi Highest/High liên quan chưa xử lý.","","BACKLOG","MVP-1.0","116","","","","","","","","","","","","","","","","","","",""
"Community Tourism Platform","CTP","116","CTP-116","Sub-task","Kiểm thử điều kiện hiển thị và direction URL","Planned Issue Key: CTP-116. Đóng góp cho CTP-31 — API khám phá hộ, phòng và dịch vụ công khai. Kiểm chứng/tích hợp hoặc hoàn thiện phần còn lại nêu trong summary; ghi kết quả và cập nhật tài liệu liên quan. Không ước lượng Story Points riêng; công sức đã nằm trong Story cha. Scope: MVP. Planned sprint: CTP Sprint 2 - Household, Room & Service. Dependencies (planned keys): CTP-115. Acceptance Criteria: 1) Xác minh và lưu bằng chứng: Chỉ công khai hộ APPROVED có chủ ACTIVE và tài nguyên đang kinh doanh. 2) Xác minh và lưu bằng chứng: Search keyword, lọc danh mục/giá và pagination hoạt động; chưa triển khai tìm kiếm theo bán kính. 3) Xác minh và lưu bằng chứng: Chi tiết trả đủ ảnh, địa chỉ và tọa độ cho Flutter; không lộ trường riêng tư. 4) Xác minh và lưu bằng chứng: Google Maps direction URL dùng tọa độ, fallback địa chỉ encode; không yêu cầu map nhúng. Definition of Done (QA): 1) Kịch bản, fixture và bằng chứng kiểm thử hoàn thành; môi trường/phiên bản và lệnh tái hiện được ghi rõ. 2) Các case trong phạm vi pass; lỗi phát hiện có issue/liên kết và retest; build liên quan không lỗi. 3) Các tiêu chí validation, authorization, secret, Swagger, migration và docs được kiểm tra theo phạm vi; N/A phải có lý do. 4) Kiểm tra thủ công hoàn thành; không dùng mock/in-memory để kết luận concurrency MySQL đạt.","","","31","High","","","CTP Sprint 2 - Household, Room & Service","MVP","backend","frontend","","","BACKEND","1) Xác minh và lưu bằng chứng: Chỉ công khai hộ APPROVED có chủ ACTIVE và tài nguyên đang kinh doanh. 2) Xác minh và lưu bằng chứng: Search keyword, lọc danh mục/giá và pagination hoạt động; chưa triển khai tìm kiếm theo bán kính. 3) Xác minh và lưu bằng chứng: Chi tiết trả đủ ảnh, địa chỉ và tọa độ cho Flutter; không lộ trường riêng tư. 4) Xác minh và lưu bằng chứng: Google Maps direction URL dùng tọa độ, fallback địa chỉ encode; không yêu cầu map nhúng.","CTP-115","1) Kịch bản, fixture và bằng chứng kiểm thử hoàn thành; môi trường/phiên bản và lệnh tái hiện được ghi rõ. 2) Các case trong phạm vi pass; lỗi phát hiện có issue/liên kết và retest; build liên quan không lỗi. 3) Các tiêu chí validation, authorization, secret, Swagger, migration và docs được kiểm tra theo phạm vi; N/A phải có lý do. 4) Kiểm tra thủ công hoàn thành; không dùng mock/in-memory để kết luận concurrency MySQL đạt.","","BACKLOG","MVP-1.0","","","","","","","","","","","","","","","","","","","",""
"Community Tourism Platform","CTP","117","CTP-117","Sub-task","Tạo Admin shell, login và route protection","Planned Issue Key: CTP-117. Đóng góp cho CTP-32 — React Admin đăng nhập và quản lý user. Thực hiện phần công việc cụ thể trong summary; không mở rộng ngoài acceptance criteria của Story. Không ước lượng Story Points riêng; công sức đã nằm trong Story cha. Scope: MVP. Planned sprint: CTP Sprint 2 - Household, Room & Service. Dependencies (planned keys): CTP-26, CTP-23. Acceptance Criteria: 1) React/Vite có layout responsive cơ bản, routing và phiên Admin; CUSTOMER/HOUSEHOLD không vào chức năng Admin. 2) Danh sách user có block/unblock; thao tác phản ánh ngay trên request dùng JWT cũ. 3) Xử lý loading, empty, validation và API error; build và probe Vercel tối thiểu chạy được. 4) Không hiển thị hay lưu Cloudinary secret hoặc DB credential. 5) Phần triển khai của ""Tạo Admin shell, login và route protection"" sẵn sàng để kiểm chứng trong Sub-task tiếp theo. Definition of Done (DEV): 1) Phạm vi triển khai hoàn thành; build/static checks liên quan không lỗi. 2) Test phù hợp và kiểm tra thủ công có bằng chứng; validation, authorization/ownership được kiểm tra nếu áp dụng. 3) Không hardcode secret; Swagger cập nhật nếu đổi API; migration cập nhật nếu đổi DB; README/docs cập nhật nếu cần. 4) Self-review diff/checklist đã làm; acceptance criteria đạt; không còn lỗi Highest/High liên quan chưa xử lý.","","","32","High","","","CTP Sprint 2 - Household, Room & Service","MVP","react","frontend","security","","ADMIN_WEB","1) React/Vite có layout responsive cơ bản, routing và phiên Admin; CUSTOMER/HOUSEHOLD không vào chức năng Admin. 2) Danh sách user có block/unblock; thao tác phản ánh ngay trên request dùng JWT cũ. 3) Xử lý loading, empty, validation và API error; build và probe Vercel tối thiểu chạy được. 4) Không hiển thị hay lưu Cloudinary secret hoặc DB credential. 5) Phần triển khai của ""Tạo Admin shell, login và route protection"" sẵn sàng để kiểm chứng trong Sub-task tiếp theo.","CTP-26; CTP-23","1) Phạm vi triển khai hoàn thành; build/static checks liên quan không lỗi. 2) Test phù hợp và kiểm tra thủ công có bằng chứng; validation, authorization/ownership được kiểm tra nếu áp dụng. 3) Không hardcode secret; Swagger cập nhật nếu đổi API; migration cập nhật nếu đổi DB; README/docs cập nhật nếu cần. 4) Self-review diff/checklist đã làm; acceptance criteria đạt; không còn lỗi Highest/High liên quan chưa xử lý.","","BACKLOG","MVP-1.0","118","","","","","","","","","","","","","","","","","","",""
"Community Tourism Platform","CTP","118","CTP-118","Sub-task","Tích hợp user list/block/unblock và kiểm thử quyền","Planned Issue Key: CTP-118. Đóng góp cho CTP-32 — React Admin đăng nhập và quản lý user. Kiểm chứng/tích hợp hoặc hoàn thiện phần còn lại nêu trong summary; ghi kết quả và cập nhật tài liệu liên quan. Không ước lượng Story Points riêng; công sức đã nằm trong Story cha. Scope: MVP. Planned sprint: CTP Sprint 2 - Household, Room & Service. Dependencies (planned keys): CTP-117. Acceptance Criteria: 1) Xác minh và lưu bằng chứng: React/Vite có layout responsive cơ bản, routing và phiên Admin; CUSTOMER/HOUSEHOLD không vào chức năng Admin. 2) Xác minh và lưu bằng chứng: Danh sách user có block/unblock; thao tác phản ánh ngay trên request dùng JWT cũ. 3) Xác minh và lưu bằng chứng: Xử lý loading, empty, validation và API error; build và probe Vercel tối thiểu chạy được. 4) Xác minh và lưu bằng chứng: Không hiển thị hay lưu Cloudinary secret hoặc DB credential. Definition of Done (QA): 1) Kịch bản, fixture và bằng chứng kiểm thử hoàn thành; môi trường/phiên bản và lệnh tái hiện được ghi rõ. 2) Các case trong phạm vi pass; lỗi phát hiện có issue/liên kết và retest; build liên quan không lỗi. 3) Các tiêu chí validation, authorization, secret, Swagger, migration và docs được kiểm tra theo phạm vi; N/A phải có lý do. 4) Kiểm tra thủ công hoàn thành; không dùng mock/in-memory để kết luận concurrency MySQL đạt.","","","32","High","","","CTP Sprint 2 - Household, Room & Service","MVP","react","frontend","security","","ADMIN_WEB","1) Xác minh và lưu bằng chứng: React/Vite có layout responsive cơ bản, routing và phiên Admin; CUSTOMER/HOUSEHOLD không vào chức năng Admin. 2) Xác minh và lưu bằng chứng: Danh sách user có block/unblock; thao tác phản ánh ngay trên request dùng JWT cũ. 3) Xác minh và lưu bằng chứng: Xử lý loading, empty, validation và API error; build và probe Vercel tối thiểu chạy được. 4) Xác minh và lưu bằng chứng: Không hiển thị hay lưu Cloudinary secret hoặc DB credential.","CTP-117","1) Kịch bản, fixture và bằng chứng kiểm thử hoàn thành; môi trường/phiên bản và lệnh tái hiện được ghi rõ. 2) Các case trong phạm vi pass; lỗi phát hiện có issue/liên kết và retest; build liên quan không lỗi. 3) Các tiêu chí validation, authorization, secret, Swagger, migration và docs được kiểm tra theo phạm vi; N/A phải có lý do. 4) Kiểm tra thủ công hoàn thành; không dùng mock/in-memory để kết luận concurrency MySQL đạt.","","BACKLOG","MVP-1.0","","","","","","","","","","","","","","","","","","","",""
"Community Tourism Platform","CTP","119","CTP-119","Sub-task","Tạo danh sách và chi tiết hộ chờ duyệt","Planned Issue Key: CTP-119. Đóng góp cho CTP-33 — React Admin duyệt hộ và xem hồ sơ. Thực hiện phần công việc cụ thể trong summary; không mở rộng ngoài acceptance criteria của Story. Không ước lượng Story Points riêng; công sức đã nằm trong Story cha. Scope: MVP. Planned sprint: CTP Sprint 2 - Household, Room & Service. Dependencies (planned keys): CTP-32, CTP-27. Acceptance Criteria: 1) Admin xem danh sách theo APPROVED/PENDING/REJECTED và chi tiết hộ. 2) Approve/reject/thu hồi duyệt gọi API thật, yêu cầu lý do ở thao tác từ chối/thu hồi. 3) Giao diện cho biết thu hồi duyệt dừng bán mới nhưng giữ xử lý đơn đã xác nhận. 4) Không có chức năng đổi trạng thái booking tùy ý. 5) Phần triển khai của ""Tạo danh sách và chi tiết hộ chờ duyệt"" sẵn sàng để kiểm chứng trong Sub-task tiếp theo. Definition of Done (DEV): 1) Phạm vi triển khai hoàn thành; build/static checks liên quan không lỗi. 2) Test phù hợp và kiểm tra thủ công có bằng chứng; validation, authorization/ownership được kiểm tra nếu áp dụng. 3) Không hardcode secret; Swagger cập nhật nếu đổi API; migration cập nhật nếu đổi DB; README/docs cập nhật nếu cần. 4) Self-review diff/checklist đã làm; acceptance criteria đạt; không còn lỗi Highest/High liên quan chưa xử lý.","","","33","High","","","CTP Sprint 2 - Household, Room & Service","MVP","react","frontend","security","","ADMIN_WEB","1) Admin xem danh sách theo APPROVED/PENDING/REJECTED và chi tiết hộ. 2) Approve/reject/thu hồi duyệt gọi API thật, yêu cầu lý do ở thao tác từ chối/thu hồi. 3) Giao diện cho biết thu hồi duyệt dừng bán mới nhưng giữ xử lý đơn đã xác nhận. 4) Không có chức năng đổi trạng thái booking tùy ý. 5) Phần triển khai của ""Tạo danh sách và chi tiết hộ chờ duyệt"" sẵn sàng để kiểm chứng trong Sub-task tiếp theo.","CTP-32; CTP-27","1) Phạm vi triển khai hoàn thành; build/static checks liên quan không lỗi. 2) Test phù hợp và kiểm tra thủ công có bằng chứng; validation, authorization/ownership được kiểm tra nếu áp dụng. 3) Không hardcode secret; Swagger cập nhật nếu đổi API; migration cập nhật nếu đổi DB; README/docs cập nhật nếu cần. 4) Self-review diff/checklist đã làm; acceptance criteria đạt; không còn lỗi Highest/High liên quan chưa xử lý.","","BACKLOG","MVP-1.0","120","","","","","","","","","","","","","","","","","","",""
"Community Tourism Platform","CTP","120","CTP-120","Sub-task","Tích hợp quyết định duyệt và các trạng thái lỗi","Planned Issue Key: CTP-120. Đóng góp cho CTP-33 — React Admin duyệt hộ và xem hồ sơ. Kiểm chứng/tích hợp hoặc hoàn thiện phần còn lại nêu trong summary; ghi kết quả và cập nhật tài liệu liên quan. Không ước lượng Story Points riêng; công sức đã nằm trong Story cha. Scope: MVP. Planned sprint: CTP Sprint 2 - Household, Room & Service. Dependencies (planned keys): CTP-119. Acceptance Criteria: 1) Xác minh và lưu bằng chứng: Admin xem danh sách theo APPROVED/PENDING/REJECTED và chi tiết hộ. 2) Xác minh và lưu bằng chứng: Approve/reject/thu hồi duyệt gọi API thật, yêu cầu lý do ở thao tác từ chối/thu hồi. 3) Xác minh và lưu bằng chứng: Giao diện cho biết thu hồi duyệt dừng bán mới nhưng giữ xử lý đơn đã xác nhận. 4) Xác minh và lưu bằng chứng: Không có chức năng đổi trạng thái booking tùy ý. Definition of Done (QA): 1) Kịch bản, fixture và bằng chứng kiểm thử hoàn thành; môi trường/phiên bản và lệnh tái hiện được ghi rõ. 2) Các case trong phạm vi pass; lỗi phát hiện có issue/liên kết và retest; build liên quan không lỗi. 3) Các tiêu chí validation, authorization, secret, Swagger, migration và docs được kiểm tra theo phạm vi; N/A phải có lý do. 4) Kiểm tra thủ công hoàn thành; không dùng mock/in-memory để kết luận concurrency MySQL đạt.","","","33","High","","","CTP Sprint 2 - Household, Room & Service","MVP","react","frontend","security","","ADMIN_WEB","1) Xác minh và lưu bằng chứng: Admin xem danh sách theo APPROVED/PENDING/REJECTED và chi tiết hộ. 2) Xác minh và lưu bằng chứng: Approve/reject/thu hồi duyệt gọi API thật, yêu cầu lý do ở thao tác từ chối/thu hồi. 3) Xác minh và lưu bằng chứng: Giao diện cho biết thu hồi duyệt dừng bán mới nhưng giữ xử lý đơn đã xác nhận. 4) Xác minh và lưu bằng chứng: Không có chức năng đổi trạng thái booking tùy ý.","CTP-119","1) Kịch bản, fixture và bằng chứng kiểm thử hoàn thành; môi trường/phiên bản và lệnh tái hiện được ghi rõ. 2) Các case trong phạm vi pass; lỗi phát hiện có issue/liên kết và retest; build liên quan không lỗi. 3) Các tiêu chí validation, authorization, secret, Swagger, migration và docs được kiểm tra theo phạm vi; N/A phải có lý do. 4) Kiểm tra thủ công hoàn thành; không dùng mock/in-memory để kết luận concurrency MySQL đạt.","","BACKLOG","MVP-1.0","","","","","","","","","","","","","","","","","","","",""
"Community Tourism Platform","CTP","121","CTP-121","Sub-task","Xây API client, phiên đăng nhập và routing theo role","Planned Issue Key: CTP-121. Đóng góp cho CTP-34 — Dựng Flutter shell dùng chung cho khách và hộ. Thực hiện phần công việc cụ thể trong summary; không mở rộng ngoài acceptance criteria của Story. Không ước lượng Story Points riêng; công sức đã nằm trong Story cha. Scope: MVP. Planned sprint: CTP Sprint 2 - Household, Room & Service. Dependencies (planned keys): CTP-19, CTP-25. Acceptance Criteria: 1) App có API client, secure token storage, cấu hình API URL theo môi trường và điều hướng theo role. 2) Có splash, khung navigation khách/hộ và xử lý mất phiên/403 nhất quán. 3) Loading/error/empty, form input và upload adapter được tổ chức để dùng lại. 4) Chạy được trên thiết bị/emulator Android; không coi localhost máy tính là URL thiết bị. 5) Phần triển khai của ""Xây API client, phiên đăng nhập và routing theo role"" sẵn sàng để kiểm chứng trong Sub-task tiếp theo. Definition of Done (DEV): 1) Phạm vi triển khai hoàn thành; build/static checks liên quan không lỗi. 2) Test phù hợp và kiểm tra thủ công có bằng chứng; validation, authorization/ownership được kiểm tra nếu áp dụng. 3) Không hardcode secret; Swagger cập nhật nếu đổi API; migration cập nhật nếu đổi DB; README/docs cập nhật nếu cần. 4) Self-review diff/checklist đã làm; acceptance criteria đạt; không còn lỗi Highest/High liên quan chưa xử lý.","","","34","High","","","CTP Sprint 2 - Household, Room & Service","MVP","flutter","frontend","security","","FLUTTER_CUSTOMER","1) App có API client, secure token storage, cấu hình API URL theo môi trường và điều hướng theo role. 2) Có splash, khung navigation khách/hộ và xử lý mất phiên/403 nhất quán. 3) Loading/error/empty, form input và upload adapter được tổ chức để dùng lại. 4) Chạy được trên thiết bị/emulator Android; không coi localhost máy tính là URL thiết bị. 5) Phần triển khai của ""Xây API client, phiên đăng nhập và routing theo role"" sẵn sàng để kiểm chứng trong Sub-task tiếp theo.","CTP-19; CTP-25","1) Phạm vi triển khai hoàn thành; build/static checks liên quan không lỗi. 2) Test phù hợp và kiểm tra thủ công có bằng chứng; validation, authorization/ownership được kiểm tra nếu áp dụng. 3) Không hardcode secret; Swagger cập nhật nếu đổi API; migration cập nhật nếu đổi DB; README/docs cập nhật nếu cần. 4) Self-review diff/checklist đã làm; acceptance criteria đạt; không còn lỗi Highest/High liên quan chưa xử lý.","","BACKLOG","MVP-1.0","122","","","","","","","","","","","","","","","","","","",""
"Community Tourism Platform","CTP","122","CTP-122","Sub-task","Tạo UI dùng chung và kiểm thử kết nối Android","Planned Issue Key: CTP-122. Đóng góp cho CTP-34 — Dựng Flutter shell dùng chung cho khách và hộ. Kiểm chứng/tích hợp hoặc hoàn thiện phần còn lại nêu trong summary; ghi kết quả và cập nhật tài liệu liên quan. Không ước lượng Story Points riêng; công sức đã nằm trong Story cha. Scope: MVP. Planned sprint: CTP Sprint 2 - Household, Room & Service. Dependencies (planned keys): CTP-121. Acceptance Criteria: 1) Xác minh và lưu bằng chứng: App có API client, secure token storage, cấu hình API URL theo môi trường và điều hướng theo role. 2) Xác minh và lưu bằng chứng: Có splash, khung navigation khách/hộ và xử lý mất phiên/403 nhất quán. 3) Xác minh và lưu bằng chứng: Loading/error/empty, form input và upload adapter được tổ chức để dùng lại. 4) Xác minh và lưu bằng chứng: Chạy được trên thiết bị/emulator Android; không coi localhost máy tính là URL thiết bị. Definition of Done (QA): 1) Kịch bản, fixture và bằng chứng kiểm thử hoàn thành; môi trường/phiên bản và lệnh tái hiện được ghi rõ. 2) Các case trong phạm vi pass; lỗi phát hiện có issue/liên kết và retest; build liên quan không lỗi. 3) Các tiêu chí validation, authorization, secret, Swagger, migration và docs được kiểm tra theo phạm vi; N/A phải có lý do. 4) Kiểm tra thủ công hoàn thành; không dùng mock/in-memory để kết luận concurrency MySQL đạt.","","","34","High","","","CTP Sprint 2 - Household, Room & Service","MVP","flutter","frontend","security","","FLUTTER_CUSTOMER","1) Xác minh và lưu bằng chứng: App có API client, secure token storage, cấu hình API URL theo môi trường và điều hướng theo role. 2) Xác minh và lưu bằng chứng: Có splash, khung navigation khách/hộ và xử lý mất phiên/403 nhất quán. 3) Xác minh và lưu bằng chứng: Loading/error/empty, form input và upload adapter được tổ chức để dùng lại. 4) Xác minh và lưu bằng chứng: Chạy được trên thiết bị/emulator Android; không coi localhost máy tính là URL thiết bị.","CTP-121","1) Kịch bản, fixture và bằng chứng kiểm thử hoàn thành; môi trường/phiên bản và lệnh tái hiện được ghi rõ. 2) Các case trong phạm vi pass; lỗi phát hiện có issue/liên kết và retest; build liên quan không lỗi. 3) Các tiêu chí validation, authorization, secret, Swagger, migration và docs được kiểm tra theo phạm vi; N/A phải có lý do. 4) Kiểm tra thủ công hoàn thành; không dùng mock/in-memory để kết luận concurrency MySQL đạt.","","BACKLOG","MVP-1.0","","","","","","","","","","","","","","","","","","","",""
"Community Tourism Platform","CTP","123","CTP-123","Sub-task","Hoàn thiện current user/profile/change-password","Planned Issue Key: CTP-123. Đóng góp cho CTP-35 — API current user, hồ sơ và đổi mật khẩu. Thực hiện phần công việc cụ thể trong summary; không mở rộng ngoài acceptance criteria của Story. Không ước lượng Story Points riêng; công sức đã nằm trong Story cha. Scope: MVP. Planned sprint: CTP Sprint 2 - Household, Room & Service. Dependencies (planned keys): CTP-26. Acceptance Criteria: 1) /auth/me trả dữ liệu hiện tại, không password; cập nhật hồ sơ validate input. 2) Đổi mật khẩu yêu cầu mật khẩu hiện tại đúng, hash mật khẩu mới và xử lý lỗi rõ ràng. 3) User bị khóa không dùng các API được bảo vệ; client xóa token khi đăng xuất. 4) Swagger và smoke test cho các endpoint được cập nhật. 5) Phần triển khai của ""Hoàn thiện current user/profile/change-password"" sẵn sàng để kiểm chứng trong Sub-task tiếp theo. Definition of Done (DEV): 1) Phạm vi triển khai hoàn thành; build/static checks liên quan không lỗi. 2) Test phù hợp và kiểm tra thủ công có bằng chứng; validation, authorization/ownership được kiểm tra nếu áp dụng. 3) Không hardcode secret; Swagger cập nhật nếu đổi API; migration cập nhật nếu đổi DB; README/docs cập nhật nếu cần. 4) Self-review diff/checklist đã làm; acceptance criteria đạt; không còn lỗi Highest/High liên quan chưa xử lý.","","","35","High","","","CTP Sprint 2 - Household, Room & Service","MVP","backend","security","","","BACKEND","1) /auth/me trả dữ liệu hiện tại, không password; cập nhật hồ sơ validate input. 2) Đổi mật khẩu yêu cầu mật khẩu hiện tại đúng, hash mật khẩu mới và xử lý lỗi rõ ràng. 3) User bị khóa không dùng các API được bảo vệ; client xóa token khi đăng xuất. 4) Swagger và smoke test cho các endpoint được cập nhật. 5) Phần triển khai của ""Hoàn thiện current user/profile/change-password"" sẵn sàng để kiểm chứng trong Sub-task tiếp theo.","CTP-26","1) Phạm vi triển khai hoàn thành; build/static checks liên quan không lỗi. 2) Test phù hợp và kiểm tra thủ công có bằng chứng; validation, authorization/ownership được kiểm tra nếu áp dụng. 3) Không hardcode secret; Swagger cập nhật nếu đổi API; migration cập nhật nếu đổi DB; README/docs cập nhật nếu cần. 4) Self-review diff/checklist đã làm; acceptance criteria đạt; không còn lỗi Highest/High liên quan chưa xử lý.","","BACKLOG","MVP-1.0","124","","","","","","","","","","","","","","","","","","",""
"Community Tourism Platform","CTP","124","CTP-124","Sub-task","Kiểm thử quyền và validation hồ sơ","Planned Issue Key: CTP-124. Đóng góp cho CTP-35 — API current user, hồ sơ và đổi mật khẩu. Kiểm chứng/tích hợp hoặc hoàn thiện phần còn lại nêu trong summary; ghi kết quả và cập nhật tài liệu liên quan. Không ước lượng Story Points riêng; công sức đã nằm trong Story cha. Scope: MVP. Planned sprint: CTP Sprint 2 - Household, Room & Service. Dependencies (planned keys): CTP-123. Acceptance Criteria: 1) Xác minh và lưu bằng chứng: /auth/me trả dữ liệu hiện tại, không password; cập nhật hồ sơ validate input. 2) Xác minh và lưu bằng chứng: Đổi mật khẩu yêu cầu mật khẩu hiện tại đúng, hash mật khẩu mới và xử lý lỗi rõ ràng. 3) Xác minh và lưu bằng chứng: User bị khóa không dùng các API được bảo vệ; client xóa token khi đăng xuất. 4) Xác minh và lưu bằng chứng: Swagger và smoke test cho các endpoint được cập nhật. Definition of Done (QA): 1) Kịch bản, fixture và bằng chứng kiểm thử hoàn thành; môi trường/phiên bản và lệnh tái hiện được ghi rõ. 2) Các case trong phạm vi pass; lỗi phát hiện có issue/liên kết và retest; build liên quan không lỗi. 3) Các tiêu chí validation, authorization, secret, Swagger, migration và docs được kiểm tra theo phạm vi; N/A phải có lý do. 4) Kiểm tra thủ công hoàn thành; không dùng mock/in-memory để kết luận concurrency MySQL đạt.","","","35","High","","","CTP Sprint 2 - Household, Room & Service","MVP","backend","security","","","BACKEND","1) Xác minh và lưu bằng chứng: /auth/me trả dữ liệu hiện tại, không password; cập nhật hồ sơ validate input. 2) Xác minh và lưu bằng chứng: Đổi mật khẩu yêu cầu mật khẩu hiện tại đúng, hash mật khẩu mới và xử lý lỗi rõ ràng. 3) Xác minh và lưu bằng chứng: User bị khóa không dùng các API được bảo vệ; client xóa token khi đăng xuất. 4) Xác minh và lưu bằng chứng: Swagger và smoke test cho các endpoint được cập nhật.","CTP-123","1) Kịch bản, fixture và bằng chứng kiểm thử hoàn thành; môi trường/phiên bản và lệnh tái hiện được ghi rõ. 2) Các case trong phạm vi pass; lỗi phát hiện có issue/liên kết và retest; build liên quan không lỗi. 3) Các tiêu chí validation, authorization, secret, Swagger, migration và docs được kiểm tra theo phạm vi; N/A phải có lý do. 4) Kiểm tra thủ công hoàn thành; không dùng mock/in-memory để kết luận concurrency MySQL đạt.","","BACKLOG","MVP-1.0","","","","","","","","","","","","","","","","","","","",""
"Community Tourism Platform","CTP","125","CTP-125","Sub-task","Tạo helper ngày/thời điểm và validateServiceWithinStayDates","Planned Issue Key: CTP-125. Đóng góp cho CTP-36 — Chuẩn hóa DATE, UTC và phạm vi ngày dịch vụ. Thực hiện phần công việc cụ thể trong summary; không mở rộng ngoài acceptance criteria của Story. Không ước lượng Story Points riêng; công sức đã nằm trong Story cha. Scope: MVP. Planned sprint: CTP Sprint 3 - Schedules & Availability. Dependencies (planned keys): CTP-22, CTP-24. Acceptance Criteria: 1) Ngày phòng/block là DATE không trôi ngày; instant UTC được chuyển Asia/Ho_Chi_Minh khi xét local date. 2) Nhận phòng 14h, trả phòng 12h; helper xét cả serviceStartAt và serviceEndAt. 3) Dịch vụ trong đơn có phòng phải bắt đầu và kết thúc trong các ngày check-in..check-out; slot qua đêm nội kỳ hợp lệ, vượt ngày trả phòng bị cấm. 4) Có test ranh giới UTC/local, đúng 00h ngày sau và service-only không phụ thuộc room stay. 5) Phần triển khai của ""Tạo helper ngày/thời điểm và validateServiceWithinStayDates"" sẵn sàng để kiểm chứng trong Sub-task tiếp theo. Definition of Done (DEV): 1) Phạm vi triển khai hoàn thành; build/static checks liên quan không lỗi. 2) Test phù hợp và kiểm tra thủ công có bằng chứng; validation, authorization/ownership được kiểm tra nếu áp dụng. 3) Không hardcode secret; Swagger cập nhật nếu đổi API; migration cập nhật nếu đổi DB; README/docs cập nhật nếu cần. 4) Self-review diff/checklist đã làm; acceptance criteria đạt; không còn lỗi Highest/High liên quan chưa xử lý.","","","36","Highest","","","CTP Sprint 3 - Schedules & Availability","MVP","availability","backend","testing","","BACKEND","1) Ngày phòng/block là DATE không trôi ngày; instant UTC được chuyển Asia/Ho_Chi_Minh khi xét local date. 2) Nhận phòng 14h, trả phòng 12h; helper xét cả serviceStartAt và serviceEndAt. 3) Dịch vụ trong đơn có phòng phải bắt đầu và kết thúc trong các ngày check-in..check-out; slot qua đêm nội kỳ hợp lệ, vượt ngày trả phòng bị cấm. 4) Có test ranh giới UTC/local, đúng 00h ngày sau và service-only không phụ thuộc room stay. 5) Phần triển khai của ""Tạo helper ngày/thời điểm và validateServiceWithinStayDates"" sẵn sàng để kiểm chứng trong Sub-task tiếp theo.","CTP-22; CTP-24","1) Phạm vi triển khai hoàn thành; build/static checks liên quan không lỗi. 2) Test phù hợp và kiểm tra thủ công có bằng chứng; validation, authorization/ownership được kiểm tra nếu áp dụng. 3) Không hardcode secret; Swagger cập nhật nếu đổi API; migration cập nhật nếu đổi DB; README/docs cập nhật nếu cần. 4) Self-review diff/checklist đã làm; acceptance criteria đạt; không còn lỗi Highest/High liên quan chưa xử lý.","","BACKLOG","MVP-1.0","126","","","","","","","","","","","","","","","","","","",""
"Community Tourism Platform","CTP","126","CTP-126","Sub-task","Kiểm thử ranh giới local date và slot qua đêm","Planned Issue Key: CTP-126. Đóng góp cho CTP-36 — Chuẩn hóa DATE, UTC và phạm vi ngày dịch vụ. Kiểm chứng/tích hợp hoặc hoàn thiện phần còn lại nêu trong summary; ghi kết quả và cập nhật tài liệu liên quan. Không ước lượng Story Points riêng; công sức đã nằm trong Story cha. Scope: MVP. Planned sprint: CTP Sprint 3 - Schedules & Availability. Dependencies (planned keys): CTP-125. Acceptance Criteria: 1) Xác minh và lưu bằng chứng: Ngày phòng/block là DATE không trôi ngày; instant UTC được chuyển Asia/Ho_Chi_Minh khi xét local date. 2) Xác minh và lưu bằng chứng: Nhận phòng 14h, trả phòng 12h; helper xét cả serviceStartAt và serviceEndAt. 3) Xác minh và lưu bằng chứng: Dịch vụ trong đơn có phòng phải bắt đầu và kết thúc trong các ngày check-in..check-out; slot qua đêm nội kỳ hợp lệ, vượt ngày trả phòng bị cấm. 4) Xác minh và lưu bằng chứng: Có test ranh giới UTC/local, đúng 00h ngày sau và service-only không phụ thuộc room stay. Definition of Done (QA): 1) Kịch bản, fixture và bằng chứng kiểm thử hoàn thành; môi trường/phiên bản và lệnh tái hiện được ghi rõ. 2) Các case trong phạm vi pass; lỗi phát hiện có issue/liên kết và retest; build liên quan không lỗi. 3) Các tiêu chí validation, authorization, secret, Swagger, migration và docs được kiểm tra theo phạm vi; N/A phải có lý do. 4) Kiểm tra thủ công hoàn thành; không dùng mock/in-memory để kết luận concurrency MySQL đạt.","","","36","Highest","","","CTP Sprint 3 - Schedules & Availability","MVP","availability","backend","testing","","BACKEND","1) Xác minh và lưu bằng chứng: Ngày phòng/block là DATE không trôi ngày; instant UTC được chuyển Asia/Ho_Chi_Minh khi xét local date. 2) Xác minh và lưu bằng chứng: Nhận phòng 14h, trả phòng 12h; helper xét cả serviceStartAt và serviceEndAt. 3) Xác minh và lưu bằng chứng: Dịch vụ trong đơn có phòng phải bắt đầu và kết thúc trong các ngày check-in..check-out; slot qua đêm nội kỳ hợp lệ, vượt ngày trả phòng bị cấm. 4) Xác minh và lưu bằng chứng: Có test ranh giới UTC/local, đúng 00h ngày sau và service-only không phụ thuộc room stay.","CTP-125","1) Kịch bản, fixture và bằng chứng kiểm thử hoàn thành; môi trường/phiên bản và lệnh tái hiện được ghi rõ. 2) Các case trong phạm vi pass; lỗi phát hiện có issue/liên kết và retest; build liên quan không lỗi. 3) Các tiêu chí validation, authorization, secret, Swagger, migration và docs được kiểm tra theo phạm vi; N/A phải có lý do. 4) Kiểm tra thủ công hoàn thành; không dùng mock/in-memory để kết luận concurrency MySQL đạt.","","BACKLOG","MVP-1.0","","","","","","","","","","","","","","","","","","","",""
"Community Tourism Platform","CTP","127","CTP-127","Sub-task","Tạo slot API và unique constraint","Planned Issue Key: CTP-127. Đóng góp cho CTP-37 — Tạo và quản lý lịch service slot. Thực hiện phần công việc cụ thể trong summary; không mở rộng ngoài acceptance criteria của Story. Không ước lượng Story Points riêng; công sức đã nằm trong Story cha. Scope: MVP. Planned sprint: CTP Sprint 3 - Schedules & Availability. Dependencies (planned keys): CTP-30, CTP-36. Acceptance Criteria: 1) Slot có start_at/end_at UTC, capacity nguyên dương và OPEN/CLOSED; end lớn hơn start. 2) Mặc định CLOSED; unique(service_id,start_at,end_at) chặn trùng, kể cả request đồng thời. 3) Không đổi giờ slot đã có booking; không lưu booked_quantity. 4) CRUD đọc/ghi enforce ownership và API validate ngày, capacity, trạng thái. 5) Phần triển khai của ""Tạo slot API và unique constraint"" sẵn sàng để kiểm chứng trong Sub-task tiếp theo. Definition of Done (DEV): 1) Phạm vi triển khai hoàn thành; build/static checks liên quan không lỗi. 2) Test phù hợp và kiểm tra thủ công có bằng chứng; validation, authorization/ownership được kiểm tra nếu áp dụng. 3) Không hardcode secret; Swagger cập nhật nếu đổi API; migration cập nhật nếu đổi DB; README/docs cập nhật nếu cần. 4) Self-review diff/checklist đã làm; acceptance criteria đạt; không còn lỗi Highest/High liên quan chưa xử lý.","","","37","Highest","","","CTP Sprint 3 - Schedules & Availability","MVP","backend","availability","database","","BACKEND","1) Slot có start_at/end_at UTC, capacity nguyên dương và OPEN/CLOSED; end lớn hơn start. 2) Mặc định CLOSED; unique(service_id,start_at,end_at) chặn trùng, kể cả request đồng thời. 3) Không đổi giờ slot đã có booking; không lưu booked_quantity. 4) CRUD đọc/ghi enforce ownership và API validate ngày, capacity, trạng thái. 5) Phần triển khai của ""Tạo slot API và unique constraint"" sẵn sàng để kiểm chứng trong Sub-task tiếp theo.","CTP-30; CTP-36","1) Phạm vi triển khai hoàn thành; build/static checks liên quan không lỗi. 2) Test phù hợp và kiểm tra thủ công có bằng chứng; validation, authorization/ownership được kiểm tra nếu áp dụng. 3) Không hardcode secret; Swagger cập nhật nếu đổi API; migration cập nhật nếu đổi DB; README/docs cập nhật nếu cần. 4) Self-review diff/checklist đã làm; acceptance criteria đạt; không còn lỗi Highest/High liên quan chưa xử lý.","","BACKLOG","MVP-1.0","128","","","","","","","","","","","","","","","","","","",""
"Community Tourism Platform","CTP","128","CTP-128","Sub-task","Kiểm thử thời gian, slot trùng và ownership","Planned Issue Key: CTP-128. Đóng góp cho CTP-37 — Tạo và quản lý lịch service slot. Kiểm chứng/tích hợp hoặc hoàn thiện phần còn lại nêu trong summary; ghi kết quả và cập nhật tài liệu liên quan. Không ước lượng Story Points riêng; công sức đã nằm trong Story cha. Scope: MVP. Planned sprint: CTP Sprint 3 - Schedules & Availability. Dependencies (planned keys): CTP-127. Acceptance Criteria: 1) Xác minh và lưu bằng chứng: Slot có start_at/end_at UTC, capacity nguyên dương và OPEN/CLOSED; end lớn hơn start. 2) Xác minh và lưu bằng chứng: Mặc định CLOSED; unique(service_id,start_at,end_at) chặn trùng, kể cả request đồng thời. 3) Xác minh và lưu bằng chứng: Không đổi giờ slot đã có booking; không lưu booked_quantity. 4) Xác minh và lưu bằng chứng: CRUD đọc/ghi enforce ownership và API validate ngày, capacity, trạng thái. Definition of Done (QA): 1) Kịch bản, fixture và bằng chứng kiểm thử hoàn thành; môi trường/phiên bản và lệnh tái hiện được ghi rõ. 2) Các case trong phạm vi pass; lỗi phát hiện có issue/liên kết và retest; build liên quan không lỗi. 3) Các tiêu chí validation, authorization, secret, Swagger, migration và docs được kiểm tra theo phạm vi; N/A phải có lý do. 4) Kiểm tra thủ công hoàn thành; không dùng mock/in-memory để kết luận concurrency MySQL đạt.","","","37","Highest","","","CTP Sprint 3 - Schedules & Availability","MVP","backend","availability","database","","BACKEND","1) Xác minh và lưu bằng chứng: Slot có start_at/end_at UTC, capacity nguyên dương và OPEN/CLOSED; end lớn hơn start. 2) Xác minh và lưu bằng chứng: Mặc định CLOSED; unique(service_id,start_at,end_at) chặn trùng, kể cả request đồng thời. 3) Xác minh và lưu bằng chứng: Không đổi giờ slot đã có booking; không lưu booked_quantity. 4) Xác minh và lưu bằng chứng: CRUD đọc/ghi enforce ownership và API validate ngày, capacity, trạng thái.","CTP-127","1) Kịch bản, fixture và bằng chứng kiểm thử hoàn thành; môi trường/phiên bản và lệnh tái hiện được ghi rõ. 2) Các case trong phạm vi pass; lỗi phát hiện có issue/liên kết và retest; build liên quan không lỗi. 3) Các tiêu chí validation, authorization, secret, Swagger, migration và docs được kiểm tra theo phạm vi; N/A phải có lý do. 4) Kiểm tra thủ công hoàn thành; không dùng mock/in-memory để kết luận concurrency MySQL đạt.","","BACKLOG","MVP-1.0","","","","","","","","","","","","","","","","","","","",""
"Community Tourism Platform","CTP","129","CTP-129","Sub-task","Tạo API room blocks và overlap rule","Planned Issue Key: CTP-129. Đóng góp cho CTP-38 — Quản lý room blocks cho đặt ngoài ứng dụng. Thực hiện phần công việc cụ thể trong summary; không mở rộng ngoài acceptance criteria của Story. Không ước lượng Story Points riêng; công sức đã nằm trong Story cha. Scope: MVP. Planned sprint: CTP Sprint 3 - Schedules & Availability. Dependencies (planned keys): CTP-29, CTP-36. Acceptance Criteria: 1) Block có room_id, start_date/end_date DATE và reason; start nhỏ hơn end. 2) Ownership được kiểm tra; lịch nối tiếp ngày trả/nhận không giao nhau. 3) Quy tắc overlap dùng chung với booking; kiểm tra booking thật được tích hợp ở AvailabilityService và concurrency story. 4) API thêm/xóa block giữ audit cần thiết và không sửa booking của khách. 5) Phần triển khai của ""Tạo API room blocks và overlap rule"" sẵn sàng để kiểm chứng trong Sub-task tiếp theo. Definition of Done (DEV): 1) Phạm vi triển khai hoàn thành; build/static checks liên quan không lỗi. 2) Test phù hợp và kiểm tra thủ công có bằng chứng; validation, authorization/ownership được kiểm tra nếu áp dụng. 3) Không hardcode secret; Swagger cập nhật nếu đổi API; migration cập nhật nếu đổi DB; README/docs cập nhật nếu cần. 4) Self-review diff/checklist đã làm; acceptance criteria đạt; không còn lỗi Highest/High liên quan chưa xử lý.","","","38","High","","","CTP Sprint 3 - Schedules & Availability","MVP","backend","availability","","","BACKEND","1) Block có room_id, start_date/end_date DATE và reason; start nhỏ hơn end. 2) Ownership được kiểm tra; lịch nối tiếp ngày trả/nhận không giao nhau. 3) Quy tắc overlap dùng chung với booking; kiểm tra booking thật được tích hợp ở AvailabilityService và concurrency story. 4) API thêm/xóa block giữ audit cần thiết và không sửa booking của khách. 5) Phần triển khai của ""Tạo API room blocks và overlap rule"" sẵn sàng để kiểm chứng trong Sub-task tiếp theo.","CTP-29; CTP-36","1) Phạm vi triển khai hoàn thành; build/static checks liên quan không lỗi. 2) Test phù hợp và kiểm tra thủ công có bằng chứng; validation, authorization/ownership được kiểm tra nếu áp dụng. 3) Không hardcode secret; Swagger cập nhật nếu đổi API; migration cập nhật nếu đổi DB; README/docs cập nhật nếu cần. 4) Self-review diff/checklist đã làm; acceptance criteria đạt; không còn lỗi Highest/High liên quan chưa xử lý.","","BACKLOG","MVP-1.0","130","","","","","","","","","","","","","","","","","","",""
"Community Tourism Platform","CTP","130","CTP-130","Sub-task","Kiểm thử lịch nối tiếp, giao nhau và khác chủ","Planned Issue Key: CTP-130. Đóng góp cho CTP-38 — Quản lý room blocks cho đặt ngoài ứng dụng. Kiểm chứng/tích hợp hoặc hoàn thiện phần còn lại nêu trong summary; ghi kết quả và cập nhật tài liệu liên quan. Không ước lượng Story Points riêng; công sức đã nằm trong Story cha. Scope: MVP. Planned sprint: CTP Sprint 3 - Schedules & Availability. Dependencies (planned keys): CTP-129. Acceptance Criteria: 1) Xác minh và lưu bằng chứng: Block có room_id, start_date/end_date DATE và reason; start nhỏ hơn end. 2) Xác minh và lưu bằng chứng: Ownership được kiểm tra; lịch nối tiếp ngày trả/nhận không giao nhau. 3) Xác minh và lưu bằng chứng: Quy tắc overlap dùng chung với booking; kiểm tra booking thật được tích hợp ở AvailabilityService và concurrency story. 4) Xác minh và lưu bằng chứng: API thêm/xóa block giữ audit cần thiết và không sửa booking của khách. Definition of Done (QA): 1) Kịch bản, fixture và bằng chứng kiểm thử hoàn thành; môi trường/phiên bản và lệnh tái hiện được ghi rõ. 2) Các case trong phạm vi pass; lỗi phát hiện có issue/liên kết và retest; build liên quan không lỗi. 3) Các tiêu chí validation, authorization, secret, Swagger, migration và docs được kiểm tra theo phạm vi; N/A phải có lý do. 4) Kiểm tra thủ công hoàn thành; không dùng mock/in-memory để kết luận concurrency MySQL đạt.","","","38","High","","","CTP Sprint 3 - Schedules & Availability","MVP","backend","availability","","","BACKEND","1) Xác minh và lưu bằng chứng: Block có room_id, start_date/end_date DATE và reason; start nhỏ hơn end. 2) Xác minh và lưu bằng chứng: Ownership được kiểm tra; lịch nối tiếp ngày trả/nhận không giao nhau. 3) Xác minh và lưu bằng chứng: Quy tắc overlap dùng chung với booking; kiểm tra booking thật được tích hợp ở AvailabilityService và concurrency story. 4) Xác minh và lưu bằng chứng: API thêm/xóa block giữ audit cần thiết và không sửa booking của khách.","CTP-129","1) Kịch bản, fixture và bằng chứng kiểm thử hoàn thành; môi trường/phiên bản và lệnh tái hiện được ghi rõ. 2) Các case trong phạm vi pass; lỗi phát hiện có issue/liên kết và retest; build liên quan không lỗi. 3) Các tiêu chí validation, authorization, secret, Swagger, migration và docs được kiểm tra theo phạm vi; N/A phải có lý do. 4) Kiểm tra thủ công hoàn thành; không dùng mock/in-memory để kết luận concurrency MySQL đạt.","","BACKLOG","MVP-1.0","","","","","","","","","","","","","","","","","","","",""
"Community Tourism Platform","CTP","131","CTP-131","Sub-task","Triển khai các truy vấn khả dụng dùng chung","Planned Issue Key: CTP-131. Đóng góp cho CTP-39 — AvailabilityService tính phòng trống và suất còn lại. Thực hiện phần công việc cụ thể trong summary; không mở rộng ngoài acceptance criteria của Story. Không ước lượng Story Points riêng; công sức đã nằm trong Story cha. Scope: MVP. Planned sprint: CTP Sprint 3 - Schedules & Availability. Dependencies (planned keys): CTP-37, CTP-38, CTP-22. Acceptance Criteria: 1) Có checkRoomAvailability, checkServiceSlotAvailability, getOccupiedRooms, getRemainingCapacity dùng chung. 2) Chiếm chỗ khi CONFIRMED hoặc PENDING có expires_at > UTC_TIMESTAMP(3); cron không ảnh hưởng kết quả khả dụng. 3) Remaining = capacity - SUM(quantity đang chiếm chỗ), COALESCE về 0; không có bộ đếm booked_quantity. 4) Room check tính cả booking items và blocks; hàm hỗ trợ tx/asOf nội bộ, không nhận thời gian do client quyết định. 5) Đóng slot chỉ chặn bán mới; lượng đã giữ vẫn được tính từ booking. 6) Phần triển khai của ""Triển khai các truy vấn khả dụng dùng chung"" sẵn sàng để kiểm chứng trong Sub-task tiếp theo. Definition of Done (DEV): 1) Phạm vi triển khai hoàn thành; build/static checks liên quan không lỗi. 2) Test phù hợp và kiểm tra thủ công có bằng chứng; validation, authorization/ownership được kiểm tra nếu áp dụng. 3) Không hardcode secret; Swagger cập nhật nếu đổi API; migration cập nhật nếu đổi DB; README/docs cập nhật nếu cần. 4) Self-review diff/checklist đã làm; acceptance criteria đạt; không còn lỗi Highest/High liên quan chưa xử lý.","","","39","Highest","","","CTP Sprint 3 - Schedules & Availability","MVP","availability","database","prisma","testing","DATABASE","1) Có checkRoomAvailability, checkServiceSlotAvailability, getOccupiedRooms, getRemainingCapacity dùng chung. 2) Chiếm chỗ khi CONFIRMED hoặc PENDING có expires_at > UTC_TIMESTAMP(3); cron không ảnh hưởng kết quả khả dụng. 3) Remaining = capacity - SUM(quantity đang chiếm chỗ), COALESCE về 0; không có bộ đếm booked_quantity. 4) Room check tính cả booking items và blocks; hàm hỗ trợ tx/asOf nội bộ, không nhận thời gian do client quyết định. 5) Đóng slot chỉ chặn bán mới; lượng đã giữ vẫn được tính từ booking. 6) Phần triển khai của ""Triển khai các truy vấn khả dụng dùng chung"" sẵn sàng để kiểm chứng trong Sub-task tiếp theo.","CTP-37; CTP-38; CTP-22","1) Phạm vi triển khai hoàn thành; build/static checks liên quan không lỗi. 2) Test phù hợp và kiểm tra thủ công có bằng chứng; validation, authorization/ownership được kiểm tra nếu áp dụng. 3) Không hardcode secret; Swagger cập nhật nếu đổi API; migration cập nhật nếu đổi DB; README/docs cập nhật nếu cần. 4) Self-review diff/checklist đã làm; acceptance criteria đạt; không còn lỗi Highest/High liên quan chưa xử lý.","","BACKLOG","MVP-1.0","132","","","","","","","","","","","","","","","","","","",""
"Community Tourism Platform","CTP","132","CTP-132","Sub-task","Kiểm thử predicate giữ chỗ và aggregation bằng fixture MySQL","Planned Issue Key: CTP-132. Đóng góp cho CTP-39 — AvailabilityService tính phòng trống và suất còn lại. Kiểm chứng/tích hợp hoặc hoàn thiện phần còn lại nêu trong summary; ghi kết quả và cập nhật tài liệu liên quan. Không ước lượng Story Points riêng; công sức đã nằm trong Story cha. Scope: MVP. Planned sprint: CTP Sprint 3 - Schedules & Availability. Dependencies (planned keys): CTP-131. Acceptance Criteria: 1) Xác minh và lưu bằng chứng: Có checkRoomAvailability, checkServiceSlotAvailability, getOccupiedRooms, getRemainingCapacity dùng chung. 2) Xác minh và lưu bằng chứng: Chiếm chỗ khi CONFIRMED hoặc PENDING có expires_at > UTC_TIMESTAMP(3); cron không ảnh hưởng kết quả khả dụng. 3) Xác minh và lưu bằng chứng: Remaining = capacity - SUM(quantity đang chiếm chỗ), COALESCE về 0; không có bộ đếm booked_quantity. 4) Xác minh và lưu bằng chứng: Room check tính cả booking items và blocks; hàm hỗ trợ tx/asOf nội bộ, không nhận thời gian do client quyết định. 5) Xác minh và lưu bằng chứng: Đóng slot chỉ chặn bán mới; lượng đã giữ vẫn được tính từ booking. Definition of Done (QA): 1) Kịch bản, fixture và bằng chứng kiểm thử hoàn thành; môi trường/phiên bản và lệnh tái hiện được ghi rõ. 2) Các case trong phạm vi pass; lỗi phát hiện có issue/liên kết và retest; build liên quan không lỗi. 3) Các tiêu chí validation, authorization, secret, Swagger, migration và docs được kiểm tra theo phạm vi; N/A phải có lý do. 4) Kiểm tra thủ công hoàn thành; không dùng mock/in-memory để kết luận concurrency MySQL đạt.","","","39","Highest","","","CTP Sprint 3 - Schedules & Availability","MVP","availability","database","prisma","testing","DATABASE","1) Xác minh và lưu bằng chứng: Có checkRoomAvailability, checkServiceSlotAvailability, getOccupiedRooms, getRemainingCapacity dùng chung. 2) Xác minh và lưu bằng chứng: Chiếm chỗ khi CONFIRMED hoặc PENDING có expires_at > UTC_TIMESTAMP(3); cron không ảnh hưởng kết quả khả dụng. 3) Xác minh và lưu bằng chứng: Remaining = capacity - SUM(quantity đang chiếm chỗ), COALESCE về 0; không có bộ đếm booked_quantity. 4) Xác minh và lưu bằng chứng: Room check tính cả booking items và blocks; hàm hỗ trợ tx/asOf nội bộ, không nhận thời gian do client quyết định. 5) Xác minh và lưu bằng chứng: Đóng slot chỉ chặn bán mới; lượng đã giữ vẫn được tính từ booking.","CTP-131","1) Kịch bản, fixture và bằng chứng kiểm thử hoàn thành; môi trường/phiên bản và lệnh tái hiện được ghi rõ. 2) Các case trong phạm vi pass; lỗi phát hiện có issue/liên kết và retest; build liên quan không lỗi. 3) Các tiêu chí validation, authorization, secret, Swagger, migration và docs được kiểm tra theo phạm vi; N/A phải có lý do. 4) Kiểm tra thủ công hoàn thành; không dùng mock/in-memory để kết luận concurrency MySQL đạt.","","BACKLOG","MVP-1.0","","","","","","","","","","","","","","","","","","","",""
"Community Tourism Platform","CTP","133","CTP-133","Sub-task","Tạo transaction/locking dùng chung","Planned Issue Key: CTP-133. Đóng góp cho CTP-40 — Khóa tài nguyên và retry trong Prisma transaction. Thực hiện phần công việc cụ thể trong summary; không mở rộng ngoài acceptance criteria của Story. Không ước lượng Story Points riêng; công sức đã nằm trong Story cha. Scope: MVP. Planned sprint: CTP Sprint 3 - Schedules & Availability. Dependencies (planned keys): CTP-39, CTP-20. Acceptance Criteria: 1) Interactive transaction READ COMMITTED dùng raw SQL tham số hóa khi cần SELECT FOR UPDATE. 2) Khóa phòng theo ID, rồi slot theo ID và booking hiện hữu; kiểm tra lại sau khi lấy khóa. 3) Không gọi Prisma client ngoài transaction cho thao tác cần nguyên tử; lỗi làm rollback toàn bộ. 4) Retry deadlock tối đa ba lần; hai kết nối MySQL thật chứng minh thứ tự khóa và rollback. 5) Phần triển khai của ""Tạo transaction/locking dùng chung"" sẵn sàng để kiểm chứng trong Sub-task tiếp theo. Definition of Done (DEV): 1) Phạm vi triển khai hoàn thành; build/static checks liên quan không lỗi. 2) Test phù hợp và kiểm tra thủ công có bằng chứng; validation, authorization/ownership được kiểm tra nếu áp dụng. 3) Không hardcode secret; Swagger cập nhật nếu đổi API; migration cập nhật nếu đổi DB; README/docs cập nhật nếu cần. 4) Self-review diff/checklist đã làm; acceptance criteria đạt; không còn lỗi Highest/High liên quan chưa xử lý.","","","40","Highest","","","CTP Sprint 3 - Schedules & Availability","MVP","availability","database","prisma","testing","DATABASE","1) Interactive transaction READ COMMITTED dùng raw SQL tham số hóa khi cần SELECT FOR UPDATE. 2) Khóa phòng theo ID, rồi slot theo ID và booking hiện hữu; kiểm tra lại sau khi lấy khóa. 3) Không gọi Prisma client ngoài transaction cho thao tác cần nguyên tử; lỗi làm rollback toàn bộ. 4) Retry deadlock tối đa ba lần; hai kết nối MySQL thật chứng minh thứ tự khóa và rollback. 5) Phần triển khai của ""Tạo transaction/locking dùng chung"" sẵn sàng để kiểm chứng trong Sub-task tiếp theo.","CTP-39; CTP-20","1) Phạm vi triển khai hoàn thành; build/static checks liên quan không lỗi. 2) Test phù hợp và kiểm tra thủ công có bằng chứng; validation, authorization/ownership được kiểm tra nếu áp dụng. 3) Không hardcode secret; Swagger cập nhật nếu đổi API; migration cập nhật nếu đổi DB; README/docs cập nhật nếu cần. 4) Self-review diff/checklist đã làm; acceptance criteria đạt; không còn lỗi Highest/High liên quan chưa xử lý.","","BACKLOG","MVP-1.0","134","","","","","","","","","","","","","","","","","","",""
"Community Tourism Platform","CTP","134","CTP-134","Sub-task","Kiểm chứng hai kết nối MySQL và retry deadlock","Planned Issue Key: CTP-134. Đóng góp cho CTP-40 — Khóa tài nguyên và retry trong Prisma transaction. Kiểm chứng/tích hợp hoặc hoàn thiện phần còn lại nêu trong summary; ghi kết quả và cập nhật tài liệu liên quan. Không ước lượng Story Points riêng; công sức đã nằm trong Story cha. Scope: MVP. Planned sprint: CTP Sprint 3 - Schedules & Availability. Dependencies (planned keys): CTP-133. Acceptance Criteria: 1) Xác minh và lưu bằng chứng: Interactive transaction READ COMMITTED dùng raw SQL tham số hóa khi cần SELECT FOR UPDATE. 2) Xác minh và lưu bằng chứng: Khóa phòng theo ID, rồi slot theo ID và booking hiện hữu; kiểm tra lại sau khi lấy khóa. 3) Xác minh và lưu bằng chứng: Không gọi Prisma client ngoài transaction cho thao tác cần nguyên tử; lỗi làm rollback toàn bộ. 4) Xác minh và lưu bằng chứng: Retry deadlock tối đa ba lần; hai kết nối MySQL thật chứng minh thứ tự khóa và rollback. Definition of Done (QA): 1) Kịch bản, fixture và bằng chứng kiểm thử hoàn thành; môi trường/phiên bản và lệnh tái hiện được ghi rõ. 2) Các case trong phạm vi pass; lỗi phát hiện có issue/liên kết và retest; build liên quan không lỗi. 3) Các tiêu chí validation, authorization, secret, Swagger, migration và docs được kiểm tra theo phạm vi; N/A phải có lý do. 4) Kiểm tra thủ công hoàn thành; không dùng mock/in-memory để kết luận concurrency MySQL đạt.","","","40","Highest","","","CTP Sprint 3 - Schedules & Availability","MVP","availability","database","prisma","testing","DATABASE","1) Xác minh và lưu bằng chứng: Interactive transaction READ COMMITTED dùng raw SQL tham số hóa khi cần SELECT FOR UPDATE. 2) Xác minh và lưu bằng chứng: Khóa phòng theo ID, rồi slot theo ID và booking hiện hữu; kiểm tra lại sau khi lấy khóa. 3) Xác minh và lưu bằng chứng: Không gọi Prisma client ngoài transaction cho thao tác cần nguyên tử; lỗi làm rollback toàn bộ. 4) Xác minh và lưu bằng chứng: Retry deadlock tối đa ba lần; hai kết nối MySQL thật chứng minh thứ tự khóa và rollback.","CTP-133","1) Kịch bản, fixture và bằng chứng kiểm thử hoàn thành; môi trường/phiên bản và lệnh tái hiện được ghi rõ. 2) Các case trong phạm vi pass; lỗi phát hiện có issue/liên kết và retest; build liên quan không lỗi. 3) Các tiêu chí validation, authorization, secret, Swagger, migration và docs được kiểm tra theo phạm vi; N/A phải có lý do. 4) Kiểm tra thủ công hoàn thành; không dùng mock/in-memory để kết luận concurrency MySQL đạt.","","BACKLOG","MVP-1.0","","","","","","","","","","","","","","","","","","","",""
"Community Tourism Platform","CTP","135","CTP-135","Sub-task","Tạo API đổi trạng thái và capacity của slot","Planned Issue Key: CTP-135. Đóng góp cho CTP-41 — Đóng/mở slot và thay đổi capacity an toàn. Thực hiện phần công việc cụ thể trong summary; không mở rộng ngoài acceptance criteria của Story. Không ước lượng Story Points riêng; công sức đã nằm trong Story cha. Scope: MVP. Planned sprint: CTP Sprint 3 - Schedules & Availability. Dependencies (planned keys): CTP-37, CTP-39, CTP-40. Acceptance Criteria: 1) Hộ APPROVED/user ACTIVE mới mở slot; hộ mất duyệt vẫn được đóng slot của mình. 2) CLOSED chặn booking mới, không xóa booking cũ, không giải phóng hold hay tự hoàn tiền. 3) Capacity không được giảm dưới lượng đang chiếm chỗ; thay đổi chạy trong transaction cùng khóa. 4) Quy tắc xác nhận PENDING cũ của slot CLOSED được cung cấp cho BookingService; getRemainingCapacity vẫn trả sức chứa thực. 5) Phần triển khai của ""Tạo API đổi trạng thái và capacity của slot"" sẵn sàng để kiểm chứng trong Sub-task tiếp theo. Definition of Done (DEV): 1) Phạm vi triển khai hoàn thành; build/static checks liên quan không lỗi. 2) Test phù hợp và kiểm tra thủ công có bằng chứng; validation, authorization/ownership được kiểm tra nếu áp dụng. 3) Không hardcode secret; Swagger cập nhật nếu đổi API; migration cập nhật nếu đổi DB; README/docs cập nhật nếu cần. 4) Self-review diff/checklist đã làm; acceptance criteria đạt; không còn lỗi Highest/High liên quan chưa xử lý.","","","41","Highest","","","CTP Sprint 3 - Schedules & Availability","MVP","backend","availability","database","","BACKEND","1) Hộ APPROVED/user ACTIVE mới mở slot; hộ mất duyệt vẫn được đóng slot của mình. 2) CLOSED chặn booking mới, không xóa booking cũ, không giải phóng hold hay tự hoàn tiền. 3) Capacity không được giảm dưới lượng đang chiếm chỗ; thay đổi chạy trong transaction cùng khóa. 4) Quy tắc xác nhận PENDING cũ của slot CLOSED được cung cấp cho BookingService; getRemainingCapacity vẫn trả sức chứa thực. 5) Phần triển khai của ""Tạo API đổi trạng thái và capacity của slot"" sẵn sàng để kiểm chứng trong Sub-task tiếp theo.","CTP-37; CTP-39; CTP-40","1) Phạm vi triển khai hoàn thành; build/static checks liên quan không lỗi. 2) Test phù hợp và kiểm tra thủ công có bằng chứng; validation, authorization/ownership được kiểm tra nếu áp dụng. 3) Không hardcode secret; Swagger cập nhật nếu đổi API; migration cập nhật nếu đổi DB; README/docs cập nhật nếu cần. 4) Self-review diff/checklist đã làm; acceptance criteria đạt; không còn lỗi Highest/High liên quan chưa xử lý.","","BACKLOG","MVP-1.0","136","","","","","","","","","","","","","","","","","","",""
"Community Tourism Platform","CTP","136","CTP-136","Sub-task","Kiểm thử CLOSED, reopen và capacity dưới mức đang giữ","Planned Issue Key: CTP-136. Đóng góp cho CTP-41 — Đóng/mở slot và thay đổi capacity an toàn. Kiểm chứng/tích hợp hoặc hoàn thiện phần còn lại nêu trong summary; ghi kết quả và cập nhật tài liệu liên quan. Không ước lượng Story Points riêng; công sức đã nằm trong Story cha. Scope: MVP. Planned sprint: CTP Sprint 3 - Schedules & Availability. Dependencies (planned keys): CTP-135. Acceptance Criteria: 1) Xác minh và lưu bằng chứng: Hộ APPROVED/user ACTIVE mới mở slot; hộ mất duyệt vẫn được đóng slot của mình. 2) Xác minh và lưu bằng chứng: CLOSED chặn booking mới, không xóa booking cũ, không giải phóng hold hay tự hoàn tiền. 3) Xác minh và lưu bằng chứng: Capacity không được giảm dưới lượng đang chiếm chỗ; thay đổi chạy trong transaction cùng khóa. 4) Xác minh và lưu bằng chứng: Quy tắc xác nhận PENDING cũ của slot CLOSED được cung cấp cho BookingService; getRemainingCapacity vẫn trả sức chứa thực. Definition of Done (QA): 1) Kịch bản, fixture và bằng chứng kiểm thử hoàn thành; môi trường/phiên bản và lệnh tái hiện được ghi rõ. 2) Các case trong phạm vi pass; lỗi phát hiện có issue/liên kết và retest; build liên quan không lỗi. 3) Các tiêu chí validation, authorization, secret, Swagger, migration và docs được kiểm tra theo phạm vi; N/A phải có lý do. 4) Kiểm tra thủ công hoàn thành; không dùng mock/in-memory để kết luận concurrency MySQL đạt.","","","41","Highest","","","CTP Sprint 3 - Schedules & Availability","MVP","backend","availability","database","","BACKEND","1) Xác minh và lưu bằng chứng: Hộ APPROVED/user ACTIVE mới mở slot; hộ mất duyệt vẫn được đóng slot của mình. 2) Xác minh và lưu bằng chứng: CLOSED chặn booking mới, không xóa booking cũ, không giải phóng hold hay tự hoàn tiền. 3) Xác minh và lưu bằng chứng: Capacity không được giảm dưới lượng đang chiếm chỗ; thay đổi chạy trong transaction cùng khóa. 4) Xác minh và lưu bằng chứng: Quy tắc xác nhận PENDING cũ của slot CLOSED được cung cấp cho BookingService; getRemainingCapacity vẫn trả sức chứa thực.","CTP-135","1) Kịch bản, fixture và bằng chứng kiểm thử hoàn thành; môi trường/phiên bản và lệnh tái hiện được ghi rõ. 2) Các case trong phạm vi pass; lỗi phát hiện có issue/liên kết và retest; build liên quan không lỗi. 3) Các tiêu chí validation, authorization, secret, Swagger, migration và docs được kiểm tra theo phạm vi; N/A phải có lý do. 4) Kiểm tra thủ công hoàn thành; không dùng mock/in-memory để kết luận concurrency MySQL đạt.","","BACKLOG","MVP-1.0","","","","","","","","","","","","","","","","","","","",""
"Community Tourism Platform","CTP","137","CTP-137","Sub-task","Tạo Flutter room list/form và trạng thái kinh doanh","Planned Issue Key: CTP-137. Đóng góp cho CTP-42 — Flutter hộ: danh sách, form phòng và ảnh. Thực hiện phần công việc cụ thể trong summary; không mở rộng ngoài acceptance criteria của Story. Không ước lượng Story Points riêng; công sức đã nằm trong Story cha. Scope: MVP. Planned sprint: CTP Sprint 3 - Schedules & Availability. Dependencies (planned keys): CTP-34, CTP-29, CTP-28, CTP-27. Acceptance Criteria: 1) Hộ xem/thêm/sửa/ngừng kinh doanh phòng, capacity và giá; upload ảnh qua backend. 2) Hiển thị trạng thái duyệt và lý do không có quyền mở bán. 3) Không có trường số lượng phòng; mỗi form tạo một phòng vật lý. 4) Thử thao tác thật với API, loading/error/validation và tài nguyên hộ khác. 5) Phần triển khai của ""Tạo Flutter room list/form và trạng thái kinh doanh"" sẵn sàng để kiểm chứng trong Sub-task tiếp theo. Definition of Done (DEV): 1) Phạm vi triển khai hoàn thành; build/static checks liên quan không lỗi. 2) Test phù hợp và kiểm tra thủ công có bằng chứng; validation, authorization/ownership được kiểm tra nếu áp dụng. 3) Không hardcode secret; Swagger cập nhật nếu đổi API; migration cập nhật nếu đổi DB; README/docs cập nhật nếu cần. 4) Self-review diff/checklist đã làm; acceptance criteria đạt; không còn lỗi Highest/High liên quan chưa xử lý.","","","42","High","","","CTP Sprint 3 - Schedules & Availability","MVP","flutter","frontend","booking","","FLUTTER_HOUSEHOLD","1) Hộ xem/thêm/sửa/ngừng kinh doanh phòng, capacity và giá; upload ảnh qua backend. 2) Hiển thị trạng thái duyệt và lý do không có quyền mở bán. 3) Không có trường số lượng phòng; mỗi form tạo một phòng vật lý. 4) Thử thao tác thật với API, loading/error/validation và tài nguyên hộ khác. 5) Phần triển khai của ""Tạo Flutter room list/form và trạng thái kinh doanh"" sẵn sàng để kiểm chứng trong Sub-task tiếp theo.","CTP-34; CTP-29; CTP-28; CTP-27","1) Phạm vi triển khai hoàn thành; build/static checks liên quan không lỗi. 2) Test phù hợp và kiểm tra thủ công có bằng chứng; validation, authorization/ownership được kiểm tra nếu áp dụng. 3) Không hardcode secret; Swagger cập nhật nếu đổi API; migration cập nhật nếu đổi DB; README/docs cập nhật nếu cần. 4) Self-review diff/checklist đã làm; acceptance criteria đạt; không còn lỗi Highest/High liên quan chưa xử lý.","","BACKLOG","MVP-1.0","138","","","","","","","","","","","","","","","","","","",""
"Community Tourism Platform","CTP","138","CTP-138","Sub-task","Tích hợp ảnh, validation và kiểm thử API","Planned Issue Key: CTP-138. Đóng góp cho CTP-42 — Flutter hộ: danh sách, form phòng và ảnh. Kiểm chứng/tích hợp hoặc hoàn thiện phần còn lại nêu trong summary; ghi kết quả và cập nhật tài liệu liên quan. Không ước lượng Story Points riêng; công sức đã nằm trong Story cha. Scope: MVP. Planned sprint: CTP Sprint 3 - Schedules & Availability. Dependencies (planned keys): CTP-137. Acceptance Criteria: 1) Xác minh và lưu bằng chứng: Hộ xem/thêm/sửa/ngừng kinh doanh phòng, capacity và giá; upload ảnh qua backend. 2) Xác minh và lưu bằng chứng: Hiển thị trạng thái duyệt và lý do không có quyền mở bán. 3) Xác minh và lưu bằng chứng: Không có trường số lượng phòng; mỗi form tạo một phòng vật lý. 4) Xác minh và lưu bằng chứng: Thử thao tác thật với API, loading/error/validation và tài nguyên hộ khác. Definition of Done (QA): 1) Kịch bản, fixture và bằng chứng kiểm thử hoàn thành; môi trường/phiên bản và lệnh tái hiện được ghi rõ. 2) Các case trong phạm vi pass; lỗi phát hiện có issue/liên kết và retest; build liên quan không lỗi. 3) Các tiêu chí validation, authorization, secret, Swagger, migration và docs được kiểm tra theo phạm vi; N/A phải có lý do. 4) Kiểm tra thủ công hoàn thành; không dùng mock/in-memory để kết luận concurrency MySQL đạt.","","","42","High","","","CTP Sprint 3 - Schedules & Availability","MVP","flutter","frontend","booking","","FLUTTER_HOUSEHOLD","1) Xác minh và lưu bằng chứng: Hộ xem/thêm/sửa/ngừng kinh doanh phòng, capacity và giá; upload ảnh qua backend. 2) Xác minh và lưu bằng chứng: Hiển thị trạng thái duyệt và lý do không có quyền mở bán. 3) Xác minh và lưu bằng chứng: Không có trường số lượng phòng; mỗi form tạo một phòng vật lý. 4) Xác minh và lưu bằng chứng: Thử thao tác thật với API, loading/error/validation và tài nguyên hộ khác.","CTP-137","1) Kịch bản, fixture và bằng chứng kiểm thử hoàn thành; môi trường/phiên bản và lệnh tái hiện được ghi rõ. 2) Các case trong phạm vi pass; lỗi phát hiện có issue/liên kết và retest; build liên quan không lỗi. 3) Các tiêu chí validation, authorization, secret, Swagger, migration và docs được kiểm tra theo phạm vi; N/A phải có lý do. 4) Kiểm tra thủ công hoàn thành; không dùng mock/in-memory để kết luận concurrency MySQL đạt.","","BACKLOG","MVP-1.0","","","","","","","","","","","","","","","","","","","",""
"Community Tourism Platform","CTP","139","CTP-139","Sub-task","Cập nhật ERD và bảng mô tả dữ liệu","Planned Issue Key: CTP-139. Đóng góp cho CTP-43 — Hoàn thiện ERD và mô tả database. Thực hiện phần công việc cụ thể trong summary; không mở rộng ngoài acceptance criteria của Story. Không ước lượng Story Points riêng; công sức đã nằm trong Story cha. Scope: MVP. Planned sprint: CTP Sprint 3 - Schedules & Availability. Dependencies (planned keys): CTP-22, CTP-36, CTP-41. Acceptance Criteria: 1) ERD, data dictionary và index mô tả đúng schema hiện tại. 2) Giải thích DATE/UTC, hai loại booking items, unique slot và dữ liệu tiền. 3) Các rule liên bảng nằm ở service/transaction được phân biệt với ràng buộc database. 4) Tài liệu dùng được cho chương phân tích/thiết kế báo cáo. 5) Phần triển khai của ""Cập nhật ERD và bảng mô tả dữ liệu"" sẵn sàng để kiểm chứng trong Sub-task tiếp theo. Definition of Done (DOC): 1) Nội dung đúng đặc tả và bản triển khai tương ứng; sơ đồ/bảng/link đọc được và không mâu thuẫn. 2) Hướng dẫn/command/ví dụ được kiểm tra thủ công khi có thể; nguồn và giới hạn được ghi rõ. 3) Không có secret; các thay đổi API/DB trong tài liệu khớp Swagger/migration; không yêu cầu viết code ứng dụng cho task tài liệu. 4) Self-review hoàn tất; tiêu chí build/test/validation/authorization không áp dụng được ghi N/A kèm lý do, không ghi pass giả.","","","43","Medium","","","CTP Sprint 3 - Schedules & Availability","MVP","documentation","","","","DOCUMENTATION","1) ERD, data dictionary và index mô tả đúng schema hiện tại. 2) Giải thích DATE/UTC, hai loại booking items, unique slot và dữ liệu tiền. 3) Các rule liên bảng nằm ở service/transaction được phân biệt với ràng buộc database. 4) Tài liệu dùng được cho chương phân tích/thiết kế báo cáo. 5) Phần triển khai của ""Cập nhật ERD và bảng mô tả dữ liệu"" sẵn sàng để kiểm chứng trong Sub-task tiếp theo.","CTP-22; CTP-36; CTP-41","1) Nội dung đúng đặc tả và bản triển khai tương ứng; sơ đồ/bảng/link đọc được và không mâu thuẫn. 2) Hướng dẫn/command/ví dụ được kiểm tra thủ công khi có thể; nguồn và giới hạn được ghi rõ. 3) Không có secret; các thay đổi API/DB trong tài liệu khớp Swagger/migration; không yêu cầu viết code ứng dụng cho task tài liệu. 4) Self-review hoàn tất; tiêu chí build/test/validation/authorization không áp dụng được ghi N/A kèm lý do, không ghi pass giả.","","BACKLOG","MVP-1.0","140","","","","","","","","","","","","","","","","","","",""
"Community Tourism Platform","CTP","140","CTP-140","Sub-task","Đối chiếu constraint và quy tắc nghiệp vụ","Planned Issue Key: CTP-140. Đóng góp cho CTP-43 — Hoàn thiện ERD và mô tả database. Kiểm chứng/tích hợp hoặc hoàn thiện phần còn lại nêu trong summary; ghi kết quả và cập nhật tài liệu liên quan. Không ước lượng Story Points riêng; công sức đã nằm trong Story cha. Scope: MVP. Planned sprint: CTP Sprint 3 - Schedules & Availability. Dependencies (planned keys): CTP-139. Acceptance Criteria: 1) Xác minh và lưu bằng chứng: ERD, data dictionary và index mô tả đúng schema hiện tại. 2) Xác minh và lưu bằng chứng: Giải thích DATE/UTC, hai loại booking items, unique slot và dữ liệu tiền. 3) Xác minh và lưu bằng chứng: Các rule liên bảng nằm ở service/transaction được phân biệt với ràng buộc database. 4) Xác minh và lưu bằng chứng: Tài liệu dùng được cho chương phân tích/thiết kế báo cáo. Definition of Done (DOC): 1) Nội dung đúng đặc tả và bản triển khai tương ứng; sơ đồ/bảng/link đọc được và không mâu thuẫn. 2) Hướng dẫn/command/ví dụ được kiểm tra thủ công khi có thể; nguồn và giới hạn được ghi rõ. 3) Không có secret; các thay đổi API/DB trong tài liệu khớp Swagger/migration; không yêu cầu viết code ứng dụng cho task tài liệu. 4) Self-review hoàn tất; tiêu chí build/test/validation/authorization không áp dụng được ghi N/A kèm lý do, không ghi pass giả.","","","43","Medium","","","CTP Sprint 3 - Schedules & Availability","MVP","documentation","","","","DOCUMENTATION","1) Xác minh và lưu bằng chứng: ERD, data dictionary và index mô tả đúng schema hiện tại. 2) Xác minh và lưu bằng chứng: Giải thích DATE/UTC, hai loại booking items, unique slot và dữ liệu tiền. 3) Xác minh và lưu bằng chứng: Các rule liên bảng nằm ở service/transaction được phân biệt với ràng buộc database. 4) Xác minh và lưu bằng chứng: Tài liệu dùng được cho chương phân tích/thiết kế báo cáo.","CTP-139","1) Nội dung đúng đặc tả và bản triển khai tương ứng; sơ đồ/bảng/link đọc được và không mâu thuẫn. 2) Hướng dẫn/command/ví dụ được kiểm tra thủ công khi có thể; nguồn và giới hạn được ghi rõ. 3) Không có secret; các thay đổi API/DB trong tài liệu khớp Swagger/migration; không yêu cầu viết code ứng dụng cho task tài liệu. 4) Self-review hoàn tất; tiêu chí build/test/validation/authorization không áp dụng được ghi N/A kèm lý do, không ghi pass giả.","","BACKLOG","MVP-1.0","","","","","","","","","","","","","","","","","","","",""
"Community Tourism Platform","CTP","141","CTP-141","Sub-task","Tạo booking code và tính giá/snapshot","Planned Issue Key: CTP-141. Đóng góp cho CTP-44 — Mã booking, price snapshot và tính tổng. Thực hiện phần công việc cụ thể trong summary; không mở rộng ngoài acceptance criteria của Story. Không ước lượng Story Points riêng; công sức đã nằm trong Story cha. Scope: MVP. Planned sprint: CTP Sprint 4 - Booking Core. Dependencies (planned keys): CTP-22, CTP-36, CTP-29, CTP-30. Acceptance Criteria: 1) Backend sinh CT-YYYYMMDD-XXXXXX theo ngày tạo tại Việt Nam; unique index; collision retry tối đa năm lần. 2) Snapshot tên, giá, đơn vị, lịch sử dụng; frontend không quyết định total hoặc booking_code. 3) Tổng tiền phòng và dịch vụ tính riêng rồi cộng; không bị nhân dòng JOIN. 4) Test giá đổi sau khi đặt, số đêm, tiền DECIMAL và mô phỏng va chạm mã. 5) Phần triển khai của ""Tạo booking code và tính giá/snapshot"" sẵn sàng để kiểm chứng trong Sub-task tiếp theo. Definition of Done (DEV): 1) Phạm vi triển khai hoàn thành; build/static checks liên quan không lỗi. 2) Test phù hợp và kiểm tra thủ công có bằng chứng; validation, authorization/ownership được kiểm tra nếu áp dụng. 3) Không hardcode secret; Swagger cập nhật nếu đổi API; migration cập nhật nếu đổi DB; README/docs cập nhật nếu cần. 4) Self-review diff/checklist đã làm; acceptance criteria đạt; không còn lỗi Highest/High liên quan chưa xử lý.","","","44","Highest","","","CTP Sprint 4 - Booking Core","MVP","booking","backend","availability","","BACKEND","1) Backend sinh CT-YYYYMMDD-XXXXXX theo ngày tạo tại Việt Nam; unique index; collision retry tối đa năm lần. 2) Snapshot tên, giá, đơn vị, lịch sử dụng; frontend không quyết định total hoặc booking_code. 3) Tổng tiền phòng và dịch vụ tính riêng rồi cộng; không bị nhân dòng JOIN. 4) Test giá đổi sau khi đặt, số đêm, tiền DECIMAL và mô phỏng va chạm mã. 5) Phần triển khai của ""Tạo booking code và tính giá/snapshot"" sẵn sàng để kiểm chứng trong Sub-task tiếp theo.","CTP-22; CTP-36; CTP-29; CTP-30","1) Phạm vi triển khai hoàn thành; build/static checks liên quan không lỗi. 2) Test phù hợp và kiểm tra thủ công có bằng chứng; validation, authorization/ownership được kiểm tra nếu áp dụng. 3) Không hardcode secret; Swagger cập nhật nếu đổi API; migration cập nhật nếu đổi DB; README/docs cập nhật nếu cần. 4) Self-review diff/checklist đã làm; acceptance criteria đạt; không còn lỗi Highest/High liên quan chưa xử lý.","","BACKLOG","MVP-1.0","142","","","","","","","","","","","","","","","","","","",""
"Community Tourism Platform","CTP","142","CTP-142","Sub-task","Kiểm thử collision, số đêm và tổng tiền","Planned Issue Key: CTP-142. Đóng góp cho CTP-44 — Mã booking, price snapshot và tính tổng. Kiểm chứng/tích hợp hoặc hoàn thiện phần còn lại nêu trong summary; ghi kết quả và cập nhật tài liệu liên quan. Không ước lượng Story Points riêng; công sức đã nằm trong Story cha. Scope: MVP. Planned sprint: CTP Sprint 4 - Booking Core. Dependencies (planned keys): CTP-141. Acceptance Criteria: 1) Xác minh và lưu bằng chứng: Backend sinh CT-YYYYMMDD-XXXXXX theo ngày tạo tại Việt Nam; unique index; collision retry tối đa năm lần. 2) Xác minh và lưu bằng chứng: Snapshot tên, giá, đơn vị, lịch sử dụng; frontend không quyết định total hoặc booking_code. 3) Xác minh và lưu bằng chứng: Tổng tiền phòng và dịch vụ tính riêng rồi cộng; không bị nhân dòng JOIN. 4) Xác minh và lưu bằng chứng: Test giá đổi sau khi đặt, số đêm, tiền DECIMAL và mô phỏng va chạm mã. Definition of Done (QA): 1) Kịch bản, fixture và bằng chứng kiểm thử hoàn thành; môi trường/phiên bản và lệnh tái hiện được ghi rõ. 2) Các case trong phạm vi pass; lỗi phát hiện có issue/liên kết và retest; build liên quan không lỗi. 3) Các tiêu chí validation, authorization, secret, Swagger, migration và docs được kiểm tra theo phạm vi; N/A phải có lý do. 4) Kiểm tra thủ công hoàn thành; không dùng mock/in-memory để kết luận concurrency MySQL đạt.","","","44","Highest","","","CTP Sprint 4 - Booking Core","MVP","booking","backend","availability","","BACKEND","1) Xác minh và lưu bằng chứng: Backend sinh CT-YYYYMMDD-XXXXXX theo ngày tạo tại Việt Nam; unique index; collision retry tối đa năm lần. 2) Xác minh và lưu bằng chứng: Snapshot tên, giá, đơn vị, lịch sử dụng; frontend không quyết định total hoặc booking_code. 3) Xác minh và lưu bằng chứng: Tổng tiền phòng và dịch vụ tính riêng rồi cộng; không bị nhân dòng JOIN. 4) Xác minh và lưu bằng chứng: Test giá đổi sau khi đặt, số đêm, tiền DECIMAL và mô phỏng va chạm mã.","CTP-141","1) Kịch bản, fixture và bằng chứng kiểm thử hoàn thành; môi trường/phiên bản và lệnh tái hiện được ghi rõ. 2) Các case trong phạm vi pass; lỗi phát hiện có issue/liên kết và retest; build liên quan không lỗi. 3) Các tiêu chí validation, authorization, secret, Swagger, migration và docs được kiểm tra theo phạm vi; N/A phải có lý do. 4) Kiểm tra thủ công hoàn thành; không dùng mock/in-memory để kết luận concurrency MySQL đạt.","","BACKLOG","MVP-1.0","","","","","","","","","","","","","","","","","","","",""
"Community Tourism Platform","CTP","143","CTP-143","Sub-task","Tạo BookingService và endpoint đặt riêng/kết hợp","Planned Issue Key: CTP-143. Đóng góp cho CTP-45 — Tạo booking nhiều phòng và nhiều dịch vụ nguyên tử. Thực hiện phần công việc cụ thể trong summary; không mở rộng ngoài acceptance criteria của Story. Không ước lượng Story Points riêng; công sức đã nằm trong Story cha. Scope: MVP. Planned sprint: CTP Sprint 4 - Booking Core. Dependencies (planned keys): CTP-44, CTP-40, CTP-41, CTP-26, CTP-27. Acceptance Criteria: 1) 0..n rooms, 0..n services nhưng ít nhất một mục; cùng hộ, không trùng phòng/slot và phòng cùng ngày. 2) Tổng khách phòng bằng guestCount; quantity mỗi dịch vụ độc lập, ví dụ 8 khách/4 suất làm bánh hợp lệ. 3) Validate cả start/end local date của dịch vụ trong kỳ lưu trú; service-only bỏ ngày phòng. 4) expiresAt=min(createdAt+24h,earliestItemStart-2h); còn ít nhất 30 phút; dùng thời gian DB sau khóa. 5) Một mục không khả dụng làm rollback toàn bộ; tạo mới yêu cầu hộ APPROVED/user ACTIVE và slot OPEN. 6) Phần triển khai của ""Tạo BookingService và endpoint đặt riêng/kết hợp"" sẵn sàng để kiểm chứng trong Sub-task tiếp theo. Definition of Done (DEV): 1) Phạm vi triển khai hoàn thành; build/static checks liên quan không lỗi. 2) Test phù hợp và kiểm tra thủ công có bằng chứng; validation, authorization/ownership được kiểm tra nếu áp dụng. 3) Không hardcode secret; Swagger cập nhật nếu đổi API; migration cập nhật nếu đổi DB; README/docs cập nhật nếu cần. 4) Self-review diff/checklist đã làm; acceptance criteria đạt; không còn lỗi Highest/High liên quan chưa xử lý.","","","45","Highest","","","CTP Sprint 4 - Booking Core","MVP","booking","backend","availability","","BACKEND","1) 0..n rooms, 0..n services nhưng ít nhất một mục; cùng hộ, không trùng phòng/slot và phòng cùng ngày. 2) Tổng khách phòng bằng guestCount; quantity mỗi dịch vụ độc lập, ví dụ 8 khách/4 suất làm bánh hợp lệ. 3) Validate cả start/end local date của dịch vụ trong kỳ lưu trú; service-only bỏ ngày phòng. 4) expiresAt=min(createdAt+24h,earliestItemStart-2h); còn ít nhất 30 phút; dùng thời gian DB sau khóa. 5) Một mục không khả dụng làm rollback toàn bộ; tạo mới yêu cầu hộ APPROVED/user ACTIVE và slot OPEN. 6) Phần triển khai của ""Tạo BookingService và endpoint đặt riêng/kết hợp"" sẵn sàng để kiểm chứng trong Sub-task tiếp theo.","CTP-44; CTP-40; CTP-41; CTP-26; CTP-27","1) Phạm vi triển khai hoàn thành; build/static checks liên quan không lỗi. 2) Test phù hợp và kiểm tra thủ công có bằng chứng; validation, authorization/ownership được kiểm tra nếu áp dụng. 3) Không hardcode secret; Swagger cập nhật nếu đổi API; migration cập nhật nếu đổi DB; README/docs cập nhật nếu cần. 4) Self-review diff/checklist đã làm; acceptance criteria đạt; không còn lỗi Highest/High liên quan chưa xử lý.","","BACKLOG","MVP-1.0","144","","","","","","","","","","","","","","","","","","",""
"Community Tourism Platform","CTP","144","CTP-144","Sub-task","Kiểm thử validation nhiều mục, thời gian và rollback","Planned Issue Key: CTP-144. Đóng góp cho CTP-45 — Tạo booking nhiều phòng và nhiều dịch vụ nguyên tử. Kiểm chứng/tích hợp hoặc hoàn thiện phần còn lại nêu trong summary; ghi kết quả và cập nhật tài liệu liên quan. Không ước lượng Story Points riêng; công sức đã nằm trong Story cha. Scope: MVP. Planned sprint: CTP Sprint 4 - Booking Core. Dependencies (planned keys): CTP-143. Acceptance Criteria: 1) Xác minh và lưu bằng chứng: 0..n rooms, 0..n services nhưng ít nhất một mục; cùng hộ, không trùng phòng/slot và phòng cùng ngày. 2) Xác minh và lưu bằng chứng: Tổng khách phòng bằng guestCount; quantity mỗi dịch vụ độc lập, ví dụ 8 khách/4 suất làm bánh hợp lệ. 3) Xác minh và lưu bằng chứng: Validate cả start/end local date của dịch vụ trong kỳ lưu trú; service-only bỏ ngày phòng. 4) Xác minh và lưu bằng chứng: expiresAt=min(createdAt+24h,earliestItemStart-2h); còn ít nhất 30 phút; dùng thời gian DB sau khóa. 5) Xác minh và lưu bằng chứng: Một mục không khả dụng làm rollback toàn bộ; tạo mới yêu cầu hộ APPROVED/user ACTIVE và slot OPEN. Definition of Done (QA): 1) Kịch bản, fixture và bằng chứng kiểm thử hoàn thành; môi trường/phiên bản và lệnh tái hiện được ghi rõ. 2) Các case trong phạm vi pass; lỗi phát hiện có issue/liên kết và retest; build liên quan không lỗi. 3) Các tiêu chí validation, authorization, secret, Swagger, migration và docs được kiểm tra theo phạm vi; N/A phải có lý do. 4) Kiểm tra thủ công hoàn thành; không dùng mock/in-memory để kết luận concurrency MySQL đạt.","","","45","Highest","","","CTP Sprint 4 - Booking Core","MVP","booking","backend","availability","","BACKEND","1) Xác minh và lưu bằng chứng: 0..n rooms, 0..n services nhưng ít nhất một mục; cùng hộ, không trùng phòng/slot và phòng cùng ngày. 2) Xác minh và lưu bằng chứng: Tổng khách phòng bằng guestCount; quantity mỗi dịch vụ độc lập, ví dụ 8 khách/4 suất làm bánh hợp lệ. 3) Xác minh và lưu bằng chứng: Validate cả start/end local date của dịch vụ trong kỳ lưu trú; service-only bỏ ngày phòng. 4) Xác minh và lưu bằng chứng: expiresAt=min(createdAt+24h,earliestItemStart-2h); còn ít nhất 30 phút; dùng thời gian DB sau khóa. 5) Xác minh và lưu bằng chứng: Một mục không khả dụng làm rollback toàn bộ; tạo mới yêu cầu hộ APPROVED/user ACTIVE và slot OPEN.","CTP-143","1) Kịch bản, fixture và bằng chứng kiểm thử hoàn thành; môi trường/phiên bản và lệnh tái hiện được ghi rõ. 2) Các case trong phạm vi pass; lỗi phát hiện có issue/liên kết và retest; build liên quan không lỗi. 3) Các tiêu chí validation, authorization, secret, Swagger, migration và docs được kiểm tra theo phạm vi; N/A phải có lý do. 4) Kiểm tra thủ công hoàn thành; không dùng mock/in-memory để kết luận concurrency MySQL đạt.","","BACKLOG","MVP-1.0","","","","","","","","","","","","","","","","","","","",""
"Community Tourism Platform","CTP","145","CTP-145","Sub-task","Tạo command confirm/reject/cancel/complete có khóa","Planned Issue Key: CTP-145. Đóng góp cho CTP-46 — Chuyển trạng thái đúng actor và hoàn thành đúng một lần. Thực hiện phần công việc cụ thể trong summary; không mở rộng ngoài acceptance criteria của Story. Không ước lượng Story Points riêng; công sức đã nằm trong Story cha. Scope: MVP. Planned sprint: CTP Sprint 4 - Booking Core. Dependencies (planned keys): CTP-45, CTP-27. Acceptance Criteria: 1) Chỉ các transition đã chốt được phép; Admin không trực tiếp đổi booking status. 2) Khách chỉ hủy toàn đơn trước hạng mục đầu tiên; hộ chỉ complete sau hạng mục cuối cùng. 3) completed_at chỉ set khi CONFIRMED và còn NULL; lặp/race không sửa thời điểm hay nhân lịch sử. 4) Hộ mất duyệt không confirm PENDING nhưng được reject còn hạn, complete đơn cũ khi user ACTIVE; BLOCKED không được ngoại lệ. 5) Slot CLOSED không ngăn confirm đơn PENDING cũ còn hạn nếu hộ APPROVED; kiểm tra không trừ suất hai lần. 6) Phần triển khai của ""Tạo command confirm/reject/cancel/complete có khóa"" sẵn sàng để kiểm chứng trong Sub-task tiếp theo. Definition of Done (DEV): 1) Phạm vi triển khai hoàn thành; build/static checks liên quan không lỗi. 2) Test phù hợp và kiểm tra thủ công có bằng chứng; validation, authorization/ownership được kiểm tra nếu áp dụng. 3) Không hardcode secret; Swagger cập nhật nếu đổi API; migration cập nhật nếu đổi DB; README/docs cập nhật nếu cần. 4) Self-review diff/checklist đã làm; acceptance criteria đạt; không còn lỗi Highest/High liên quan chưa xử lý.","","","46","Highest","","","CTP Sprint 4 - Booking Core","MVP","booking","backend","availability","","BACKEND","1) Chỉ các transition đã chốt được phép; Admin không trực tiếp đổi booking status. 2) Khách chỉ hủy toàn đơn trước hạng mục đầu tiên; hộ chỉ complete sau hạng mục cuối cùng. 3) completed_at chỉ set khi CONFIRMED và còn NULL; lặp/race không sửa thời điểm hay nhân lịch sử. 4) Hộ mất duyệt không confirm PENDING nhưng được reject còn hạn, complete đơn cũ khi user ACTIVE; BLOCKED không được ngoại lệ. 5) Slot CLOSED không ngăn confirm đơn PENDING cũ còn hạn nếu hộ APPROVED; kiểm tra không trừ suất hai lần. 6) Phần triển khai của ""Tạo command confirm/reject/cancel/complete có khóa"" sẵn sàng để kiểm chứng trong Sub-task tiếp theo.","CTP-45; CTP-27","1) Phạm vi triển khai hoàn thành; build/static checks liên quan không lỗi. 2) Test phù hợp và kiểm tra thủ công có bằng chứng; validation, authorization/ownership được kiểm tra nếu áp dụng. 3) Không hardcode secret; Swagger cập nhật nếu đổi API; migration cập nhật nếu đổi DB; README/docs cập nhật nếu cần. 4) Self-review diff/checklist đã làm; acceptance criteria đạt; không còn lỗi Highest/High liên quan chưa xử lý.","","BACKLOG","MVP-1.0","146","","","","","","","","","","","","","","","","","","",""
"Community Tourism Platform","CTP","146","CTP-146","Sub-task","Kiểm thử bảng chuyển trạng thái và policy đơn cũ","Planned Issue Key: CTP-146. Đóng góp cho CTP-46 — Chuyển trạng thái đúng actor và hoàn thành đúng một lần. Kiểm chứng/tích hợp hoặc hoàn thiện phần còn lại nêu trong summary; ghi kết quả và cập nhật tài liệu liên quan. Không ước lượng Story Points riêng; công sức đã nằm trong Story cha. Scope: MVP. Planned sprint: CTP Sprint 4 - Booking Core. Dependencies (planned keys): CTP-145. Acceptance Criteria: 1) Xác minh và lưu bằng chứng: Chỉ các transition đã chốt được phép; Admin không trực tiếp đổi booking status. 2) Xác minh và lưu bằng chứng: Khách chỉ hủy toàn đơn trước hạng mục đầu tiên; hộ chỉ complete sau hạng mục cuối cùng. 3) Xác minh và lưu bằng chứng: completed_at chỉ set khi CONFIRMED và còn NULL; lặp/race không sửa thời điểm hay nhân lịch sử. 4) Xác minh và lưu bằng chứng: Hộ mất duyệt không confirm PENDING nhưng được reject còn hạn, complete đơn cũ khi user ACTIVE; BLOCKED không được ngoại lệ. 5) Xác minh và lưu bằng chứng: Slot CLOSED không ngăn confirm đơn PENDING cũ còn hạn nếu hộ APPROVED; kiểm tra không trừ suất hai lần. Definition of Done (QA): 1) Kịch bản, fixture và bằng chứng kiểm thử hoàn thành; môi trường/phiên bản và lệnh tái hiện được ghi rõ. 2) Các case trong phạm vi pass; lỗi phát hiện có issue/liên kết và retest; build liên quan không lỗi. 3) Các tiêu chí validation, authorization, secret, Swagger, migration và docs được kiểm tra theo phạm vi; N/A phải có lý do. 4) Kiểm tra thủ công hoàn thành; không dùng mock/in-memory để kết luận concurrency MySQL đạt.","","","46","Highest","","","CTP Sprint 4 - Booking Core","MVP","booking","backend","availability","","BACKEND","1) Xác minh và lưu bằng chứng: Chỉ các transition đã chốt được phép; Admin không trực tiếp đổi booking status. 2) Xác minh và lưu bằng chứng: Khách chỉ hủy toàn đơn trước hạng mục đầu tiên; hộ chỉ complete sau hạng mục cuối cùng. 3) Xác minh và lưu bằng chứng: completed_at chỉ set khi CONFIRMED và còn NULL; lặp/race không sửa thời điểm hay nhân lịch sử. 4) Xác minh và lưu bằng chứng: Hộ mất duyệt không confirm PENDING nhưng được reject còn hạn, complete đơn cũ khi user ACTIVE; BLOCKED không được ngoại lệ. 5) Xác minh và lưu bằng chứng: Slot CLOSED không ngăn confirm đơn PENDING cũ còn hạn nếu hộ APPROVED; kiểm tra không trừ suất hai lần.","CTP-145","1) Kịch bản, fixture và bằng chứng kiểm thử hoàn thành; môi trường/phiên bản và lệnh tái hiện được ghi rõ. 2) Các case trong phạm vi pass; lỗi phát hiện có issue/liên kết và retest; build liên quan không lỗi. 3) Các tiêu chí validation, authorization, secret, Swagger, migration và docs được kiểm tra theo phạm vi; N/A phải có lý do. 4) Kiểm tra thủ công hoàn thành; không dùng mock/in-memory để kết luận concurrency MySQL đạt.","","BACKLOG","MVP-1.0","","","","","","","","","","","","","","","","","","","",""
"Community Tourism Platform","CTP","147","CTP-147","Sub-task","Tạo xử lý expiry hiệu lực và tác vụ cập nhật","Planned Issue Key: CTP-147. Đóng góp cho CTP-47 — Hết hạn booking không phụ thuộc cron. Thực hiện phần công việc cụ thể trong summary; không mở rộng ngoài acceptance criteria của Story. Không ước lượng Story Points riêng; công sức đã nằm trong Story cha. Scope: MVP. Planned sprint: CTP Sprint 4 - Booking Core. Dependencies (planned keys): CTP-45, CTP-46. Acceptance Criteria: 1) Đơn PENDING với expires_at <= UTC_TIMESTAMP(3) không chiếm chỗ và API hiển thị EXPIRED hiệu lực. 2) Tác vụ SYSTEM cập nhật trạng thái/lịch sử an toàn, chạy lặp không sinh bản ghi trùng. 3) Không cho confirm đơn đã hết hạn dù cron chưa chạy. 4) Test đúng mốc expiry, 30 phút, buffer 2 giờ và race confirm/expire. 5) Phần triển khai của ""Tạo xử lý expiry hiệu lực và tác vụ cập nhật"" sẵn sàng để kiểm chứng trong Sub-task tiếp theo. Definition of Done (DEV): 1) Phạm vi triển khai hoàn thành; build/static checks liên quan không lỗi. 2) Test phù hợp và kiểm tra thủ công có bằng chứng; validation, authorization/ownership được kiểm tra nếu áp dụng. 3) Không hardcode secret; Swagger cập nhật nếu đổi API; migration cập nhật nếu đổi DB; README/docs cập nhật nếu cần. 4) Self-review diff/checklist đã làm; acceptance criteria đạt; không còn lỗi Highest/High liên quan chưa xử lý.","","","47","Highest","","","CTP Sprint 4 - Booking Core","MVP","booking","backend","availability","","BACKEND","1) Đơn PENDING với expires_at <= UTC_TIMESTAMP(3) không chiếm chỗ và API hiển thị EXPIRED hiệu lực. 2) Tác vụ SYSTEM cập nhật trạng thái/lịch sử an toàn, chạy lặp không sinh bản ghi trùng. 3) Không cho confirm đơn đã hết hạn dù cron chưa chạy. 4) Test đúng mốc expiry, 30 phút, buffer 2 giờ và race confirm/expire. 5) Phần triển khai của ""Tạo xử lý expiry hiệu lực và tác vụ cập nhật"" sẵn sàng để kiểm chứng trong Sub-task tiếp theo.","CTP-45; CTP-46","1) Phạm vi triển khai hoàn thành; build/static checks liên quan không lỗi. 2) Test phù hợp và kiểm tra thủ công có bằng chứng; validation, authorization/ownership được kiểm tra nếu áp dụng. 3) Không hardcode secret; Swagger cập nhật nếu đổi API; migration cập nhật nếu đổi DB; README/docs cập nhật nếu cần. 4) Self-review diff/checklist đã làm; acceptance criteria đạt; không còn lỗi Highest/High liên quan chưa xử lý.","","BACKLOG","MVP-1.0","148","","","","","","","","","","","","","","","","","","",""
"Community Tourism Platform","CTP","148","CTP-148","Sub-task","Kiểm thử ranh giới và confirm/expire đồng thời","Planned Issue Key: CTP-148. Đóng góp cho CTP-47 — Hết hạn booking không phụ thuộc cron. Kiểm chứng/tích hợp hoặc hoàn thiện phần còn lại nêu trong summary; ghi kết quả và cập nhật tài liệu liên quan. Không ước lượng Story Points riêng; công sức đã nằm trong Story cha. Scope: MVP. Planned sprint: CTP Sprint 4 - Booking Core. Dependencies (planned keys): CTP-147. Acceptance Criteria: 1) Xác minh và lưu bằng chứng: Đơn PENDING với expires_at <= UTC_TIMESTAMP(3) không chiếm chỗ và API hiển thị EXPIRED hiệu lực. 2) Xác minh và lưu bằng chứng: Tác vụ SYSTEM cập nhật trạng thái/lịch sử an toàn, chạy lặp không sinh bản ghi trùng. 3) Xác minh và lưu bằng chứng: Không cho confirm đơn đã hết hạn dù cron chưa chạy. 4) Xác minh và lưu bằng chứng: Test đúng mốc expiry, 30 phút, buffer 2 giờ và race confirm/expire. Definition of Done (QA): 1) Kịch bản, fixture và bằng chứng kiểm thử hoàn thành; môi trường/phiên bản và lệnh tái hiện được ghi rõ. 2) Các case trong phạm vi pass; lỗi phát hiện có issue/liên kết và retest; build liên quan không lỗi. 3) Các tiêu chí validation, authorization, secret, Swagger, migration và docs được kiểm tra theo phạm vi; N/A phải có lý do. 4) Kiểm tra thủ công hoàn thành; không dùng mock/in-memory để kết luận concurrency MySQL đạt.","","","47","Highest","","","CTP Sprint 4 - Booking Core","MVP","booking","backend","availability","","BACKEND","1) Xác minh và lưu bằng chứng: Đơn PENDING với expires_at <= UTC_TIMESTAMP(3) không chiếm chỗ và API hiển thị EXPIRED hiệu lực. 2) Xác minh và lưu bằng chứng: Tác vụ SYSTEM cập nhật trạng thái/lịch sử an toàn, chạy lặp không sinh bản ghi trùng. 3) Xác minh và lưu bằng chứng: Không cho confirm đơn đã hết hạn dù cron chưa chạy. 4) Xác minh và lưu bằng chứng: Test đúng mốc expiry, 30 phút, buffer 2 giờ và race confirm/expire.","CTP-147","1) Kịch bản, fixture và bằng chứng kiểm thử hoàn thành; môi trường/phiên bản và lệnh tái hiện được ghi rõ. 2) Các case trong phạm vi pass; lỗi phát hiện có issue/liên kết và retest; build liên quan không lỗi. 3) Các tiêu chí validation, authorization, secret, Swagger, migration và docs được kiểm tra theo phạm vi; N/A phải có lý do. 4) Kiểm tra thủ công hoàn thành; không dùng mock/in-memory để kết luận concurrency MySQL đạt.","","BACKLOG","MVP-1.0","","","","","","","","","","","","","","","","","","","",""
"Community Tourism Platform","CTP","149","CTP-149","Sub-task","Xây API lịch sử/list/detail booking","Planned Issue Key: CTP-149. Đóng góp cho CTP-48 — Lịch sử và chi tiết booking theo vai trò. Thực hiện phần công việc cụ thể trong summary; không mở rộng ngoài acceptance criteria của Story. Không ước lượng Story Points riêng; công sức đã nằm trong Story cha. Scope: MVP. Planned sprint: CTP Sprint 4 - Booking Core. Dependencies (planned keys): CTP-46, CTP-47. Acceptance Criteria: 1) Khách xem đơn của mình; hộ xem đơn của hộ; Admin xem tổng quan theo quyền. 2) Chi tiết có hai loại item, snapshot, tiền, expiresAt, completedAt và lịch sử trạng thái. 3) List có filter trạng thái/pagination; trạng thái EXPIRED hiệu lực nhất quán. 4) Không có API chỉnh tự do booking_status hoặc sửa items sau tạo. 5) Phần triển khai của ""Xây API lịch sử/list/detail booking"" sẵn sàng để kiểm chứng trong Sub-task tiếp theo. Definition of Done (DEV): 1) Phạm vi triển khai hoàn thành; build/static checks liên quan không lỗi. 2) Test phù hợp và kiểm tra thủ công có bằng chứng; validation, authorization/ownership được kiểm tra nếu áp dụng. 3) Không hardcode secret; Swagger cập nhật nếu đổi API; migration cập nhật nếu đổi DB; README/docs cập nhật nếu cần. 4) Self-review diff/checklist đã làm; acceptance criteria đạt; không còn lỗi Highest/High liên quan chưa xử lý.","","","48","High","","","CTP Sprint 4 - Booking Core","MVP","booking","backend","availability","","BACKEND","1) Khách xem đơn của mình; hộ xem đơn của hộ; Admin xem tổng quan theo quyền. 2) Chi tiết có hai loại item, snapshot, tiền, expiresAt, completedAt và lịch sử trạng thái. 3) List có filter trạng thái/pagination; trạng thái EXPIRED hiệu lực nhất quán. 4) Không có API chỉnh tự do booking_status hoặc sửa items sau tạo. 5) Phần triển khai của ""Xây API lịch sử/list/detail booking"" sẵn sàng để kiểm chứng trong Sub-task tiếp theo.","CTP-46; CTP-47","1) Phạm vi triển khai hoàn thành; build/static checks liên quan không lỗi. 2) Test phù hợp và kiểm tra thủ công có bằng chứng; validation, authorization/ownership được kiểm tra nếu áp dụng. 3) Không hardcode secret; Swagger cập nhật nếu đổi API; migration cập nhật nếu đổi DB; README/docs cập nhật nếu cần. 4) Self-review diff/checklist đã làm; acceptance criteria đạt; không còn lỗi Highest/High liên quan chưa xử lý.","","BACKLOG","MVP-1.0","150","","","","","","","","","","","","","","","","","","",""
"Community Tourism Platform","CTP","150","CTP-150","Sub-task","Kiểm thử ownership, filter và trạng thái hiệu lực","Planned Issue Key: CTP-150. Đóng góp cho CTP-48 — Lịch sử và chi tiết booking theo vai trò. Kiểm chứng/tích hợp hoặc hoàn thiện phần còn lại nêu trong summary; ghi kết quả và cập nhật tài liệu liên quan. Không ước lượng Story Points riêng; công sức đã nằm trong Story cha. Scope: MVP. Planned sprint: CTP Sprint 4 - Booking Core. Dependencies (planned keys): CTP-149. Acceptance Criteria: 1) Xác minh và lưu bằng chứng: Khách xem đơn của mình; hộ xem đơn của hộ; Admin xem tổng quan theo quyền. 2) Xác minh và lưu bằng chứng: Chi tiết có hai loại item, snapshot, tiền, expiresAt, completedAt và lịch sử trạng thái. 3) Xác minh và lưu bằng chứng: List có filter trạng thái/pagination; trạng thái EXPIRED hiệu lực nhất quán. 4) Xác minh và lưu bằng chứng: Không có API chỉnh tự do booking_status hoặc sửa items sau tạo. Definition of Done (QA): 1) Kịch bản, fixture và bằng chứng kiểm thử hoàn thành; môi trường/phiên bản và lệnh tái hiện được ghi rõ. 2) Các case trong phạm vi pass; lỗi phát hiện có issue/liên kết và retest; build liên quan không lỗi. 3) Các tiêu chí validation, authorization, secret, Swagger, migration và docs được kiểm tra theo phạm vi; N/A phải có lý do. 4) Kiểm tra thủ công hoàn thành; không dùng mock/in-memory để kết luận concurrency MySQL đạt.","","","48","High","","","CTP Sprint 4 - Booking Core","MVP","booking","backend","availability","","BACKEND","1) Xác minh và lưu bằng chứng: Khách xem đơn của mình; hộ xem đơn của hộ; Admin xem tổng quan theo quyền. 2) Xác minh và lưu bằng chứng: Chi tiết có hai loại item, snapshot, tiền, expiresAt, completedAt và lịch sử trạng thái. 3) Xác minh và lưu bằng chứng: List có filter trạng thái/pagination; trạng thái EXPIRED hiệu lực nhất quán. 4) Xác minh và lưu bằng chứng: Không có API chỉnh tự do booking_status hoặc sửa items sau tạo.","CTP-149","1) Kịch bản, fixture và bằng chứng kiểm thử hoàn thành; môi trường/phiên bản và lệnh tái hiện được ghi rõ. 2) Các case trong phạm vi pass; lỗi phát hiện có issue/liên kết và retest; build liên quan không lỗi. 3) Các tiêu chí validation, authorization, secret, Swagger, migration và docs được kiểm tra theo phạm vi; N/A phải có lý do. 4) Kiểm tra thủ công hoàn thành; không dùng mock/in-memory để kết luận concurrency MySQL đạt.","","BACKLOG","MVP-1.0","","","","","","","","","","","","","","","","","","","",""
"Community Tourism Platform","CTP","151","CTP-151","Sub-task","Tạo bộ scenario nhiều kết nối và dữ liệu tranh chấp","Planned Issue Key: CTP-151. Đóng góp cho CTP-49 — Chứng minh chống đặt trùng trên MySQL thật. Thực hiện phần công việc cụ thể trong summary; không mở rộng ngoài acceptance criteria của Story. Không ước lượng Story Points riêng; công sức đã nằm trong Story cha. Scope: MVP. Planned sprint: CTP Sprint 4 - Booking Core. Dependencies (planned keys): CTP-48, CTP-40, CTP-41. Acceptance Criteria: 1) Hai request tranh cùng phòng chỉ một request đặt thành công; slot không vượt capacity. 2) Tạo block đồng thời với booking không cùng chiếm một phòng; ngày nối tiếp được phép. 3) Đơn nhiều mục thất bại không để lại một phần hold; PENDING hết hạn không chiếm chỗ khi cron dừng. 4) Confirm/reject/expire/complete đồng thời giữ state hợp lệ; completed_at chỉ ghi một lần. 5) Lưu command, fixtures và báo cáo kết quả; không thay MySQL bằng SQLite/in-memory để chứng minh locking. 6) Phần triển khai của ""Tạo bộ scenario nhiều kết nối và dữ liệu tranh chấp"" sẵn sàng để kiểm chứng trong Sub-task tiếp theo. Definition of Done (QA): 1) Kịch bản, fixture và bằng chứng kiểm thử hoàn thành; môi trường/phiên bản và lệnh tái hiện được ghi rõ. 2) Các case trong phạm vi pass; lỗi phát hiện có issue/liên kết và retest; build liên quan không lỗi. 3) Các tiêu chí validation, authorization, secret, Swagger, migration và docs được kiểm tra theo phạm vi; N/A phải có lý do. 4) Kiểm tra thủ công hoàn thành; không dùng mock/in-memory để kết luận concurrency MySQL đạt.","","","49","Highest","","","CTP Sprint 4 - Booking Core","MVP","testing","security","booking","","TESTING","1) Hai request tranh cùng phòng chỉ một request đặt thành công; slot không vượt capacity. 2) Tạo block đồng thời với booking không cùng chiếm một phòng; ngày nối tiếp được phép. 3) Đơn nhiều mục thất bại không để lại một phần hold; PENDING hết hạn không chiếm chỗ khi cron dừng. 4) Confirm/reject/expire/complete đồng thời giữ state hợp lệ; completed_at chỉ ghi một lần. 5) Lưu command, fixtures và báo cáo kết quả; không thay MySQL bằng SQLite/in-memory để chứng minh locking. 6) Phần triển khai của ""Tạo bộ scenario nhiều kết nối và dữ liệu tranh chấp"" sẵn sàng để kiểm chứng trong Sub-task tiếp theo.","CTP-48; CTP-40; CTP-41","1) Kịch bản, fixture và bằng chứng kiểm thử hoàn thành; môi trường/phiên bản và lệnh tái hiện được ghi rõ. 2) Các case trong phạm vi pass; lỗi phát hiện có issue/liên kết và retest; build liên quan không lỗi. 3) Các tiêu chí validation, authorization, secret, Swagger, migration và docs được kiểm tra theo phạm vi; N/A phải có lý do. 4) Kiểm tra thủ công hoàn thành; không dùng mock/in-memory để kết luận concurrency MySQL đạt.","","BACKLOG","MVP-1.0","152","","","","","","","","","","","","","","","","","","",""
"Community Tourism Platform","CTP","152","CTP-152","Sub-task","Chạy concurrency suite và lưu bằng chứng","Planned Issue Key: CTP-152. Đóng góp cho CTP-49 — Chứng minh chống đặt trùng trên MySQL thật. Kiểm chứng/tích hợp hoặc hoàn thiện phần còn lại nêu trong summary; ghi kết quả và cập nhật tài liệu liên quan. Không ước lượng Story Points riêng; công sức đã nằm trong Story cha. Scope: MVP. Planned sprint: CTP Sprint 4 - Booking Core. Dependencies (planned keys): CTP-151. Acceptance Criteria: 1) Xác minh và lưu bằng chứng: Hai request tranh cùng phòng chỉ một request đặt thành công; slot không vượt capacity. 2) Xác minh và lưu bằng chứng: Tạo block đồng thời với booking không cùng chiếm một phòng; ngày nối tiếp được phép. 3) Xác minh và lưu bằng chứng: Đơn nhiều mục thất bại không để lại một phần hold; PENDING hết hạn không chiếm chỗ khi cron dừng. 4) Xác minh và lưu bằng chứng: Confirm/reject/expire/complete đồng thời giữ state hợp lệ; completed_at chỉ ghi một lần. 5) Xác minh và lưu bằng chứng: Lưu command, fixtures và báo cáo kết quả; không thay MySQL bằng SQLite/in-memory để chứng minh locking. Definition of Done (QA): 1) Kịch bản, fixture và bằng chứng kiểm thử hoàn thành; môi trường/phiên bản và lệnh tái hiện được ghi rõ. 2) Các case trong phạm vi pass; lỗi phát hiện có issue/liên kết và retest; build liên quan không lỗi. 3) Các tiêu chí validation, authorization, secret, Swagger, migration và docs được kiểm tra theo phạm vi; N/A phải có lý do. 4) Kiểm tra thủ công hoàn thành; không dùng mock/in-memory để kết luận concurrency MySQL đạt.","","","49","Highest","","","CTP Sprint 4 - Booking Core","MVP","testing","security","booking","","TESTING","1) Xác minh và lưu bằng chứng: Hai request tranh cùng phòng chỉ một request đặt thành công; slot không vượt capacity. 2) Xác minh và lưu bằng chứng: Tạo block đồng thời với booking không cùng chiếm một phòng; ngày nối tiếp được phép. 3) Xác minh và lưu bằng chứng: Đơn nhiều mục thất bại không để lại một phần hold; PENDING hết hạn không chiếm chỗ khi cron dừng. 4) Xác minh và lưu bằng chứng: Confirm/reject/expire/complete đồng thời giữ state hợp lệ; completed_at chỉ ghi một lần. 5) Xác minh và lưu bằng chứng: Lưu command, fixtures và báo cáo kết quả; không thay MySQL bằng SQLite/in-memory để chứng minh locking.","CTP-151","1) Kịch bản, fixture và bằng chứng kiểm thử hoàn thành; môi trường/phiên bản và lệnh tái hiện được ghi rõ. 2) Các case trong phạm vi pass; lỗi phát hiện có issue/liên kết và retest; build liên quan không lỗi. 3) Các tiêu chí validation, authorization, secret, Swagger, migration và docs được kiểm tra theo phạm vi; N/A phải có lý do. 4) Kiểm tra thủ công hoàn thành; không dùng mock/in-memory để kết luận concurrency MySQL đạt.","","BACKLOG","MVP-1.0","","","","","","","","","","","","","","","","","","","",""
"Community Tourism Platform","CTP","153","CTP-153","Sub-task","Hoàn thiện Swagger và sequence/activity booking","Planned Issue Key: CTP-153. Đóng góp cho CTP-50 — Tài liệu API và sơ đồ nghiệp vụ booking. Thực hiện phần công việc cụ thể trong summary; không mở rộng ngoài acceptance criteria của Story. Không ước lượng Story Points riêng; công sức đã nằm trong Story cha. Scope: MVP. Planned sprint: CTP Sprint 4 - Booking Core. Dependencies (planned keys): CTP-49. Acceptance Criteria: 1) Swagger nêu body nhiều phòng/dịch vụ, các lỗi 400/403/409 và phản hồi danh sách/chi tiết. 2) Activity/sequence diagrams thể hiện khóa, rollback, expiry và actor chuyển trạng thái. 3) README có ví dụ booking service-only, room-only, combined và lịch qua đêm. 4) Traceability liên kết rule quan trọng với test; không mô tả partial cancellation. 5) Phần triển khai của ""Hoàn thiện Swagger và sequence/activity booking"" sẵn sàng để kiểm chứng trong Sub-task tiếp theo. Definition of Done (DOC): 1) Nội dung đúng đặc tả và bản triển khai tương ứng; sơ đồ/bảng/link đọc được và không mâu thuẫn. 2) Hướng dẫn/command/ví dụ được kiểm tra thủ công khi có thể; nguồn và giới hạn được ghi rõ. 3) Không có secret; các thay đổi API/DB trong tài liệu khớp Swagger/migration; không yêu cầu viết code ứng dụng cho task tài liệu. 4) Self-review hoàn tất; tiêu chí build/test/validation/authorization không áp dụng được ghi N/A kèm lý do, không ghi pass giả.","","","50","High","","","CTP Sprint 4 - Booking Core","MVP","documentation","","","","DOCUMENTATION","1) Swagger nêu body nhiều phòng/dịch vụ, các lỗi 400/403/409 và phản hồi danh sách/chi tiết. 2) Activity/sequence diagrams thể hiện khóa, rollback, expiry và actor chuyển trạng thái. 3) README có ví dụ booking service-only, room-only, combined và lịch qua đêm. 4) Traceability liên kết rule quan trọng với test; không mô tả partial cancellation. 5) Phần triển khai của ""Hoàn thiện Swagger và sequence/activity booking"" sẵn sàng để kiểm chứng trong Sub-task tiếp theo.","CTP-49","1) Nội dung đúng đặc tả và bản triển khai tương ứng; sơ đồ/bảng/link đọc được và không mâu thuẫn. 2) Hướng dẫn/command/ví dụ được kiểm tra thủ công khi có thể; nguồn và giới hạn được ghi rõ. 3) Không có secret; các thay đổi API/DB trong tài liệu khớp Swagger/migration; không yêu cầu viết code ứng dụng cho task tài liệu. 4) Self-review hoàn tất; tiêu chí build/test/validation/authorization không áp dụng được ghi N/A kèm lý do, không ghi pass giả.","","BACKLOG","MVP-1.0","154","","","","","","","","","","","","","","","","","","",""
"Community Tourism Platform","CTP","154","CTP-154","Sub-task","Đối chiếu ví dụ, lỗi và ma trận test","Planned Issue Key: CTP-154. Đóng góp cho CTP-50 — Tài liệu API và sơ đồ nghiệp vụ booking. Kiểm chứng/tích hợp hoặc hoàn thiện phần còn lại nêu trong summary; ghi kết quả và cập nhật tài liệu liên quan. Không ước lượng Story Points riêng; công sức đã nằm trong Story cha. Scope: MVP. Planned sprint: CTP Sprint 4 - Booking Core. Dependencies (planned keys): CTP-153. Acceptance Criteria: 1) Xác minh và lưu bằng chứng: Swagger nêu body nhiều phòng/dịch vụ, các lỗi 400/403/409 và phản hồi danh sách/chi tiết. 2) Xác minh và lưu bằng chứng: Activity/sequence diagrams thể hiện khóa, rollback, expiry và actor chuyển trạng thái. 3) Xác minh và lưu bằng chứng: README có ví dụ booking service-only, room-only, combined và lịch qua đêm. 4) Xác minh và lưu bằng chứng: Traceability liên kết rule quan trọng với test; không mô tả partial cancellation. Definition of Done (DOC): 1) Nội dung đúng đặc tả và bản triển khai tương ứng; sơ đồ/bảng/link đọc được và không mâu thuẫn. 2) Hướng dẫn/command/ví dụ được kiểm tra thủ công khi có thể; nguồn và giới hạn được ghi rõ. 3) Không có secret; các thay đổi API/DB trong tài liệu khớp Swagger/migration; không yêu cầu viết code ứng dụng cho task tài liệu. 4) Self-review hoàn tất; tiêu chí build/test/validation/authorization không áp dụng được ghi N/A kèm lý do, không ghi pass giả.","","","50","High","","","CTP Sprint 4 - Booking Core","MVP","documentation","","","","DOCUMENTATION","1) Xác minh và lưu bằng chứng: Swagger nêu body nhiều phòng/dịch vụ, các lỗi 400/403/409 và phản hồi danh sách/chi tiết. 2) Xác minh và lưu bằng chứng: Activity/sequence diagrams thể hiện khóa, rollback, expiry và actor chuyển trạng thái. 3) Xác minh và lưu bằng chứng: README có ví dụ booking service-only, room-only, combined và lịch qua đêm. 4) Xác minh và lưu bằng chứng: Traceability liên kết rule quan trọng với test; không mô tả partial cancellation.","CTP-153","1) Nội dung đúng đặc tả và bản triển khai tương ứng; sơ đồ/bảng/link đọc được và không mâu thuẫn. 2) Hướng dẫn/command/ví dụ được kiểm tra thủ công khi có thể; nguồn và giới hạn được ghi rõ. 3) Không có secret; các thay đổi API/DB trong tài liệu khớp Swagger/migration; không yêu cầu viết code ứng dụng cho task tài liệu. 4) Self-review hoàn tất; tiêu chí build/test/validation/authorization không áp dụng được ghi N/A kèm lý do, không ghi pass giả.","","BACKLOG","MVP-1.0","","","","","","","","","","","","","","","","","","","",""
"Community Tourism Platform","CTP","155","CTP-155","Sub-task","Tạo ledger receipt/refund và đọc lịch sử tiền","Planned Issue Key: CTP-155. Đóng góp cho CTP-51 — Ghi sổ thu/hoàn tiền thủ công và trạng thái thanh toán. Thực hiện phần công việc cụ thể trong summary; không mở rộng ngoài acceptance criteria của Story. Không ước lượng Story Points riêng; công sức đã nằm trong Story cha. Scope: MVP. Planned sprint: CTP Sprint 5 - Finance, Review & Admin. Dependencies (planned keys): CTP-46, CTP-22. Acceptance Criteria: 1) Ledger chỉ ghi RECEIPT/REFUND, amount dương, confirmed_by từ token; không sửa/xóa entry đã xác nhận. 2) Ghi nhận CASH, BANK_TRANSFER hoặc QR như phương thức ngoài hệ thống; QR không tự xác minh ngân hàng, không có gateway/webhook thật. 3) Thu cho CONFIRMED/COMPLETED không vượt số còn phải trả; hoàn cho CANCELLED không vượt số đã nhận. 4) SUM chỉ tính giao dịch CONFIRMED; UNPAID/PARTIALLY_PAID/PAID/REFUND_PENDING/REFUNDED được cập nhật cùng transaction. 5) Ví dụ nhận 500000 + 300000, hoàn 200000 cho netReceived 600000; hộ mất duyệt vẫn xử lý đơn cũ đúng quyền. 6) Phần triển khai của ""Tạo ledger receipt/refund và đọc lịch sử tiền"" sẵn sàng để kiểm chứng trong Sub-task tiếp theo. Definition of Done (DEV): 1) Phạm vi triển khai hoàn thành; build/static checks liên quan không lỗi. 2) Test phù hợp và kiểm tra thủ công có bằng chứng; validation, authorization/ownership được kiểm tra nếu áp dụng. 3) Không hardcode secret; Swagger cập nhật nếu đổi API; migration cập nhật nếu đổi DB; README/docs cập nhật nếu cần. 4) Self-review diff/checklist đã làm; acceptance criteria đạt; không còn lỗi Highest/High liên quan chưa xử lý.","","","51","Highest","","","CTP Sprint 5 - Finance, Review & Admin","MVP","payment","backend","database","","BACKEND","1) Ledger chỉ ghi RECEIPT/REFUND, amount dương, confirmed_by từ token; không sửa/xóa entry đã xác nhận. 2) Ghi nhận CASH, BANK_TRANSFER hoặc QR như phương thức ngoài hệ thống; QR không tự xác minh ngân hàng, không có gateway/webhook thật. 3) Thu cho CONFIRMED/COMPLETED không vượt số còn phải trả; hoàn cho CANCELLED không vượt số đã nhận. 4) SUM chỉ tính giao dịch CONFIRMED; UNPAID/PARTIALLY_PAID/PAID/REFUND_PENDING/REFUNDED được cập nhật cùng transaction. 5) Ví dụ nhận 500000 + 300000, hoàn 200000 cho netReceived 600000; hộ mất duyệt vẫn xử lý đơn cũ đúng quyền. 6) Phần triển khai của ""Tạo ledger receipt/refund và đọc lịch sử tiền"" sẵn sàng để kiểm chứng trong Sub-task tiếp theo.","CTP-46; CTP-22","1) Phạm vi triển khai hoàn thành; build/static checks liên quan không lỗi. 2) Test phù hợp và kiểm tra thủ công có bằng chứng; validation, authorization/ownership được kiểm tra nếu áp dụng. 3) Không hardcode secret; Swagger cập nhật nếu đổi API; migration cập nhật nếu đổi DB; README/docs cập nhật nếu cần. 4) Self-review diff/checklist đã làm; acceptance criteria đạt; không còn lỗi Highest/High liên quan chưa xử lý.","","BACKLOG","MVP-1.0","156","","","","","","","","","","","","","","","","","","",""
"Community Tourism Platform","CTP","156","CTP-156","Sub-task","Kiểm thử giới hạn thu/hoàn và payment_status","Planned Issue Key: CTP-156. Đóng góp cho CTP-51 — Ghi sổ thu/hoàn tiền thủ công và trạng thái thanh toán. Kiểm chứng/tích hợp hoặc hoàn thiện phần còn lại nêu trong summary; ghi kết quả và cập nhật tài liệu liên quan. Không ước lượng Story Points riêng; công sức đã nằm trong Story cha. Scope: MVP. Planned sprint: CTP Sprint 5 - Finance, Review & Admin. Dependencies (planned keys): CTP-155. Acceptance Criteria: 1) Xác minh và lưu bằng chứng: Ledger chỉ ghi RECEIPT/REFUND, amount dương, confirmed_by từ token; không sửa/xóa entry đã xác nhận. 2) Xác minh và lưu bằng chứng: Ghi nhận CASH, BANK_TRANSFER hoặc QR như phương thức ngoài hệ thống; QR không tự xác minh ngân hàng, không có gateway/webhook thật. 3) Xác minh và lưu bằng chứng: Thu cho CONFIRMED/COMPLETED không vượt số còn phải trả; hoàn cho CANCELLED không vượt số đã nhận. 4) Xác minh và lưu bằng chứng: SUM chỉ tính giao dịch CONFIRMED; UNPAID/PARTIALLY_PAID/PAID/REFUND_PENDING/REFUNDED được cập nhật cùng transaction. 5) Xác minh và lưu bằng chứng: Ví dụ nhận 500000 + 300000, hoàn 200000 cho netReceived 600000; hộ mất duyệt vẫn xử lý đơn cũ đúng quyền. Definition of Done (QA): 1) Kịch bản, fixture và bằng chứng kiểm thử hoàn thành; môi trường/phiên bản và lệnh tái hiện được ghi rõ. 2) Các case trong phạm vi pass; lỗi phát hiện có issue/liên kết và retest; build liên quan không lỗi. 3) Các tiêu chí validation, authorization, secret, Swagger, migration và docs được kiểm tra theo phạm vi; N/A phải có lý do. 4) Kiểm tra thủ công hoàn thành; không dùng mock/in-memory để kết luận concurrency MySQL đạt.","","","51","Highest","","","CTP Sprint 5 - Finance, Review & Admin","MVP","payment","backend","database","","BACKEND","1) Xác minh và lưu bằng chứng: Ledger chỉ ghi RECEIPT/REFUND, amount dương, confirmed_by từ token; không sửa/xóa entry đã xác nhận. 2) Xác minh và lưu bằng chứng: Ghi nhận CASH, BANK_TRANSFER hoặc QR như phương thức ngoài hệ thống; QR không tự xác minh ngân hàng, không có gateway/webhook thật. 3) Xác minh và lưu bằng chứng: Thu cho CONFIRMED/COMPLETED không vượt số còn phải trả; hoàn cho CANCELLED không vượt số đã nhận. 4) Xác minh và lưu bằng chứng: SUM chỉ tính giao dịch CONFIRMED; UNPAID/PARTIALLY_PAID/PAID/REFUND_PENDING/REFUNDED được cập nhật cùng transaction. 5) Xác minh và lưu bằng chứng: Ví dụ nhận 500000 + 300000, hoàn 200000 cho netReceived 600000; hộ mất duyệt vẫn xử lý đơn cũ đúng quyền.","CTP-155","1) Kịch bản, fixture và bằng chứng kiểm thử hoàn thành; môi trường/phiên bản và lệnh tái hiện được ghi rõ. 2) Các case trong phạm vi pass; lỗi phát hiện có issue/liên kết và retest; build liên quan không lỗi. 3) Các tiêu chí validation, authorization, secret, Swagger, migration và docs được kiểm tra theo phạm vi; N/A phải có lý do. 4) Kiểm tra thủ công hoàn thành; không dùng mock/in-memory để kết luận concurrency MySQL đạt.","","BACKLOG","MVP-1.0","","","","","","","","","","","","","","","","","","","",""
"Community Tourism Platform","CTP","157","CTP-157","Sub-task","Tích hợp idempotency và khóa giao dịch tiền","Planned Issue Key: CTP-157. Đóng góp cho CTP-52 — Chống ghi tiền trùng và thu vượt khi đồng thời. Thực hiện phần công việc cụ thể trong summary; không mở rộng ngoài acceptance criteria của Story. Không ước lượng Story Points riêng; công sức đã nằm trong Story cha. Scope: MVP. Planned sprint: CTP Sprint 5 - Finance, Review & Admin. Dependencies (planned keys): CTP-51. Acceptance Criteria: 1) POST payments bắt buộc Idempotency-Key; unique(confirmed_by,idempotency_key) và hash payload chuẩn hóa gồm booking/type/amount/method/note. 2) Cùng key/cùng payload trả entry cũ, kiểm tra replay trước business validation; khác payload trả 409. 3) Hai key khác nhau vẫn khóa booking để không overpayment/over-refund. 4) Ledger và payment_status nguyên tử; lỗi rollback không để entry hoặc cache lệch. 5) Test retry do mạng, cùng key đồng thời, khác booking cùng key và hai khoản tranh số dư trên MySQL thật. 6) Phần triển khai của ""Tích hợp idempotency và khóa giao dịch tiền"" sẵn sàng để kiểm chứng trong Sub-task tiếp theo. Definition of Done (DEV): 1) Phạm vi triển khai hoàn thành; build/static checks liên quan không lỗi. 2) Test phù hợp và kiểm tra thủ công có bằng chứng; validation, authorization/ownership được kiểm tra nếu áp dụng. 3) Không hardcode secret; Swagger cập nhật nếu đổi API; migration cập nhật nếu đổi DB; README/docs cập nhật nếu cần. 4) Self-review diff/checklist đã làm; acceptance criteria đạt; không còn lỗi Highest/High liên quan chưa xử lý.","","","52","Highest","","","CTP Sprint 5 - Finance, Review & Admin","MVP","payment","backend","database","","BACKEND","1) POST payments bắt buộc Idempotency-Key; unique(confirmed_by,idempotency_key) và hash payload chuẩn hóa gồm booking/type/amount/method/note. 2) Cùng key/cùng payload trả entry cũ, kiểm tra replay trước business validation; khác payload trả 409. 3) Hai key khác nhau vẫn khóa booking để không overpayment/over-refund. 4) Ledger và payment_status nguyên tử; lỗi rollback không để entry hoặc cache lệch. 5) Test retry do mạng, cùng key đồng thời, khác booking cùng key và hai khoản tranh số dư trên MySQL thật. 6) Phần triển khai của ""Tích hợp idempotency và khóa giao dịch tiền"" sẵn sàng để kiểm chứng trong Sub-task tiếp theo.","CTP-51","1) Phạm vi triển khai hoàn thành; build/static checks liên quan không lỗi. 2) Test phù hợp và kiểm tra thủ công có bằng chứng; validation, authorization/ownership được kiểm tra nếu áp dụng. 3) Không hardcode secret; Swagger cập nhật nếu đổi API; migration cập nhật nếu đổi DB; README/docs cập nhật nếu cần. 4) Self-review diff/checklist đã làm; acceptance criteria đạt; không còn lỗi Highest/High liên quan chưa xử lý.","","BACKLOG","MVP-1.0","158","","","","","","","","","","","","","","","","","","",""
"Community Tourism Platform","CTP","158","CTP-158","Sub-task","Chạy kiểm thử retry, replay và overpayment đồng thời","Planned Issue Key: CTP-158. Đóng góp cho CTP-52 — Chống ghi tiền trùng và thu vượt khi đồng thời. Kiểm chứng/tích hợp hoặc hoàn thiện phần còn lại nêu trong summary; ghi kết quả và cập nhật tài liệu liên quan. Không ước lượng Story Points riêng; công sức đã nằm trong Story cha. Scope: MVP. Planned sprint: CTP Sprint 5 - Finance, Review & Admin. Dependencies (planned keys): CTP-157. Acceptance Criteria: 1) Xác minh và lưu bằng chứng: POST payments bắt buộc Idempotency-Key; unique(confirmed_by,idempotency_key) và hash payload chuẩn hóa gồm booking/type/amount/method/note. 2) Xác minh và lưu bằng chứng: Cùng key/cùng payload trả entry cũ, kiểm tra replay trước business validation; khác payload trả 409. 3) Xác minh và lưu bằng chứng: Hai key khác nhau vẫn khóa booking để không overpayment/over-refund. 4) Xác minh và lưu bằng chứng: Ledger và payment_status nguyên tử; lỗi rollback không để entry hoặc cache lệch. 5) Xác minh và lưu bằng chứng: Test retry do mạng, cùng key đồng thời, khác booking cùng key và hai khoản tranh số dư trên MySQL thật. Definition of Done (QA): 1) Kịch bản, fixture và bằng chứng kiểm thử hoàn thành; môi trường/phiên bản và lệnh tái hiện được ghi rõ. 2) Các case trong phạm vi pass; lỗi phát hiện có issue/liên kết và retest; build liên quan không lỗi. 3) Các tiêu chí validation, authorization, secret, Swagger, migration và docs được kiểm tra theo phạm vi; N/A phải có lý do. 4) Kiểm tra thủ công hoàn thành; không dùng mock/in-memory để kết luận concurrency MySQL đạt.","","","52","Highest","","","CTP Sprint 5 - Finance, Review & Admin","MVP","payment","backend","database","","BACKEND","1) Xác minh và lưu bằng chứng: POST payments bắt buộc Idempotency-Key; unique(confirmed_by,idempotency_key) và hash payload chuẩn hóa gồm booking/type/amount/method/note. 2) Xác minh và lưu bằng chứng: Cùng key/cùng payload trả entry cũ, kiểm tra replay trước business validation; khác payload trả 409. 3) Xác minh và lưu bằng chứng: Hai key khác nhau vẫn khóa booking để không overpayment/over-refund. 4) Xác minh và lưu bằng chứng: Ledger và payment_status nguyên tử; lỗi rollback không để entry hoặc cache lệch. 5) Xác minh và lưu bằng chứng: Test retry do mạng, cùng key đồng thời, khác booking cùng key và hai khoản tranh số dư trên MySQL thật.","CTP-157","1) Kịch bản, fixture và bằng chứng kiểm thử hoàn thành; môi trường/phiên bản và lệnh tái hiện được ghi rõ. 2) Các case trong phạm vi pass; lỗi phát hiện có issue/liên kết và retest; build liên quan không lỗi. 3) Các tiêu chí validation, authorization, secret, Swagger, migration và docs được kiểm tra theo phạm vi; N/A phải có lý do. 4) Kiểm tra thủ công hoàn thành; không dùng mock/in-memory để kết luận concurrency MySQL đạt.","","BACKLOG","MVP-1.0","","","","","","","","","","","","","","","","","","","",""
"Community Tourism Platform","CTP","159","CTP-159","Sub-task","Tạo expense API và aggregation tài chính/khách","Planned Issue Key: CTP-159. Đóng góp cho CTP-53 — Ghi chi phí và API tài chính/thống kê cơ bản. Thực hiện phần công việc cụ thể trong summary; không mở rộng ngoài acceptance criteria của Story. Không ước lượng Story Points riêng; công sức đã nằm trong Story cha. Scope: MVP. Planned sprint: CTP Sprint 5 - Finance, Review & Admin. Dependencies (planned keys): CTP-52, CTP-48. Acceptance Criteria: 1) Hộ thêm/xem chi phí của mình theo ngày/tháng; chưa sửa/xóa chi phí trong MVP. 2) Phân biệt giá trị đơn COMPLETED với tiền thực thu, hoàn tiền, netReceived và chi phí; không ghi thêm income trùng ledger. 3) Khách thực tế chỉ COMPLETED theo completed_at; khách dự kiến CONFIRMED theo earliest item start; mỗi đơn cộng guestCount một lần. 4) Ranh giới kỳ theo Asia/Ho_Chi_Minh; tiền theo ngày giao dịch; dữ liệu đổi trạng thái không làm mất lịch sử. 5) Test JOIN nhiều phòng/dịch vụ không nhân tổng tiền/số khách. 6) Phần triển khai của ""Tạo expense API và aggregation tài chính/khách"" sẵn sàng để kiểm chứng trong Sub-task tiếp theo. Definition of Done (DEV): 1) Phạm vi triển khai hoàn thành; build/static checks liên quan không lỗi. 2) Test phù hợp và kiểm tra thủ công có bằng chứng; validation, authorization/ownership được kiểm tra nếu áp dụng. 3) Không hardcode secret; Swagger cập nhật nếu đổi API; migration cập nhật nếu đổi DB; README/docs cập nhật nếu cần. 4) Self-review diff/checklist đã làm; acceptance criteria đạt; không còn lỗi Highest/High liên quan chưa xử lý.","","","53","High","","","CTP Sprint 5 - Finance, Review & Admin","MVP","payment","backend","","","BACKEND","1) Hộ thêm/xem chi phí của mình theo ngày/tháng; chưa sửa/xóa chi phí trong MVP. 2) Phân biệt giá trị đơn COMPLETED với tiền thực thu, hoàn tiền, netReceived và chi phí; không ghi thêm income trùng ledger. 3) Khách thực tế chỉ COMPLETED theo completed_at; khách dự kiến CONFIRMED theo earliest item start; mỗi đơn cộng guestCount một lần. 4) Ranh giới kỳ theo Asia/Ho_Chi_Minh; tiền theo ngày giao dịch; dữ liệu đổi trạng thái không làm mất lịch sử. 5) Test JOIN nhiều phòng/dịch vụ không nhân tổng tiền/số khách. 6) Phần triển khai của ""Tạo expense API và aggregation tài chính/khách"" sẵn sàng để kiểm chứng trong Sub-task tiếp theo.","CTP-52; CTP-48","1) Phạm vi triển khai hoàn thành; build/static checks liên quan không lỗi. 2) Test phù hợp và kiểm tra thủ công có bằng chứng; validation, authorization/ownership được kiểm tra nếu áp dụng. 3) Không hardcode secret; Swagger cập nhật nếu đổi API; migration cập nhật nếu đổi DB; README/docs cập nhật nếu cần. 4) Self-review diff/checklist đã làm; acceptance criteria đạt; không còn lỗi Highest/High liên quan chưa xử lý.","","BACKLOG","MVP-1.0","160","","","","","","","","","","","","","","","","","","",""
"Community Tourism Platform","CTP","160","CTP-160","Sub-task","Kiểm thử kỳ báo cáo và tránh cộng trùng","Planned Issue Key: CTP-160. Đóng góp cho CTP-53 — Ghi chi phí và API tài chính/thống kê cơ bản. Kiểm chứng/tích hợp hoặc hoàn thiện phần còn lại nêu trong summary; ghi kết quả và cập nhật tài liệu liên quan. Không ước lượng Story Points riêng; công sức đã nằm trong Story cha. Scope: MVP. Planned sprint: CTP Sprint 5 - Finance, Review & Admin. Dependencies (planned keys): CTP-159. Acceptance Criteria: 1) Xác minh và lưu bằng chứng: Hộ thêm/xem chi phí của mình theo ngày/tháng; chưa sửa/xóa chi phí trong MVP. 2) Xác minh và lưu bằng chứng: Phân biệt giá trị đơn COMPLETED với tiền thực thu, hoàn tiền, netReceived và chi phí; không ghi thêm income trùng ledger. 3) Xác minh và lưu bằng chứng: Khách thực tế chỉ COMPLETED theo completed_at; khách dự kiến CONFIRMED theo earliest item start; mỗi đơn cộng guestCount một lần. 4) Xác minh và lưu bằng chứng: Ranh giới kỳ theo Asia/Ho_Chi_Minh; tiền theo ngày giao dịch; dữ liệu đổi trạng thái không làm mất lịch sử. 5) Xác minh và lưu bằng chứng: Test JOIN nhiều phòng/dịch vụ không nhân tổng tiền/số khách. Definition of Done (QA): 1) Kịch bản, fixture và bằng chứng kiểm thử hoàn thành; môi trường/phiên bản và lệnh tái hiện được ghi rõ. 2) Các case trong phạm vi pass; lỗi phát hiện có issue/liên kết và retest; build liên quan không lỗi. 3) Các tiêu chí validation, authorization, secret, Swagger, migration và docs được kiểm tra theo phạm vi; N/A phải có lý do. 4) Kiểm tra thủ công hoàn thành; không dùng mock/in-memory để kết luận concurrency MySQL đạt.","","","53","High","","","CTP Sprint 5 - Finance, Review & Admin","MVP","payment","backend","","","BACKEND","1) Xác minh và lưu bằng chứng: Hộ thêm/xem chi phí của mình theo ngày/tháng; chưa sửa/xóa chi phí trong MVP. 2) Xác minh và lưu bằng chứng: Phân biệt giá trị đơn COMPLETED với tiền thực thu, hoàn tiền, netReceived và chi phí; không ghi thêm income trùng ledger. 3) Xác minh và lưu bằng chứng: Khách thực tế chỉ COMPLETED theo completed_at; khách dự kiến CONFIRMED theo earliest item start; mỗi đơn cộng guestCount một lần. 4) Xác minh và lưu bằng chứng: Ranh giới kỳ theo Asia/Ho_Chi_Minh; tiền theo ngày giao dịch; dữ liệu đổi trạng thái không làm mất lịch sử. 5) Xác minh và lưu bằng chứng: Test JOIN nhiều phòng/dịch vụ không nhân tổng tiền/số khách.","CTP-159","1) Kịch bản, fixture và bằng chứng kiểm thử hoàn thành; môi trường/phiên bản và lệnh tái hiện được ghi rõ. 2) Các case trong phạm vi pass; lỗi phát hiện có issue/liên kết và retest; build liên quan không lỗi. 3) Các tiêu chí validation, authorization, secret, Swagger, migration và docs được kiểm tra theo phạm vi; N/A phải có lý do. 4) Kiểm tra thủ công hoàn thành; không dùng mock/in-memory để kết luận concurrency MySQL đạt.","","BACKLOG","MVP-1.0","","","","","","","","","","","","","","","","","","","",""
"Community Tourism Platform","CTP","161","CTP-161","Sub-task","Tạo API review và rating tổng hợp","Planned Issue Key: CTP-161. Đóng góp cho CTP-54 — Review tổng thể hộ dân sau booking hoàn thành. Thực hiện phần công việc cụ thể trong summary; không mở rộng ngoài acceptance criteria của Story. Không ước lượng Story Points riêng; công sức đã nằm trong Story cha. Scope: MVP. Planned sprint: CTP Sprint 5 - Finance, Review & Admin. Dependencies (planned keys): CTP-46, CTP-31. Acceptance Criteria: 1) Chỉ chủ booking COMPLETED được review, rating nguyên 1–5; customer/household lấy từ booking. 2) UNIQUE booking_id ngăn review lặp kể cả đồng thời; comment validate và hiển thị an toàn. 3) API household reviews trả danh sách, average rating và total reviews. 4) Không review riêng từng room/service; test booking chưa complete, khác chủ và rating sai. 5) Phần triển khai của ""Tạo API review và rating tổng hợp"" sẵn sàng để kiểm chứng trong Sub-task tiếp theo. Definition of Done (DEV): 1) Phạm vi triển khai hoàn thành; build/static checks liên quan không lỗi. 2) Test phù hợp và kiểm tra thủ công có bằng chứng; validation, authorization/ownership được kiểm tra nếu áp dụng. 3) Không hardcode secret; Swagger cập nhật nếu đổi API; migration cập nhật nếu đổi DB; README/docs cập nhật nếu cần. 4) Self-review diff/checklist đã làm; acceptance criteria đạt; không còn lỗi Highest/High liên quan chưa xử lý.","","","54","Medium","","","CTP Sprint 5 - Finance, Review & Admin","MVP","backend","security","","","BACKEND","1) Chỉ chủ booking COMPLETED được review, rating nguyên 1–5; customer/household lấy từ booking. 2) UNIQUE booking_id ngăn review lặp kể cả đồng thời; comment validate và hiển thị an toàn. 3) API household reviews trả danh sách, average rating và total reviews. 4) Không review riêng từng room/service; test booking chưa complete, khác chủ và rating sai. 5) Phần triển khai của ""Tạo API review và rating tổng hợp"" sẵn sàng để kiểm chứng trong Sub-task tiếp theo.","CTP-46; CTP-31","1) Phạm vi triển khai hoàn thành; build/static checks liên quan không lỗi. 2) Test phù hợp và kiểm tra thủ công có bằng chứng; validation, authorization/ownership được kiểm tra nếu áp dụng. 3) Không hardcode secret; Swagger cập nhật nếu đổi API; migration cập nhật nếu đổi DB; README/docs cập nhật nếu cần. 4) Self-review diff/checklist đã làm; acceptance criteria đạt; không còn lỗi Highest/High liên quan chưa xử lý.","","BACKLOG","MVP-1.0","162","","","","","","","","","","","","","","","","","","",""
"Community Tourism Platform","CTP","162","CTP-162","Sub-task","Kiểm thử một review mỗi booking và quyền đánh giá","Planned Issue Key: CTP-162. Đóng góp cho CTP-54 — Review tổng thể hộ dân sau booking hoàn thành. Kiểm chứng/tích hợp hoặc hoàn thiện phần còn lại nêu trong summary; ghi kết quả và cập nhật tài liệu liên quan. Không ước lượng Story Points riêng; công sức đã nằm trong Story cha. Scope: MVP. Planned sprint: CTP Sprint 5 - Finance, Review & Admin. Dependencies (planned keys): CTP-161. Acceptance Criteria: 1) Xác minh và lưu bằng chứng: Chỉ chủ booking COMPLETED được review, rating nguyên 1–5; customer/household lấy từ booking. 2) Xác minh và lưu bằng chứng: UNIQUE booking_id ngăn review lặp kể cả đồng thời; comment validate và hiển thị an toàn. 3) Xác minh và lưu bằng chứng: API household reviews trả danh sách, average rating và total reviews. 4) Xác minh và lưu bằng chứng: Không review riêng từng room/service; test booking chưa complete, khác chủ và rating sai. Definition of Done (QA): 1) Kịch bản, fixture và bằng chứng kiểm thử hoàn thành; môi trường/phiên bản và lệnh tái hiện được ghi rõ. 2) Các case trong phạm vi pass; lỗi phát hiện có issue/liên kết và retest; build liên quan không lỗi. 3) Các tiêu chí validation, authorization, secret, Swagger, migration và docs được kiểm tra theo phạm vi; N/A phải có lý do. 4) Kiểm tra thủ công hoàn thành; không dùng mock/in-memory để kết luận concurrency MySQL đạt.","","","54","Medium","","","CTP Sprint 5 - Finance, Review & Admin","MVP","backend","security","","","BACKEND","1) Xác minh và lưu bằng chứng: Chỉ chủ booking COMPLETED được review, rating nguyên 1–5; customer/household lấy từ booking. 2) Xác minh và lưu bằng chứng: UNIQUE booking_id ngăn review lặp kể cả đồng thời; comment validate và hiển thị an toàn. 3) Xác minh và lưu bằng chứng: API household reviews trả danh sách, average rating và total reviews. 4) Xác minh và lưu bằng chứng: Không review riêng từng room/service; test booking chưa complete, khác chủ và rating sai.","CTP-161","1) Kịch bản, fixture và bằng chứng kiểm thử hoàn thành; môi trường/phiên bản và lệnh tái hiện được ghi rõ. 2) Các case trong phạm vi pass; lỗi phát hiện có issue/liên kết và retest; build liên quan không lỗi. 3) Các tiêu chí validation, authorization, secret, Swagger, migration và docs được kiểm tra theo phạm vi; N/A phải có lý do. 4) Kiểm tra thủ công hoàn thành; không dùng mock/in-memory để kết luận concurrency MySQL đạt.","","BACKLOG","MVP-1.0","","","","","","","","","","","","","","","","","","","",""
"Community Tourism Platform","CTP","163","CTP-163","Sub-task","Tích hợp booking/services/reviews overview","Planned Issue Key: CTP-163. Đóng góp cho CTP-55 — Admin xem booking, dịch vụ, review và dashboard. Thực hiện phần công việc cụ thể trong summary; không mở rộng ngoài acceptance criteria của Story. Không ước lượng Story Points riêng; công sức đã nằm trong Story cha. Scope: MVP. Planned sprint: CTP Sprint 5 - Finance, Review & Admin. Dependencies (planned keys): CTP-33, CTP-48, CTP-53, CTP-54. Acceptance Criteria: 1) Admin có danh sách/detail booking, dịch vụ và review, filter/pagination cơ bản. 2) Dashboard có tổng user/hộ, hộ chờ duyệt, booking và giá trị đơn/thu tiền có nhãn rõ. 3) Khách thực tế và khách dự kiến tách riêng; có một biểu đồ tổng hợp đơn giản. 4) Không có UI/API cho Admin đổi booking status; test quyền Admin và thống kê không nhân JOIN. 5) Moderation review nâng cao và biểu đồ phân tích sâu được đánh dấu Post-MVP. 6) Phần triển khai của ""Tích hợp booking/services/reviews overview"" sẵn sàng để kiểm chứng trong Sub-task tiếp theo. Definition of Done (DEV): 1) Phạm vi triển khai hoàn thành; build/static checks liên quan không lỗi. 2) Test phù hợp và kiểm tra thủ công có bằng chứng; validation, authorization/ownership được kiểm tra nếu áp dụng. 3) Không hardcode secret; Swagger cập nhật nếu đổi API; migration cập nhật nếu đổi DB; README/docs cập nhật nếu cần. 4) Self-review diff/checklist đã làm; acceptance criteria đạt; không còn lỗi Highest/High liên quan chưa xử lý.","","","55","High","","","CTP Sprint 5 - Finance, Review & Admin","MVP","react","frontend","security","","ADMIN_WEB","1) Admin có danh sách/detail booking, dịch vụ và review, filter/pagination cơ bản. 2) Dashboard có tổng user/hộ, hộ chờ duyệt, booking và giá trị đơn/thu tiền có nhãn rõ. 3) Khách thực tế và khách dự kiến tách riêng; có một biểu đồ tổng hợp đơn giản. 4) Không có UI/API cho Admin đổi booking status; test quyền Admin và thống kê không nhân JOIN. 5) Moderation review nâng cao và biểu đồ phân tích sâu được đánh dấu Post-MVP. 6) Phần triển khai của ""Tích hợp booking/services/reviews overview"" sẵn sàng để kiểm chứng trong Sub-task tiếp theo.","CTP-33; CTP-48; CTP-53; CTP-54","1) Phạm vi triển khai hoàn thành; build/static checks liên quan không lỗi. 2) Test phù hợp và kiểm tra thủ công có bằng chứng; validation, authorization/ownership được kiểm tra nếu áp dụng. 3) Không hardcode secret; Swagger cập nhật nếu đổi API; migration cập nhật nếu đổi DB; README/docs cập nhật nếu cần. 4) Self-review diff/checklist đã làm; acceptance criteria đạt; không còn lỗi Highest/High liên quan chưa xử lý.","","BACKLOG","MVP-1.0","164","","","","","","","","","","","","","","","","","","",""
"Community Tourism Platform","CTP","164","CTP-164","Sub-task","Tạo dashboard cơ bản và kiểm thử quyền/số liệu","Planned Issue Key: CTP-164. Đóng góp cho CTP-55 — Admin xem booking, dịch vụ, review và dashboard. Kiểm chứng/tích hợp hoặc hoàn thiện phần còn lại nêu trong summary; ghi kết quả và cập nhật tài liệu liên quan. Không ước lượng Story Points riêng; công sức đã nằm trong Story cha. Scope: MVP. Planned sprint: CTP Sprint 5 - Finance, Review & Admin. Dependencies (planned keys): CTP-163. Acceptance Criteria: 1) Xác minh và lưu bằng chứng: Admin có danh sách/detail booking, dịch vụ và review, filter/pagination cơ bản. 2) Xác minh và lưu bằng chứng: Dashboard có tổng user/hộ, hộ chờ duyệt, booking và giá trị đơn/thu tiền có nhãn rõ. 3) Xác minh và lưu bằng chứng: Khách thực tế và khách dự kiến tách riêng; có một biểu đồ tổng hợp đơn giản. 4) Xác minh và lưu bằng chứng: Không có UI/API cho Admin đổi booking status; test quyền Admin và thống kê không nhân JOIN. 5) Xác minh và lưu bằng chứng: Moderation review nâng cao và biểu đồ phân tích sâu được đánh dấu Post-MVP. Definition of Done (QA): 1) Kịch bản, fixture và bằng chứng kiểm thử hoàn thành; môi trường/phiên bản và lệnh tái hiện được ghi rõ. 2) Các case trong phạm vi pass; lỗi phát hiện có issue/liên kết và retest; build liên quan không lỗi. 3) Các tiêu chí validation, authorization, secret, Swagger, migration và docs được kiểm tra theo phạm vi; N/A phải có lý do. 4) Kiểm tra thủ công hoàn thành; không dùng mock/in-memory để kết luận concurrency MySQL đạt.","","","55","High","","","CTP Sprint 5 - Finance, Review & Admin","MVP","react","frontend","security","","ADMIN_WEB","1) Xác minh và lưu bằng chứng: Admin có danh sách/detail booking, dịch vụ và review, filter/pagination cơ bản. 2) Xác minh và lưu bằng chứng: Dashboard có tổng user/hộ, hộ chờ duyệt, booking và giá trị đơn/thu tiền có nhãn rõ. 3) Xác minh và lưu bằng chứng: Khách thực tế và khách dự kiến tách riêng; có một biểu đồ tổng hợp đơn giản. 4) Xác minh và lưu bằng chứng: Không có UI/API cho Admin đổi booking status; test quyền Admin và thống kê không nhân JOIN. 5) Xác minh và lưu bằng chứng: Moderation review nâng cao và biểu đồ phân tích sâu được đánh dấu Post-MVP.","CTP-163","1) Kịch bản, fixture và bằng chứng kiểm thử hoàn thành; môi trường/phiên bản và lệnh tái hiện được ghi rõ. 2) Các case trong phạm vi pass; lỗi phát hiện có issue/liên kết và retest; build liên quan không lỗi. 3) Các tiêu chí validation, authorization, secret, Swagger, migration và docs được kiểm tra theo phạm vi; N/A phải có lý do. 4) Kiểm tra thủ công hoàn thành; không dùng mock/in-memory để kết luận concurrency MySQL đạt.","","BACKLOG","MVP-1.0","","","","","","","","","","","","","","","","","","","",""
"Community Tourism Platform","CTP","165","CTP-165","Sub-task","Tạo CRUD Admin và API công khai cultural posts","Planned Issue Key: CTP-165. Đóng góp cho CTP-56 — API bài viết văn hóa và trạng thái xuất bản. Thực hiện phần công việc cụ thể trong summary; không mở rộng ngoài acceptance criteria của Story. Không ước lượng Story Points riêng; công sức đã nằm trong Story cha. Scope: MVP. Planned sprint: CTP Sprint 5 - Finance, Review & Admin. Dependencies (planned keys): CTP-26, CTP-28. Acceptance Criteria: 1) Admin CRUD title/content/thumbnail/video URL và trạng thái DRAFT/PUBLISHED. 2) Khách chỉ đọc bài PUBLISHED; hộ/khách không gọi được API quản trị nội dung. 3) Validate/sanitize nội dung và URL; ảnh qua Express/Cloudinary. 4) Public list/detail có pagination; video URL được lưu và mở liên kết, chưa nhúng player nâng cao. 5) Phần triển khai của ""Tạo CRUD Admin và API công khai cultural posts"" sẵn sàng để kiểm chứng trong Sub-task tiếp theo. Definition of Done (DEV): 1) Phạm vi triển khai hoàn thành; build/static checks liên quan không lỗi. 2) Test phù hợp và kiểm tra thủ công có bằng chứng; validation, authorization/ownership được kiểm tra nếu áp dụng. 3) Không hardcode secret; Swagger cập nhật nếu đổi API; migration cập nhật nếu đổi DB; README/docs cập nhật nếu cần. 4) Self-review diff/checklist đã làm; acceptance criteria đạt; không còn lỗi Highest/High liên quan chưa xử lý.","","","56","Medium","","","CTP Sprint 5 - Finance, Review & Admin","MVP","backend","frontend","","","BACKEND","1) Admin CRUD title/content/thumbnail/video URL và trạng thái DRAFT/PUBLISHED. 2) Khách chỉ đọc bài PUBLISHED; hộ/khách không gọi được API quản trị nội dung. 3) Validate/sanitize nội dung và URL; ảnh qua Express/Cloudinary. 4) Public list/detail có pagination; video URL được lưu và mở liên kết, chưa nhúng player nâng cao. 5) Phần triển khai của ""Tạo CRUD Admin và API công khai cultural posts"" sẵn sàng để kiểm chứng trong Sub-task tiếp theo.","CTP-26; CTP-28","1) Phạm vi triển khai hoàn thành; build/static checks liên quan không lỗi. 2) Test phù hợp và kiểm tra thủ công có bằng chứng; validation, authorization/ownership được kiểm tra nếu áp dụng. 3) Không hardcode secret; Swagger cập nhật nếu đổi API; migration cập nhật nếu đổi DB; README/docs cập nhật nếu cần. 4) Self-review diff/checklist đã làm; acceptance criteria đạt; không còn lỗi Highest/High liên quan chưa xử lý.","","BACKLOG","MVP-1.0","166","","","","","","","","","","","","","","","","","","",""
"Community Tourism Platform","CTP","166","CTP-166","Sub-task","Kiểm thử xuất bản, URL, nội dung và quyền","Planned Issue Key: CTP-166. Đóng góp cho CTP-56 — API bài viết văn hóa và trạng thái xuất bản. Kiểm chứng/tích hợp hoặc hoàn thiện phần còn lại nêu trong summary; ghi kết quả và cập nhật tài liệu liên quan. Không ước lượng Story Points riêng; công sức đã nằm trong Story cha. Scope: MVP. Planned sprint: CTP Sprint 5 - Finance, Review & Admin. Dependencies (planned keys): CTP-165. Acceptance Criteria: 1) Xác minh và lưu bằng chứng: Admin CRUD title/content/thumbnail/video URL và trạng thái DRAFT/PUBLISHED. 2) Xác minh và lưu bằng chứng: Khách chỉ đọc bài PUBLISHED; hộ/khách không gọi được API quản trị nội dung. 3) Xác minh và lưu bằng chứng: Validate/sanitize nội dung và URL; ảnh qua Express/Cloudinary. 4) Xác minh và lưu bằng chứng: Public list/detail có pagination; video URL được lưu và mở liên kết, chưa nhúng player nâng cao. Definition of Done (QA): 1) Kịch bản, fixture và bằng chứng kiểm thử hoàn thành; môi trường/phiên bản và lệnh tái hiện được ghi rõ. 2) Các case trong phạm vi pass; lỗi phát hiện có issue/liên kết và retest; build liên quan không lỗi. 3) Các tiêu chí validation, authorization, secret, Swagger, migration và docs được kiểm tra theo phạm vi; N/A phải có lý do. 4) Kiểm tra thủ công hoàn thành; không dùng mock/in-memory để kết luận concurrency MySQL đạt.","","","56","Medium","","","CTP Sprint 5 - Finance, Review & Admin","MVP","backend","frontend","","","BACKEND","1) Xác minh và lưu bằng chứng: Admin CRUD title/content/thumbnail/video URL và trạng thái DRAFT/PUBLISHED. 2) Xác minh và lưu bằng chứng: Khách chỉ đọc bài PUBLISHED; hộ/khách không gọi được API quản trị nội dung. 3) Xác minh và lưu bằng chứng: Validate/sanitize nội dung và URL; ảnh qua Express/Cloudinary. 4) Xác minh và lưu bằng chứng: Public list/detail có pagination; video URL được lưu và mở liên kết, chưa nhúng player nâng cao.","CTP-165","1) Kịch bản, fixture và bằng chứng kiểm thử hoàn thành; môi trường/phiên bản và lệnh tái hiện được ghi rõ. 2) Các case trong phạm vi pass; lỗi phát hiện có issue/liên kết và retest; build liên quan không lỗi. 3) Các tiêu chí validation, authorization, secret, Swagger, migration và docs được kiểm tra theo phạm vi; N/A phải có lý do. 4) Kiểm tra thủ công hoàn thành; không dùng mock/in-memory để kết luận concurrency MySQL đạt.","","BACKLOG","MVP-1.0","","","","","","","","","","","","","","","","","","","",""
"Community Tourism Platform","CTP","167","CTP-167","Sub-task","Tạo service list/form Flutter và chọn danh mục","Planned Issue Key: CTP-167. Đóng góp cho CTP-57 — Flutter hộ: form dịch vụ và ảnh. Thực hiện phần công việc cụ thể trong summary; không mở rộng ngoài acceptance criteria của Story. Không ước lượng Story Points riêng; công sức đã nằm trong Story cha. Scope: MVP. Planned sprint: CTP Sprint 5 - Finance, Review & Admin. Dependencies (planned keys): CTP-34, CTP-30, CTP-28, CTP-27. Acceptance Criteria: 1) Hộ xem/thêm/sửa/ngừng kinh doanh dịch vụ, giá và đơn vị suất/người/nhóm. 2) Chọn danh mục từ API; không nhập capacity slot tại form dịch vụ. 3) Upload ảnh qua backend, xử lý lỗi và hiển thị quyền theo trạng thái duyệt. 4) Không đưa Cloudinary secret vào app; thử thao tác thật trên Android. 5) Phần triển khai của ""Tạo service list/form Flutter và chọn danh mục"" sẵn sàng để kiểm chứng trong Sub-task tiếp theo. Definition of Done (DEV): 1) Phạm vi triển khai hoàn thành; build/static checks liên quan không lỗi. 2) Test phù hợp và kiểm tra thủ công có bằng chứng; validation, authorization/ownership được kiểm tra nếu áp dụng. 3) Không hardcode secret; Swagger cập nhật nếu đổi API; migration cập nhật nếu đổi DB; README/docs cập nhật nếu cần. 4) Self-review diff/checklist đã làm; acceptance criteria đạt; không còn lỗi Highest/High liên quan chưa xử lý.","","","57","High","","","CTP Sprint 5 - Finance, Review & Admin","MVP","flutter","frontend","booking","","FLUTTER_HOUSEHOLD","1) Hộ xem/thêm/sửa/ngừng kinh doanh dịch vụ, giá và đơn vị suất/người/nhóm. 2) Chọn danh mục từ API; không nhập capacity slot tại form dịch vụ. 3) Upload ảnh qua backend, xử lý lỗi và hiển thị quyền theo trạng thái duyệt. 4) Không đưa Cloudinary secret vào app; thử thao tác thật trên Android. 5) Phần triển khai của ""Tạo service list/form Flutter và chọn danh mục"" sẵn sàng để kiểm chứng trong Sub-task tiếp theo.","CTP-34; CTP-30; CTP-28; CTP-27","1) Phạm vi triển khai hoàn thành; build/static checks liên quan không lỗi. 2) Test phù hợp và kiểm tra thủ công có bằng chứng; validation, authorization/ownership được kiểm tra nếu áp dụng. 3) Không hardcode secret; Swagger cập nhật nếu đổi API; migration cập nhật nếu đổi DB; README/docs cập nhật nếu cần. 4) Self-review diff/checklist đã làm; acceptance criteria đạt; không còn lỗi Highest/High liên quan chưa xử lý.","","BACKLOG","MVP-1.0","168","","","","","","","","","","","","","","","","","","",""
"Community Tourism Platform","CTP","168","CTP-168","Sub-task","Tích hợp ảnh và kiểm thử quyền/validation","Planned Issue Key: CTP-168. Đóng góp cho CTP-57 — Flutter hộ: form dịch vụ và ảnh. Kiểm chứng/tích hợp hoặc hoàn thiện phần còn lại nêu trong summary; ghi kết quả và cập nhật tài liệu liên quan. Không ước lượng Story Points riêng; công sức đã nằm trong Story cha. Scope: MVP. Planned sprint: CTP Sprint 5 - Finance, Review & Admin. Dependencies (planned keys): CTP-167. Acceptance Criteria: 1) Xác minh và lưu bằng chứng: Hộ xem/thêm/sửa/ngừng kinh doanh dịch vụ, giá và đơn vị suất/người/nhóm. 2) Xác minh và lưu bằng chứng: Chọn danh mục từ API; không nhập capacity slot tại form dịch vụ. 3) Xác minh và lưu bằng chứng: Upload ảnh qua backend, xử lý lỗi và hiển thị quyền theo trạng thái duyệt. 4) Xác minh và lưu bằng chứng: Không đưa Cloudinary secret vào app; thử thao tác thật trên Android. Definition of Done (QA): 1) Kịch bản, fixture và bằng chứng kiểm thử hoàn thành; môi trường/phiên bản và lệnh tái hiện được ghi rõ. 2) Các case trong phạm vi pass; lỗi phát hiện có issue/liên kết và retest; build liên quan không lỗi. 3) Các tiêu chí validation, authorization, secret, Swagger, migration và docs được kiểm tra theo phạm vi; N/A phải có lý do. 4) Kiểm tra thủ công hoàn thành; không dùng mock/in-memory để kết luận concurrency MySQL đạt.","","","57","High","","","CTP Sprint 5 - Finance, Review & Admin","MVP","flutter","frontend","booking","","FLUTTER_HOUSEHOLD","1) Xác minh và lưu bằng chứng: Hộ xem/thêm/sửa/ngừng kinh doanh dịch vụ, giá và đơn vị suất/người/nhóm. 2) Xác minh và lưu bằng chứng: Chọn danh mục từ API; không nhập capacity slot tại form dịch vụ. 3) Xác minh và lưu bằng chứng: Upload ảnh qua backend, xử lý lỗi và hiển thị quyền theo trạng thái duyệt. 4) Xác minh và lưu bằng chứng: Không đưa Cloudinary secret vào app; thử thao tác thật trên Android.","CTP-167","1) Kịch bản, fixture và bằng chứng kiểm thử hoàn thành; môi trường/phiên bản và lệnh tái hiện được ghi rõ. 2) Các case trong phạm vi pass; lỗi phát hiện có issue/liên kết và retest; build liên quan không lỗi. 3) Các tiêu chí validation, authorization, secret, Swagger, migration và docs được kiểm tra theo phạm vi; N/A phải có lý do. 4) Kiểm tra thủ công hoàn thành; không dùng mock/in-memory để kết luận concurrency MySQL đạt.","","BACKLOG","MVP-1.0","","","","","","","","","","","","","","","","","","","",""
"Community Tourism Platform","CTP","169","CTP-169","Sub-task","Hoàn thiện màn hình auth và thông tin đăng ký","Planned Issue Key: CTP-169. Đóng góp cho CTP-58 — Flutter khách: đăng nhập, đăng ký và phiên người dùng. Thực hiện phần công việc cụ thể trong summary; không mở rộng ngoài acceptance criteria của Story. Không ước lượng Story Points riêng; công sức đã nằm trong Story cha. Scope: MVP. Planned sprint: CTP Sprint 6 - Flutter Customer. Dependencies (planned keys): CTP-34, CTP-35, CTP-26. Acceptance Criteria: 1) Login/register CUSTOMER và đăng ký HOUSEHOLD dùng API thật, hiển thị lỗi rõ. 2) Splash xác định phiên/role và đưa đúng giao diện; hộ chờ duyệt vẫn đăng nhập được. 3) Token lưu an toàn, logout xóa token; user bị block mất quyền khi API trả 403. 4) Không tự cấp quyền ADMIN từ UI hoặc body đăng ký. 5) Phần triển khai của ""Hoàn thiện màn hình auth và thông tin đăng ký"" sẵn sàng để kiểm chứng trong Sub-task tiếp theo. Definition of Done (DEV): 1) Phạm vi triển khai hoàn thành; build/static checks liên quan không lỗi. 2) Test phù hợp và kiểm tra thủ công có bằng chứng; validation, authorization/ownership được kiểm tra nếu áp dụng. 3) Không hardcode secret; Swagger cập nhật nếu đổi API; migration cập nhật nếu đổi DB; README/docs cập nhật nếu cần. 4) Self-review diff/checklist đã làm; acceptance criteria đạt; không còn lỗi Highest/High liên quan chưa xử lý.","","","58","High","","","CTP Sprint 6 - Flutter Customer","MVP","flutter","frontend","booking","","FLUTTER_CUSTOMER","1) Login/register CUSTOMER và đăng ký HOUSEHOLD dùng API thật, hiển thị lỗi rõ. 2) Splash xác định phiên/role và đưa đúng giao diện; hộ chờ duyệt vẫn đăng nhập được. 3) Token lưu an toàn, logout xóa token; user bị block mất quyền khi API trả 403. 4) Không tự cấp quyền ADMIN từ UI hoặc body đăng ký. 5) Phần triển khai của ""Hoàn thiện màn hình auth và thông tin đăng ký"" sẵn sàng để kiểm chứng trong Sub-task tiếp theo.","CTP-34; CTP-35; CTP-26","1) Phạm vi triển khai hoàn thành; build/static checks liên quan không lỗi. 2) Test phù hợp và kiểm tra thủ công có bằng chứng; validation, authorization/ownership được kiểm tra nếu áp dụng. 3) Không hardcode secret; Swagger cập nhật nếu đổi API; migration cập nhật nếu đổi DB; README/docs cập nhật nếu cần. 4) Self-review diff/checklist đã làm; acceptance criteria đạt; không còn lỗi Highest/High liên quan chưa xử lý.","","BACKLOG","MVP-1.0","170","","","","","","","","","","","","","","","","","","",""
"Community Tourism Platform","CTP","170","CTP-170","Sub-task","Kiểm thử điều hướng theo role và mất phiên","Planned Issue Key: CTP-170. Đóng góp cho CTP-58 — Flutter khách: đăng nhập, đăng ký và phiên người dùng. Kiểm chứng/tích hợp hoặc hoàn thiện phần còn lại nêu trong summary; ghi kết quả và cập nhật tài liệu liên quan. Không ước lượng Story Points riêng; công sức đã nằm trong Story cha. Scope: MVP. Planned sprint: CTP Sprint 6 - Flutter Customer. Dependencies (planned keys): CTP-169. Acceptance Criteria: 1) Xác minh và lưu bằng chứng: Login/register CUSTOMER và đăng ký HOUSEHOLD dùng API thật, hiển thị lỗi rõ. 2) Xác minh và lưu bằng chứng: Splash xác định phiên/role và đưa đúng giao diện; hộ chờ duyệt vẫn đăng nhập được. 3) Xác minh và lưu bằng chứng: Token lưu an toàn, logout xóa token; user bị block mất quyền khi API trả 403. 4) Xác minh và lưu bằng chứng: Không tự cấp quyền ADMIN từ UI hoặc body đăng ký. Definition of Done (QA): 1) Kịch bản, fixture và bằng chứng kiểm thử hoàn thành; môi trường/phiên bản và lệnh tái hiện được ghi rõ. 2) Các case trong phạm vi pass; lỗi phát hiện có issue/liên kết và retest; build liên quan không lỗi. 3) Các tiêu chí validation, authorization, secret, Swagger, migration và docs được kiểm tra theo phạm vi; N/A phải có lý do. 4) Kiểm tra thủ công hoàn thành; không dùng mock/in-memory để kết luận concurrency MySQL đạt.","","","58","High","","","CTP Sprint 6 - Flutter Customer","MVP","flutter","frontend","booking","","FLUTTER_CUSTOMER","1) Xác minh và lưu bằng chứng: Login/register CUSTOMER và đăng ký HOUSEHOLD dùng API thật, hiển thị lỗi rõ. 2) Xác minh và lưu bằng chứng: Splash xác định phiên/role và đưa đúng giao diện; hộ chờ duyệt vẫn đăng nhập được. 3) Xác minh và lưu bằng chứng: Token lưu an toàn, logout xóa token; user bị block mất quyền khi API trả 403. 4) Xác minh và lưu bằng chứng: Không tự cấp quyền ADMIN từ UI hoặc body đăng ký.","CTP-169","1) Kịch bản, fixture và bằng chứng kiểm thử hoàn thành; môi trường/phiên bản và lệnh tái hiện được ghi rõ. 2) Các case trong phạm vi pass; lỗi phát hiện có issue/liên kết và retest; build liên quan không lỗi. 3) Các tiêu chí validation, authorization, secret, Swagger, migration và docs được kiểm tra theo phạm vi; N/A phải có lý do. 4) Kiểm tra thủ công hoàn thành; không dùng mock/in-memory để kết luận concurrency MySQL đạt.","","BACKLOG","MVP-1.0","","","","","","","","","","","","","","","","","","","",""
"Community Tourism Platform","CTP","171","CTP-171","Sub-task","Tạo Home/Discovery và bộ lọc cơ bản","Planned Issue Key: CTP-171. Đóng góp cho CTP-59 — Flutter khách: trang chủ, khám phá và tìm kiếm. Thực hiện phần công việc cụ thể trong summary; không mở rộng ngoài acceptance criteria của Story. Không ước lượng Story Points riêng; công sức đã nằm trong Story cha. Scope: MVP. Planned sprint: CTP Sprint 6 - Flutter Customer. Dependencies (planned keys): CTP-58, CTP-31. Acceptance Criteria: 1) Home/discovery hiển thị danh sách hộ/phòng/dịch vụ từ API, search và filter cơ bản. 2) Pagination, loading, empty và error có thể phục hồi; dữ liệu nháp/không được duyệt không hiển thị. 3) MVP dùng layout danh sách/cards đơn giản; banner/carousel nâng cao nằm Post-MVP. 4) UI tiếng Việt, chữ dễ đọc và hoạt động trên kích thước Android demo. 5) Phần triển khai của ""Tạo Home/Discovery và bộ lọc cơ bản"" sẵn sàng để kiểm chứng trong Sub-task tiếp theo. Definition of Done (DEV): 1) Phạm vi triển khai hoàn thành; build/static checks liên quan không lỗi. 2) Test phù hợp và kiểm tra thủ công có bằng chứng; validation, authorization/ownership được kiểm tra nếu áp dụng. 3) Không hardcode secret; Swagger cập nhật nếu đổi API; migration cập nhật nếu đổi DB; README/docs cập nhật nếu cần. 4) Self-review diff/checklist đã làm; acceptance criteria đạt; không còn lỗi Highest/High liên quan chưa xử lý.","","","59","High","","","CTP Sprint 6 - Flutter Customer","MVP","flutter","frontend","booking","","FLUTTER_CUSTOMER","1) Home/discovery hiển thị danh sách hộ/phòng/dịch vụ từ API, search và filter cơ bản. 2) Pagination, loading, empty và error có thể phục hồi; dữ liệu nháp/không được duyệt không hiển thị. 3) MVP dùng layout danh sách/cards đơn giản; banner/carousel nâng cao nằm Post-MVP. 4) UI tiếng Việt, chữ dễ đọc và hoạt động trên kích thước Android demo. 5) Phần triển khai của ""Tạo Home/Discovery và bộ lọc cơ bản"" sẵn sàng để kiểm chứng trong Sub-task tiếp theo.","CTP-58; CTP-31","1) Phạm vi triển khai hoàn thành; build/static checks liên quan không lỗi. 2) Test phù hợp và kiểm tra thủ công có bằng chứng; validation, authorization/ownership được kiểm tra nếu áp dụng. 3) Không hardcode secret; Swagger cập nhật nếu đổi API; migration cập nhật nếu đổi DB; README/docs cập nhật nếu cần. 4) Self-review diff/checklist đã làm; acceptance criteria đạt; không còn lỗi Highest/High liên quan chưa xử lý.","","BACKLOG","MVP-1.0","172","","","","","","","","","","","","","","","","","","",""
"Community Tourism Platform","CTP","172","CTP-172","Sub-task","Tích hợp pagination và kiểm thử trạng thái giao diện","Planned Issue Key: CTP-172. Đóng góp cho CTP-59 — Flutter khách: trang chủ, khám phá và tìm kiếm. Kiểm chứng/tích hợp hoặc hoàn thiện phần còn lại nêu trong summary; ghi kết quả và cập nhật tài liệu liên quan. Không ước lượng Story Points riêng; công sức đã nằm trong Story cha. Scope: MVP. Planned sprint: CTP Sprint 6 - Flutter Customer. Dependencies (planned keys): CTP-171. Acceptance Criteria: 1) Xác minh và lưu bằng chứng: Home/discovery hiển thị danh sách hộ/phòng/dịch vụ từ API, search và filter cơ bản. 2) Xác minh và lưu bằng chứng: Pagination, loading, empty và error có thể phục hồi; dữ liệu nháp/không được duyệt không hiển thị. 3) Xác minh và lưu bằng chứng: MVP dùng layout danh sách/cards đơn giản; banner/carousel nâng cao nằm Post-MVP. 4) Xác minh và lưu bằng chứng: UI tiếng Việt, chữ dễ đọc và hoạt động trên kích thước Android demo. Definition of Done (QA): 1) Kịch bản, fixture và bằng chứng kiểm thử hoàn thành; môi trường/phiên bản và lệnh tái hiện được ghi rõ. 2) Các case trong phạm vi pass; lỗi phát hiện có issue/liên kết và retest; build liên quan không lỗi. 3) Các tiêu chí validation, authorization, secret, Swagger, migration và docs được kiểm tra theo phạm vi; N/A phải có lý do. 4) Kiểm tra thủ công hoàn thành; không dùng mock/in-memory để kết luận concurrency MySQL đạt.","","","59","High","","","CTP Sprint 6 - Flutter Customer","MVP","flutter","frontend","booking","","FLUTTER_CUSTOMER","1) Xác minh và lưu bằng chứng: Home/discovery hiển thị danh sách hộ/phòng/dịch vụ từ API, search và filter cơ bản. 2) Xác minh và lưu bằng chứng: Pagination, loading, empty và error có thể phục hồi; dữ liệu nháp/không được duyệt không hiển thị. 3) Xác minh và lưu bằng chứng: MVP dùng layout danh sách/cards đơn giản; banner/carousel nâng cao nằm Post-MVP. 4) Xác minh và lưu bằng chứng: UI tiếng Việt, chữ dễ đọc và hoạt động trên kích thước Android demo.","CTP-171","1) Kịch bản, fixture và bằng chứng kiểm thử hoàn thành; môi trường/phiên bản và lệnh tái hiện được ghi rõ. 2) Các case trong phạm vi pass; lỗi phát hiện có issue/liên kết và retest; build liên quan không lỗi. 3) Các tiêu chí validation, authorization, secret, Swagger, migration và docs được kiểm tra theo phạm vi; N/A phải có lý do. 4) Kiểm tra thủ công hoàn thành; không dùng mock/in-memory để kết luận concurrency MySQL đạt.","","BACKLOG","MVP-1.0","","","","","","","","","","","","","","","","","","","",""
"Community Tourism Platform","CTP","173","CTP-173","Sub-task","Tạo các màn hình chi tiết và gallery cơ bản","Planned Issue Key: CTP-173. Đóng góp cho CTP-60 — Flutter khách: chi tiết hộ, phòng, dịch vụ và chỉ đường. Thực hiện phần công việc cụ thể trong summary; không mở rộng ngoài acceptance criteria của Story. Không ước lượng Story Points riêng; công sức đã nằm trong Story cha. Scope: MVP. Planned sprint: CTP Sprint 6 - Flutter Customer. Dependencies (planned keys): CTP-59, CTP-54. Acceptance Criteria: 1) Chi tiết hiển thị ảnh, mô tả, giá/đơn vị, room capacity, rating và thông tin hộ. 2) Xem các phòng/dịch vụ thuộc hộ và điều hướng đến lựa chọn đặt. 3) Nút chỉ đường mở Maps URL theo tọa độ hoặc địa chỉ; không nhúng map hoặc cần API secret. 4) Không crash khi thiếu ảnh, tọa độ hoặc chưa có review. 5) Phần triển khai của ""Tạo các màn hình chi tiết và gallery cơ bản"" sẵn sàng để kiểm chứng trong Sub-task tiếp theo. Definition of Done (DEV): 1) Phạm vi triển khai hoàn thành; build/static checks liên quan không lỗi. 2) Test phù hợp và kiểm tra thủ công có bằng chứng; validation, authorization/ownership được kiểm tra nếu áp dụng. 3) Không hardcode secret; Swagger cập nhật nếu đổi API; migration cập nhật nếu đổi DB; README/docs cập nhật nếu cần. 4) Self-review diff/checklist đã làm; acceptance criteria đạt; không còn lỗi Highest/High liên quan chưa xử lý.","","","60","High","","","CTP Sprint 6 - Flutter Customer","MVP","flutter","frontend","booking","","FLUTTER_CUSTOMER","1) Chi tiết hiển thị ảnh, mô tả, giá/đơn vị, room capacity, rating và thông tin hộ. 2) Xem các phòng/dịch vụ thuộc hộ và điều hướng đến lựa chọn đặt. 3) Nút chỉ đường mở Maps URL theo tọa độ hoặc địa chỉ; không nhúng map hoặc cần API secret. 4) Không crash khi thiếu ảnh, tọa độ hoặc chưa có review. 5) Phần triển khai của ""Tạo các màn hình chi tiết và gallery cơ bản"" sẵn sàng để kiểm chứng trong Sub-task tiếp theo.","CTP-59; CTP-54","1) Phạm vi triển khai hoàn thành; build/static checks liên quan không lỗi. 2) Test phù hợp và kiểm tra thủ công có bằng chứng; validation, authorization/ownership được kiểm tra nếu áp dụng. 3) Không hardcode secret; Swagger cập nhật nếu đổi API; migration cập nhật nếu đổi DB; README/docs cập nhật nếu cần. 4) Self-review diff/checklist đã làm; acceptance criteria đạt; không còn lỗi Highest/High liên quan chưa xử lý.","","BACKLOG","MVP-1.0","174","","","","","","","","","","","","","","","","","","",""
"Community Tourism Platform","CTP","174","CTP-174","Sub-task","Tích hợp rating và kiểm thử mở Google Maps","Planned Issue Key: CTP-174. Đóng góp cho CTP-60 — Flutter khách: chi tiết hộ, phòng, dịch vụ và chỉ đường. Kiểm chứng/tích hợp hoặc hoàn thiện phần còn lại nêu trong summary; ghi kết quả và cập nhật tài liệu liên quan. Không ước lượng Story Points riêng; công sức đã nằm trong Story cha. Scope: MVP. Planned sprint: CTP Sprint 6 - Flutter Customer. Dependencies (planned keys): CTP-173. Acceptance Criteria: 1) Xác minh và lưu bằng chứng: Chi tiết hiển thị ảnh, mô tả, giá/đơn vị, room capacity, rating và thông tin hộ. 2) Xác minh và lưu bằng chứng: Xem các phòng/dịch vụ thuộc hộ và điều hướng đến lựa chọn đặt. 3) Xác minh và lưu bằng chứng: Nút chỉ đường mở Maps URL theo tọa độ hoặc địa chỉ; không nhúng map hoặc cần API secret. 4) Xác minh và lưu bằng chứng: Không crash khi thiếu ảnh, tọa độ hoặc chưa có review. Definition of Done (QA): 1) Kịch bản, fixture và bằng chứng kiểm thử hoàn thành; môi trường/phiên bản và lệnh tái hiện được ghi rõ. 2) Các case trong phạm vi pass; lỗi phát hiện có issue/liên kết và retest; build liên quan không lỗi. 3) Các tiêu chí validation, authorization, secret, Swagger, migration và docs được kiểm tra theo phạm vi; N/A phải có lý do. 4) Kiểm tra thủ công hoàn thành; không dùng mock/in-memory để kết luận concurrency MySQL đạt.","","","60","High","","","CTP Sprint 6 - Flutter Customer","MVP","flutter","frontend","booking","","FLUTTER_CUSTOMER","1) Xác minh và lưu bằng chứng: Chi tiết hiển thị ảnh, mô tả, giá/đơn vị, room capacity, rating và thông tin hộ. 2) Xác minh và lưu bằng chứng: Xem các phòng/dịch vụ thuộc hộ và điều hướng đến lựa chọn đặt. 3) Xác minh và lưu bằng chứng: Nút chỉ đường mở Maps URL theo tọa độ hoặc địa chỉ; không nhúng map hoặc cần API secret. 4) Xác minh và lưu bằng chứng: Không crash khi thiếu ảnh, tọa độ hoặc chưa có review.","CTP-173","1) Kịch bản, fixture và bằng chứng kiểm thử hoàn thành; môi trường/phiên bản và lệnh tái hiện được ghi rõ. 2) Các case trong phạm vi pass; lỗi phát hiện có issue/liên kết và retest; build liên quan không lỗi. 3) Các tiêu chí validation, authorization, secret, Swagger, migration và docs được kiểm tra theo phạm vi; N/A phải có lý do. 4) Kiểm tra thủ công hoàn thành; không dùng mock/in-memory để kết luận concurrency MySQL đạt.","","BACKLOG","MVP-1.0","","","","","","","","","","","","","","","","","","","",""
"Community Tourism Platform","CTP","175","CTP-175","Sub-task","Tạo giỏ đặt phòng/dịch vụ và phân bổ số khách","Planned Issue Key: CTP-175. Đóng góp cho CTP-61 — Flutter khách: chọn nhiều phòng và nhiều dịch vụ. Thực hiện phần công việc cụ thể trong summary; không mở rộng ngoài acceptance criteria của Story. Không ước lượng Story Points riêng; công sức đã nằm trong Story cha. Scope: MVP. Planned sprint: CTP Sprint 6 - Flutter Customer. Dependencies (planned keys): CTP-60, CTP-39, CTP-41. Acceptance Criteria: 1) Chọn một kỳ lưu trú chung, nhiều phòng vật lý và phân số khách vào từng phòng. 2) Chọn slot/số lượng từng dịch vụ độc lập guestCount; hỗ trợ room-only, service-only và combined. 3) Hiển thị remaining capacity và tình trạng OPEN/CLOSED; số hiển thị không thay thế kiểm tra backend. 4) Validate ngày bắt đầu/kết thúc dịch vụ theo local date và hiển thị lỗi dễ hiểu. 5) Không có partial cancellation hoặc chọn ngày khác nhau cho từng phòng. 6) Phần triển khai của ""Tạo giỏ đặt phòng/dịch vụ và phân bổ số khách"" sẵn sàng để kiểm chứng trong Sub-task tiếp theo. Definition of Done (DEV): 1) Phạm vi triển khai hoàn thành; build/static checks liên quan không lỗi. 2) Test phù hợp và kiểm tra thủ công có bằng chứng; validation, authorization/ownership được kiểm tra nếu áp dụng. 3) Không hardcode secret; Swagger cập nhật nếu đổi API; migration cập nhật nếu đổi DB; README/docs cập nhật nếu cần. 4) Self-review diff/checklist đã làm; acceptance criteria đạt; không còn lỗi Highest/High liên quan chưa xử lý.","","","61","Highest","","","CTP Sprint 6 - Flutter Customer","MVP","flutter","frontend","booking","","FLUTTER_CUSTOMER","1) Chọn một kỳ lưu trú chung, nhiều phòng vật lý và phân số khách vào từng phòng. 2) Chọn slot/số lượng từng dịch vụ độc lập guestCount; hỗ trợ room-only, service-only và combined. 3) Hiển thị remaining capacity và tình trạng OPEN/CLOSED; số hiển thị không thay thế kiểm tra backend. 4) Validate ngày bắt đầu/kết thúc dịch vụ theo local date và hiển thị lỗi dễ hiểu. 5) Không có partial cancellation hoặc chọn ngày khác nhau cho từng phòng. 6) Phần triển khai của ""Tạo giỏ đặt phòng/dịch vụ và phân bổ số khách"" sẵn sàng để kiểm chứng trong Sub-task tiếp theo.","CTP-60; CTP-39; CTP-41","1) Phạm vi triển khai hoàn thành; build/static checks liên quan không lỗi. 2) Test phù hợp và kiểm tra thủ công có bằng chứng; validation, authorization/ownership được kiểm tra nếu áp dụng. 3) Không hardcode secret; Swagger cập nhật nếu đổi API; migration cập nhật nếu đổi DB; README/docs cập nhật nếu cần. 4) Self-review diff/checklist đã làm; acceptance criteria đạt; không còn lỗi Highest/High liên quan chưa xử lý.","","BACKLOG","MVP-1.0","176","","","","","","","","","","","","","","","","","","",""
"Community Tourism Platform","CTP","176","CTP-176","Sub-task","Tích hợp khả dụng và kiểm thử ba loại booking","Planned Issue Key: CTP-176. Đóng góp cho CTP-61 — Flutter khách: chọn nhiều phòng và nhiều dịch vụ. Kiểm chứng/tích hợp hoặc hoàn thiện phần còn lại nêu trong summary; ghi kết quả và cập nhật tài liệu liên quan. Không ước lượng Story Points riêng; công sức đã nằm trong Story cha. Scope: MVP. Planned sprint: CTP Sprint 6 - Flutter Customer. Dependencies (planned keys): CTP-175. Acceptance Criteria: 1) Xác minh và lưu bằng chứng: Chọn một kỳ lưu trú chung, nhiều phòng vật lý và phân số khách vào từng phòng. 2) Xác minh và lưu bằng chứng: Chọn slot/số lượng từng dịch vụ độc lập guestCount; hỗ trợ room-only, service-only và combined. 3) Xác minh và lưu bằng chứng: Hiển thị remaining capacity và tình trạng OPEN/CLOSED; số hiển thị không thay thế kiểm tra backend. 4) Xác minh và lưu bằng chứng: Validate ngày bắt đầu/kết thúc dịch vụ theo local date và hiển thị lỗi dễ hiểu. 5) Xác minh và lưu bằng chứng: Không có partial cancellation hoặc chọn ngày khác nhau cho từng phòng. Definition of Done (QA): 1) Kịch bản, fixture và bằng chứng kiểm thử hoàn thành; môi trường/phiên bản và lệnh tái hiện được ghi rõ. 2) Các case trong phạm vi pass; lỗi phát hiện có issue/liên kết và retest; build liên quan không lỗi. 3) Các tiêu chí validation, authorization, secret, Swagger, migration và docs được kiểm tra theo phạm vi; N/A phải có lý do. 4) Kiểm tra thủ công hoàn thành; không dùng mock/in-memory để kết luận concurrency MySQL đạt.","","","61","Highest","","","CTP Sprint 6 - Flutter Customer","MVP","flutter","frontend","booking","","FLUTTER_CUSTOMER","1) Xác minh và lưu bằng chứng: Chọn một kỳ lưu trú chung, nhiều phòng vật lý và phân số khách vào từng phòng. 2) Xác minh và lưu bằng chứng: Chọn slot/số lượng từng dịch vụ độc lập guestCount; hỗ trợ room-only, service-only và combined. 3) Xác minh và lưu bằng chứng: Hiển thị remaining capacity và tình trạng OPEN/CLOSED; số hiển thị không thay thế kiểm tra backend. 4) Xác minh và lưu bằng chứng: Validate ngày bắt đầu/kết thúc dịch vụ theo local date và hiển thị lỗi dễ hiểu. 5) Xác minh và lưu bằng chứng: Không có partial cancellation hoặc chọn ngày khác nhau cho từng phòng.","CTP-175","1) Kịch bản, fixture và bằng chứng kiểm thử hoàn thành; môi trường/phiên bản và lệnh tái hiện được ghi rõ. 2) Các case trong phạm vi pass; lỗi phát hiện có issue/liên kết và retest; build liên quan không lỗi. 3) Các tiêu chí validation, authorization, secret, Swagger, migration và docs được kiểm tra theo phạm vi; N/A phải có lý do. 4) Kiểm tra thủ công hoàn thành; không dùng mock/in-memory để kết luận concurrency MySQL đạt.","","BACKLOG","MVP-1.0","","","","","","","","","","","","","","","","","","","",""
"Community Tourism Platform","CTP","177","CTP-177","Sub-task","Tích hợp màn hình xác nhận và POST booking","Planned Issue Key: CTP-177. Đóng góp cho CTP-62 — Flutter khách: tạo đơn và xử lý xung đột đặt chỗ. Thực hiện phần công việc cụ thể trong summary; không mở rộng ngoài acceptance criteria của Story. Không ước lượng Story Points riêng; công sức đã nằm trong Story cha. Scope: MVP. Planned sprint: CTP Sprint 6 - Flutter Customer. Dependencies (planned keys): CTP-61, CTP-45, CTP-48. Acceptance Criteria: 1) Màn hình xác nhận gửi IDs/quantity/ngày, không tự quyết total hoặc booking_code. 2) Thành công hiển thị mã đơn, snapshot, tổng tiền backend và expiresAt. 3) 409 hết chỗ/thiếu thời gian xử lý và 400 sai ngày được xử lý, cho khách cập nhật lựa chọn. 4) Chặn gửi lặp khi request đang chạy; không hiển thị tạo thành công nếu server thất bại. 5) Phần triển khai của ""Tích hợp màn hình xác nhận và POST booking"" sẵn sàng để kiểm chứng trong Sub-task tiếp theo. Definition of Done (DEV): 1) Phạm vi triển khai hoàn thành; build/static checks liên quan không lỗi. 2) Test phù hợp và kiểm tra thủ công có bằng chứng; validation, authorization/ownership được kiểm tra nếu áp dụng. 3) Không hardcode secret; Swagger cập nhật nếu đổi API; migration cập nhật nếu đổi DB; README/docs cập nhật nếu cần. 4) Self-review diff/checklist đã làm; acceptance criteria đạt; không còn lỗi Highest/High liên quan chưa xử lý.","","","62","Highest","","","CTP Sprint 6 - Flutter Customer","MVP","flutter","frontend","booking","","FLUTTER_CUSTOMER","1) Màn hình xác nhận gửi IDs/quantity/ngày, không tự quyết total hoặc booking_code. 2) Thành công hiển thị mã đơn, snapshot, tổng tiền backend và expiresAt. 3) 409 hết chỗ/thiếu thời gian xử lý và 400 sai ngày được xử lý, cho khách cập nhật lựa chọn. 4) Chặn gửi lặp khi request đang chạy; không hiển thị tạo thành công nếu server thất bại. 5) Phần triển khai của ""Tích hợp màn hình xác nhận và POST booking"" sẵn sàng để kiểm chứng trong Sub-task tiếp theo.","CTP-61; CTP-45; CTP-48","1) Phạm vi triển khai hoàn thành; build/static checks liên quan không lỗi. 2) Test phù hợp và kiểm tra thủ công có bằng chứng; validation, authorization/ownership được kiểm tra nếu áp dụng. 3) Không hardcode secret; Swagger cập nhật nếu đổi API; migration cập nhật nếu đổi DB; README/docs cập nhật nếu cần. 4) Self-review diff/checklist đã làm; acceptance criteria đạt; không còn lỗi Highest/High liên quan chưa xử lý.","","BACKLOG","MVP-1.0","178","","","","","","","","","","","","","","","","","","",""
"Community Tourism Platform","CTP","178","CTP-178","Sub-task","Kiểm thử conflict, timeout và kết quả từ backend","Planned Issue Key: CTP-178. Đóng góp cho CTP-62 — Flutter khách: tạo đơn và xử lý xung đột đặt chỗ. Kiểm chứng/tích hợp hoặc hoàn thiện phần còn lại nêu trong summary; ghi kết quả và cập nhật tài liệu liên quan. Không ước lượng Story Points riêng; công sức đã nằm trong Story cha. Scope: MVP. Planned sprint: CTP Sprint 6 - Flutter Customer. Dependencies (planned keys): CTP-177. Acceptance Criteria: 1) Xác minh và lưu bằng chứng: Màn hình xác nhận gửi IDs/quantity/ngày, không tự quyết total hoặc booking_code. 2) Xác minh và lưu bằng chứng: Thành công hiển thị mã đơn, snapshot, tổng tiền backend và expiresAt. 3) Xác minh và lưu bằng chứng: 409 hết chỗ/thiếu thời gian xử lý và 400 sai ngày được xử lý, cho khách cập nhật lựa chọn. 4) Xác minh và lưu bằng chứng: Chặn gửi lặp khi request đang chạy; không hiển thị tạo thành công nếu server thất bại. Definition of Done (QA): 1) Kịch bản, fixture và bằng chứng kiểm thử hoàn thành; môi trường/phiên bản và lệnh tái hiện được ghi rõ. 2) Các case trong phạm vi pass; lỗi phát hiện có issue/liên kết và retest; build liên quan không lỗi. 3) Các tiêu chí validation, authorization, secret, Swagger, migration và docs được kiểm tra theo phạm vi; N/A phải có lý do. 4) Kiểm tra thủ công hoàn thành; không dùng mock/in-memory để kết luận concurrency MySQL đạt.","","","62","Highest","","","CTP Sprint 6 - Flutter Customer","MVP","flutter","frontend","booking","","FLUTTER_CUSTOMER","1) Xác minh và lưu bằng chứng: Màn hình xác nhận gửi IDs/quantity/ngày, không tự quyết total hoặc booking_code. 2) Xác minh và lưu bằng chứng: Thành công hiển thị mã đơn, snapshot, tổng tiền backend và expiresAt. 3) Xác minh và lưu bằng chứng: 409 hết chỗ/thiếu thời gian xử lý và 400 sai ngày được xử lý, cho khách cập nhật lựa chọn. 4) Xác minh và lưu bằng chứng: Chặn gửi lặp khi request đang chạy; không hiển thị tạo thành công nếu server thất bại.","CTP-177","1) Kịch bản, fixture và bằng chứng kiểm thử hoàn thành; môi trường/phiên bản và lệnh tái hiện được ghi rõ. 2) Các case trong phạm vi pass; lỗi phát hiện có issue/liên kết và retest; build liên quan không lỗi. 3) Các tiêu chí validation, authorization, secret, Swagger, migration và docs được kiểm tra theo phạm vi; N/A phải có lý do. 4) Kiểm tra thủ công hoàn thành; không dùng mock/in-memory để kết luận concurrency MySQL đạt.","","BACKLOG","MVP-1.0","","","","","","","","","","","","","","","","","","","",""
"Community Tourism Platform","CTP","179","CTP-179","Sub-task","Tạo màn hình lịch sử và chi tiết đơn","Planned Issue Key: CTP-179. Đóng góp cho CTP-63 — Flutter khách: lịch sử, chi tiết và hủy toàn booking. Thực hiện phần công việc cụ thể trong summary; không mở rộng ngoài acceptance criteria của Story. Không ước lượng Story Points riêng; công sức đã nằm trong Story cha. Scope: MVP. Planned sprint: CTP Sprint 6 - Flutter Customer. Dependencies (planned keys): CTP-62, CTP-46, CTP-47. Acceptance Criteria: 1) List/detail phản ánh tất cả trạng thái, các item, deadline và lịch sử. 2) Chỉ hiện hành động hủy khi phù hợp; backend vẫn quyết định quyền/trạng thái. 3) Hủy toàn đơn trước hạng mục đầu tiên; không hiện hủy từng item. 4) Hiển thị trạng thái thanh toán/hoàn tiền khi API có dữ liệu; refresh thấy EXPIRED khi cron chưa chạy. 5) Phần triển khai của ""Tạo màn hình lịch sử và chi tiết đơn"" sẵn sàng để kiểm chứng trong Sub-task tiếp theo. Definition of Done (DEV): 1) Phạm vi triển khai hoàn thành; build/static checks liên quan không lỗi. 2) Test phù hợp và kiểm tra thủ công có bằng chứng; validation, authorization/ownership được kiểm tra nếu áp dụng. 3) Không hardcode secret; Swagger cập nhật nếu đổi API; migration cập nhật nếu đổi DB; README/docs cập nhật nếu cần. 4) Self-review diff/checklist đã làm; acceptance criteria đạt; không còn lỗi Highest/High liên quan chưa xử lý.","","","63","High","","","CTP Sprint 6 - Flutter Customer","MVP","flutter","frontend","booking","","FLUTTER_CUSTOMER","1) List/detail phản ánh tất cả trạng thái, các item, deadline và lịch sử. 2) Chỉ hiện hành động hủy khi phù hợp; backend vẫn quyết định quyền/trạng thái. 3) Hủy toàn đơn trước hạng mục đầu tiên; không hiện hủy từng item. 4) Hiển thị trạng thái thanh toán/hoàn tiền khi API có dữ liệu; refresh thấy EXPIRED khi cron chưa chạy. 5) Phần triển khai của ""Tạo màn hình lịch sử và chi tiết đơn"" sẵn sàng để kiểm chứng trong Sub-task tiếp theo.","CTP-62; CTP-46; CTP-47","1) Phạm vi triển khai hoàn thành; build/static checks liên quan không lỗi. 2) Test phù hợp và kiểm tra thủ công có bằng chứng; validation, authorization/ownership được kiểm tra nếu áp dụng. 3) Không hardcode secret; Swagger cập nhật nếu đổi API; migration cập nhật nếu đổi DB; README/docs cập nhật nếu cần. 4) Self-review diff/checklist đã làm; acceptance criteria đạt; không còn lỗi Highest/High liên quan chưa xử lý.","","BACKLOG","MVP-1.0","180","","","","","","","","","","","","","","","","","","",""
"Community Tourism Platform","CTP","180","CTP-180","Sub-task","Tích hợp cancel/refresh và kiểm thử các trạng thái","Planned Issue Key: CTP-180. Đóng góp cho CTP-63 — Flutter khách: lịch sử, chi tiết và hủy toàn booking. Kiểm chứng/tích hợp hoặc hoàn thiện phần còn lại nêu trong summary; ghi kết quả và cập nhật tài liệu liên quan. Không ước lượng Story Points riêng; công sức đã nằm trong Story cha. Scope: MVP. Planned sprint: CTP Sprint 6 - Flutter Customer. Dependencies (planned keys): CTP-179. Acceptance Criteria: 1) Xác minh và lưu bằng chứng: List/detail phản ánh tất cả trạng thái, các item, deadline và lịch sử. 2) Xác minh và lưu bằng chứng: Chỉ hiện hành động hủy khi phù hợp; backend vẫn quyết định quyền/trạng thái. 3) Xác minh và lưu bằng chứng: Hủy toàn đơn trước hạng mục đầu tiên; không hiện hủy từng item. 4) Xác minh và lưu bằng chứng: Hiển thị trạng thái thanh toán/hoàn tiền khi API có dữ liệu; refresh thấy EXPIRED khi cron chưa chạy. Definition of Done (QA): 1) Kịch bản, fixture và bằng chứng kiểm thử hoàn thành; môi trường/phiên bản và lệnh tái hiện được ghi rõ. 2) Các case trong phạm vi pass; lỗi phát hiện có issue/liên kết và retest; build liên quan không lỗi. 3) Các tiêu chí validation, authorization, secret, Swagger, migration và docs được kiểm tra theo phạm vi; N/A phải có lý do. 4) Kiểm tra thủ công hoàn thành; không dùng mock/in-memory để kết luận concurrency MySQL đạt.","","","63","High","","","CTP Sprint 6 - Flutter Customer","MVP","flutter","frontend","booking","","FLUTTER_CUSTOMER","1) Xác minh và lưu bằng chứng: List/detail phản ánh tất cả trạng thái, các item, deadline và lịch sử. 2) Xác minh và lưu bằng chứng: Chỉ hiện hành động hủy khi phù hợp; backend vẫn quyết định quyền/trạng thái. 3) Xác minh và lưu bằng chứng: Hủy toàn đơn trước hạng mục đầu tiên; không hiện hủy từng item. 4) Xác minh và lưu bằng chứng: Hiển thị trạng thái thanh toán/hoàn tiền khi API có dữ liệu; refresh thấy EXPIRED khi cron chưa chạy.","CTP-179","1) Kịch bản, fixture và bằng chứng kiểm thử hoàn thành; môi trường/phiên bản và lệnh tái hiện được ghi rõ. 2) Các case trong phạm vi pass; lỗi phát hiện có issue/liên kết và retest; build liên quan không lỗi. 3) Các tiêu chí validation, authorization, secret, Swagger, migration và docs được kiểm tra theo phạm vi; N/A phải có lý do. 4) Kiểm tra thủ công hoàn thành; không dùng mock/in-memory để kết luận concurrency MySQL đạt.","","BACKLOG","MVP-1.0","","","","","","","","","","","","","","","","","","","",""
"Community Tourism Platform","CTP","181","CTP-181","Sub-task","Tạo form review và cập nhật hồ sơ","Planned Issue Key: CTP-181. Đóng góp cho CTP-64 — Flutter khách: review, hồ sơ và đổi mật khẩu. Thực hiện phần công việc cụ thể trong summary; không mở rộng ngoài acceptance criteria của Story. Không ước lượng Story Points riêng; công sức đã nằm trong Story cha. Scope: MVP. Planned sprint: CTP Sprint 6 - Flutter Customer. Dependencies (planned keys): CTP-63, CTP-54, CTP-35. Acceptance Criteria: 1) Đơn COMPLETED chưa review cho gửi một đánh giá tổng thể 1–5 sao và comment. 2) Hồ sơ và đổi mật khẩu gọi API, hiển thị validation và trạng thái phiên đúng. 3) Không hiển thị review từng phòng/dịch vụ; lỗi review lặp/khác chủ được xử lý. 4) Chỉ ghi nhận thành công sau response backend. 5) Phần triển khai của ""Tạo form review và cập nhật hồ sơ"" sẵn sàng để kiểm chứng trong Sub-task tiếp theo. Definition of Done (DEV): 1) Phạm vi triển khai hoàn thành; build/static checks liên quan không lỗi. 2) Test phù hợp và kiểm tra thủ công có bằng chứng; validation, authorization/ownership được kiểm tra nếu áp dụng. 3) Không hardcode secret; Swagger cập nhật nếu đổi API; migration cập nhật nếu đổi DB; README/docs cập nhật nếu cần. 4) Self-review diff/checklist đã làm; acceptance criteria đạt; không còn lỗi Highest/High liên quan chưa xử lý.","","","64","Medium","","","CTP Sprint 6 - Flutter Customer","MVP","flutter","frontend","booking","","FLUTTER_CUSTOMER","1) Đơn COMPLETED chưa review cho gửi một đánh giá tổng thể 1–5 sao và comment. 2) Hồ sơ và đổi mật khẩu gọi API, hiển thị validation và trạng thái phiên đúng. 3) Không hiển thị review từng phòng/dịch vụ; lỗi review lặp/khác chủ được xử lý. 4) Chỉ ghi nhận thành công sau response backend. 5) Phần triển khai của ""Tạo form review và cập nhật hồ sơ"" sẵn sàng để kiểm chứng trong Sub-task tiếp theo.","CTP-63; CTP-54; CTP-35","1) Phạm vi triển khai hoàn thành; build/static checks liên quan không lỗi. 2) Test phù hợp và kiểm tra thủ công có bằng chứng; validation, authorization/ownership được kiểm tra nếu áp dụng. 3) Không hardcode secret; Swagger cập nhật nếu đổi API; migration cập nhật nếu đổi DB; README/docs cập nhật nếu cần. 4) Self-review diff/checklist đã làm; acceptance criteria đạt; không còn lỗi Highest/High liên quan chưa xử lý.","","BACKLOG","MVP-1.0","182","","","","","","","","","","","","","","","","","","",""
"Community Tourism Platform","CTP","182","CTP-182","Sub-task","Kiểm thử quyền review và đổi mật khẩu","Planned Issue Key: CTP-182. Đóng góp cho CTP-64 — Flutter khách: review, hồ sơ và đổi mật khẩu. Kiểm chứng/tích hợp hoặc hoàn thiện phần còn lại nêu trong summary; ghi kết quả và cập nhật tài liệu liên quan. Không ước lượng Story Points riêng; công sức đã nằm trong Story cha. Scope: MVP. Planned sprint: CTP Sprint 6 - Flutter Customer. Dependencies (planned keys): CTP-181. Acceptance Criteria: 1) Xác minh và lưu bằng chứng: Đơn COMPLETED chưa review cho gửi một đánh giá tổng thể 1–5 sao và comment. 2) Xác minh và lưu bằng chứng: Hồ sơ và đổi mật khẩu gọi API, hiển thị validation và trạng thái phiên đúng. 3) Xác minh và lưu bằng chứng: Không hiển thị review từng phòng/dịch vụ; lỗi review lặp/khác chủ được xử lý. 4) Xác minh và lưu bằng chứng: Chỉ ghi nhận thành công sau response backend. Definition of Done (QA): 1) Kịch bản, fixture và bằng chứng kiểm thử hoàn thành; môi trường/phiên bản và lệnh tái hiện được ghi rõ. 2) Các case trong phạm vi pass; lỗi phát hiện có issue/liên kết và retest; build liên quan không lỗi. 3) Các tiêu chí validation, authorization, secret, Swagger, migration và docs được kiểm tra theo phạm vi; N/A phải có lý do. 4) Kiểm tra thủ công hoàn thành; không dùng mock/in-memory để kết luận concurrency MySQL đạt.","","","64","Medium","","","CTP Sprint 6 - Flutter Customer","MVP","flutter","frontend","booking","","FLUTTER_CUSTOMER","1) Xác minh và lưu bằng chứng: Đơn COMPLETED chưa review cho gửi một đánh giá tổng thể 1–5 sao và comment. 2) Xác minh và lưu bằng chứng: Hồ sơ và đổi mật khẩu gọi API, hiển thị validation và trạng thái phiên đúng. 3) Xác minh và lưu bằng chứng: Không hiển thị review từng phòng/dịch vụ; lỗi review lặp/khác chủ được xử lý. 4) Xác minh và lưu bằng chứng: Chỉ ghi nhận thành công sau response backend.","CTP-181","1) Kịch bản, fixture và bằng chứng kiểm thử hoàn thành; môi trường/phiên bản và lệnh tái hiện được ghi rõ. 2) Các case trong phạm vi pass; lỗi phát hiện có issue/liên kết và retest; build liên quan không lỗi. 3) Các tiêu chí validation, authorization, secret, Swagger, migration và docs được kiểm tra theo phạm vi; N/A phải có lý do. 4) Kiểm tra thủ công hoàn thành; không dùng mock/in-memory để kết luận concurrency MySQL đạt.","","BACKLOG","MVP-1.0","","","","","","","","","","","","","","","","","","","",""
"Community Tourism Platform","CTP","183","CTP-183","Sub-task","Chạy kịch bản khách trên APK debug/API thật","Planned Issue Key: CTP-183. Đóng góp cho CTP-65 — Kiểm thử luồng khách trên Android với API thật. Thực hiện phần công việc cụ thể trong summary; không mở rộng ngoài acceptance criteria của Story. Không ước lượng Story Points riêng; công sức đã nằm trong Story cha. Scope: MVP. Planned sprint: CTP Sprint 6 - Flutter Customer. Dependencies (planned keys): CTP-64, CTP-52. Acceptance Criteria: 1) Demo được đăng ký→khám phá→đặt ba kiểu đơn→xem/hủy và review fixture COMPLETED. 2) Kiểm tra 8 khách/2 phòng/4 suất làm bánh, slot CLOSED và xung đột capacity. 3) Kiểm tra tài khoản bị khóa, mất mạng, token hết hạn và không lộ secret. 4) Lưu checklist/bằng chứng và mở Bug cho lỗi thực tế; không dùng dữ liệu mock để kết luận tích hợp đạt. 5) Phần triển khai của ""Chạy kịch bản khách trên APK debug/API thật"" sẵn sàng để kiểm chứng trong Sub-task tiếp theo. Definition of Done (QA): 1) Kịch bản, fixture và bằng chứng kiểm thử hoàn thành; môi trường/phiên bản và lệnh tái hiện được ghi rõ. 2) Các case trong phạm vi pass; lỗi phát hiện có issue/liên kết và retest; build liên quan không lỗi. 3) Các tiêu chí validation, authorization, secret, Swagger, migration và docs được kiểm tra theo phạm vi; N/A phải có lý do. 4) Kiểm tra thủ công hoàn thành; không dùng mock/in-memory để kết luận concurrency MySQL đạt.","","","65","Highest","","","CTP Sprint 6 - Flutter Customer","MVP","testing","security","booking","","TESTING","1) Demo được đăng ký→khám phá→đặt ba kiểu đơn→xem/hủy và review fixture COMPLETED. 2) Kiểm tra 8 khách/2 phòng/4 suất làm bánh, slot CLOSED và xung đột capacity. 3) Kiểm tra tài khoản bị khóa, mất mạng, token hết hạn và không lộ secret. 4) Lưu checklist/bằng chứng và mở Bug cho lỗi thực tế; không dùng dữ liệu mock để kết luận tích hợp đạt. 5) Phần triển khai của ""Chạy kịch bản khách trên APK debug/API thật"" sẵn sàng để kiểm chứng trong Sub-task tiếp theo.","CTP-64; CTP-52","1) Kịch bản, fixture và bằng chứng kiểm thử hoàn thành; môi trường/phiên bản và lệnh tái hiện được ghi rõ. 2) Các case trong phạm vi pass; lỗi phát hiện có issue/liên kết và retest; build liên quan không lỗi. 3) Các tiêu chí validation, authorization, secret, Swagger, migration và docs được kiểm tra theo phạm vi; N/A phải có lý do. 4) Kiểm tra thủ công hoàn thành; không dùng mock/in-memory để kết luận concurrency MySQL đạt.","","BACKLOG","MVP-1.0","184","","","","","","","","","","","","","","","","","","",""
"Community Tourism Platform","CTP","184","CTP-184","Sub-task","Ghi lỗi, xác minh bản sửa và lưu bằng chứng","Planned Issue Key: CTP-184. Đóng góp cho CTP-65 — Kiểm thử luồng khách trên Android với API thật. Kiểm chứng/tích hợp hoặc hoàn thiện phần còn lại nêu trong summary; ghi kết quả và cập nhật tài liệu liên quan. Không ước lượng Story Points riêng; công sức đã nằm trong Story cha. Scope: MVP. Planned sprint: CTP Sprint 6 - Flutter Customer. Dependencies (planned keys): CTP-183. Acceptance Criteria: 1) Xác minh và lưu bằng chứng: Demo được đăng ký→khám phá→đặt ba kiểu đơn→xem/hủy và review fixture COMPLETED. 2) Xác minh và lưu bằng chứng: Kiểm tra 8 khách/2 phòng/4 suất làm bánh, slot CLOSED và xung đột capacity. 3) Xác minh và lưu bằng chứng: Kiểm tra tài khoản bị khóa, mất mạng, token hết hạn và không lộ secret. 4) Xác minh và lưu bằng chứng: Lưu checklist/bằng chứng và mở Bug cho lỗi thực tế; không dùng dữ liệu mock để kết luận tích hợp đạt. Definition of Done (QA): 1) Kịch bản, fixture và bằng chứng kiểm thử hoàn thành; môi trường/phiên bản và lệnh tái hiện được ghi rõ. 2) Các case trong phạm vi pass; lỗi phát hiện có issue/liên kết và retest; build liên quan không lỗi. 3) Các tiêu chí validation, authorization, secret, Swagger, migration và docs được kiểm tra theo phạm vi; N/A phải có lý do. 4) Kiểm tra thủ công hoàn thành; không dùng mock/in-memory để kết luận concurrency MySQL đạt.","","","65","Highest","","","CTP Sprint 6 - Flutter Customer","MVP","testing","security","booking","","TESTING","1) Xác minh và lưu bằng chứng: Demo được đăng ký→khám phá→đặt ba kiểu đơn→xem/hủy và review fixture COMPLETED. 2) Xác minh và lưu bằng chứng: Kiểm tra 8 khách/2 phòng/4 suất làm bánh, slot CLOSED và xung đột capacity. 3) Xác minh và lưu bằng chứng: Kiểm tra tài khoản bị khóa, mất mạng, token hết hạn và không lộ secret. 4) Xác minh và lưu bằng chứng: Lưu checklist/bằng chứng và mở Bug cho lỗi thực tế; không dùng dữ liệu mock để kết luận tích hợp đạt.","CTP-183","1) Kịch bản, fixture và bằng chứng kiểm thử hoàn thành; môi trường/phiên bản và lệnh tái hiện được ghi rõ. 2) Các case trong phạm vi pass; lỗi phát hiện có issue/liên kết và retest; build liên quan không lỗi. 3) Các tiêu chí validation, authorization, secret, Swagger, migration và docs được kiểm tra theo phạm vi; N/A phải có lý do. 4) Kiểm tra thủ công hoàn thành; không dùng mock/in-memory để kết luận concurrency MySQL đạt.","","BACKLOG","MVP-1.0","","","","","","","","","","","","","","","","","","","",""
"Community Tourism Platform","CTP","185","CTP-185","Sub-task","Tạo dashboard và profile/status hộ","Planned Issue Key: CTP-185. Đóng góp cho CTP-66 — Flutter hộ: dashboard, hồ sơ và trạng thái duyệt. Thực hiện phần công việc cụ thể trong summary; không mở rộng ngoài acceptance criteria của Story. Không ước lượng Story Points riêng; công sức đã nằm trong Story cha. Scope: MVP. Planned sprint: CTP Sprint 7 - Flutter Household & Integration. Dependencies (planned keys): CTP-58, CTP-27, CTP-53, CTP-42, CTP-57. Acceptance Criteria: 1) Dashboard có booking pending, tiền thu/chi cơ bản, khách thực tế và khách dự kiến tách riêng. 2) Hồ sơ có địa chỉ/tọa độ và trạng thái duyệt/lý do; hiển thị quyền mở bán theo backend. 3) Hộ mất duyệt vẫn xem và xử lý đơn cũ theo policy; user BLOCKED không được ngoại lệ. 4) Số liệu nhất quán với API/React Admin trong cùng kỳ. 5) Phần triển khai của ""Tạo dashboard và profile/status hộ"" sẵn sàng để kiểm chứng trong Sub-task tiếp theo. Definition of Done (DEV): 1) Phạm vi triển khai hoàn thành; build/static checks liên quan không lỗi. 2) Test phù hợp và kiểm tra thủ công có bằng chứng; validation, authorization/ownership được kiểm tra nếu áp dụng. 3) Không hardcode secret; Swagger cập nhật nếu đổi API; migration cập nhật nếu đổi DB; README/docs cập nhật nếu cần. 4) Self-review diff/checklist đã làm; acceptance criteria đạt; không còn lỗi Highest/High liên quan chưa xử lý.","","","66","High","","","CTP Sprint 7 - Flutter Household & Integration","MVP","flutter","frontend","booking","","FLUTTER_HOUSEHOLD","1) Dashboard có booking pending, tiền thu/chi cơ bản, khách thực tế và khách dự kiến tách riêng. 2) Hồ sơ có địa chỉ/tọa độ và trạng thái duyệt/lý do; hiển thị quyền mở bán theo backend. 3) Hộ mất duyệt vẫn xem và xử lý đơn cũ theo policy; user BLOCKED không được ngoại lệ. 4) Số liệu nhất quán với API/React Admin trong cùng kỳ. 5) Phần triển khai của ""Tạo dashboard và profile/status hộ"" sẵn sàng để kiểm chứng trong Sub-task tiếp theo.","CTP-58; CTP-27; CTP-53; CTP-42; CTP-57","1) Phạm vi triển khai hoàn thành; build/static checks liên quan không lỗi. 2) Test phù hợp và kiểm tra thủ công có bằng chứng; validation, authorization/ownership được kiểm tra nếu áp dụng. 3) Không hardcode secret; Swagger cập nhật nếu đổi API; migration cập nhật nếu đổi DB; README/docs cập nhật nếu cần. 4) Self-review diff/checklist đã làm; acceptance criteria đạt; không còn lỗi Highest/High liên quan chưa xử lý.","","BACKLOG","MVP-1.0","186","","","","","","","","","","","","","","","","","","",""
"Community Tourism Platform","CTP","186","CTP-186","Sub-task","Kiểm thử hộ chưa duyệt, mất duyệt và bị khóa","Planned Issue Key: CTP-186. Đóng góp cho CTP-66 — Flutter hộ: dashboard, hồ sơ và trạng thái duyệt. Kiểm chứng/tích hợp hoặc hoàn thiện phần còn lại nêu trong summary; ghi kết quả và cập nhật tài liệu liên quan. Không ước lượng Story Points riêng; công sức đã nằm trong Story cha. Scope: MVP. Planned sprint: CTP Sprint 7 - Flutter Household & Integration. Dependencies (planned keys): CTP-185. Acceptance Criteria: 1) Xác minh và lưu bằng chứng: Dashboard có booking pending, tiền thu/chi cơ bản, khách thực tế và khách dự kiến tách riêng. 2) Xác minh và lưu bằng chứng: Hồ sơ có địa chỉ/tọa độ và trạng thái duyệt/lý do; hiển thị quyền mở bán theo backend. 3) Xác minh và lưu bằng chứng: Hộ mất duyệt vẫn xem và xử lý đơn cũ theo policy; user BLOCKED không được ngoại lệ. 4) Xác minh và lưu bằng chứng: Số liệu nhất quán với API/React Admin trong cùng kỳ. Definition of Done (QA): 1) Kịch bản, fixture và bằng chứng kiểm thử hoàn thành; môi trường/phiên bản và lệnh tái hiện được ghi rõ. 2) Các case trong phạm vi pass; lỗi phát hiện có issue/liên kết và retest; build liên quan không lỗi. 3) Các tiêu chí validation, authorization, secret, Swagger, migration và docs được kiểm tra theo phạm vi; N/A phải có lý do. 4) Kiểm tra thủ công hoàn thành; không dùng mock/in-memory để kết luận concurrency MySQL đạt.","","","66","High","","","CTP Sprint 7 - Flutter Household & Integration","MVP","flutter","frontend","booking","","FLUTTER_HOUSEHOLD","1) Xác minh và lưu bằng chứng: Dashboard có booking pending, tiền thu/chi cơ bản, khách thực tế và khách dự kiến tách riêng. 2) Xác minh và lưu bằng chứng: Hồ sơ có địa chỉ/tọa độ và trạng thái duyệt/lý do; hiển thị quyền mở bán theo backend. 3) Xác minh và lưu bằng chứng: Hộ mất duyệt vẫn xem và xử lý đơn cũ theo policy; user BLOCKED không được ngoại lệ. 4) Xác minh và lưu bằng chứng: Số liệu nhất quán với API/React Admin trong cùng kỳ.","CTP-185","1) Kịch bản, fixture và bằng chứng kiểm thử hoàn thành; môi trường/phiên bản và lệnh tái hiện được ghi rõ. 2) Các case trong phạm vi pass; lỗi phát hiện có issue/liên kết và retest; build liên quan không lỗi. 3) Các tiêu chí validation, authorization, secret, Swagger, migration và docs được kiểm tra theo phạm vi; N/A phải có lý do. 4) Kiểm tra thủ công hoàn thành; không dùng mock/in-memory để kết luận concurrency MySQL đạt.","","BACKLOG","MVP-1.0","","","","","","","","","","","","","","","","","","","",""
"Community Tourism Platform","CTP","187","CTP-187","Sub-task","Tạo UI room blocks theo phòng/ngày","Planned Issue Key: CTP-187. Đóng góp cho CTP-67 — Flutter hộ: chặn lịch phòng nhận khách ngoài app. Thực hiện phần công việc cụ thể trong summary; không mở rộng ngoài acceptance criteria của Story. Không ước lượng Story Points riêng; công sức đã nằm trong Story cha. Scope: MVP. Planned sprint: CTP Sprint 7 - Flutter Household & Integration. Dependencies (planned keys): CTP-42, CTP-38, CTP-40. Acceptance Criteria: 1) Hộ chọn phòng, ngày bắt đầu/kết thúc và lý do để tạo/xóa block. 2) Hiển thị lịch/block dạng danh sách theo ngày đủ dùng; không bắt buộc calendar kéo thả. 3) 409 xung đột booking/block được hiển thị; ngày nối tiếp trả/nhận được chấp nhận. 4) Không có thao tác sửa booking của khách từ màn hình block. 5) Phần triển khai của ""Tạo UI room blocks theo phòng/ngày"" sẵn sàng để kiểm chứng trong Sub-task tiếp theo. Definition of Done (DEV): 1) Phạm vi triển khai hoàn thành; build/static checks liên quan không lỗi. 2) Test phù hợp và kiểm tra thủ công có bằng chứng; validation, authorization/ownership được kiểm tra nếu áp dụng. 3) Không hardcode secret; Swagger cập nhật nếu đổi API; migration cập nhật nếu đổi DB; README/docs cập nhật nếu cần. 4) Self-review diff/checklist đã làm; acceptance criteria đạt; không còn lỗi Highest/High liên quan chưa xử lý.","","","67","High","","","CTP Sprint 7 - Flutter Household & Integration","MVP","flutter","frontend","booking","","FLUTTER_HOUSEHOLD","1) Hộ chọn phòng, ngày bắt đầu/kết thúc và lý do để tạo/xóa block. 2) Hiển thị lịch/block dạng danh sách theo ngày đủ dùng; không bắt buộc calendar kéo thả. 3) 409 xung đột booking/block được hiển thị; ngày nối tiếp trả/nhận được chấp nhận. 4) Không có thao tác sửa booking của khách từ màn hình block. 5) Phần triển khai của ""Tạo UI room blocks theo phòng/ngày"" sẵn sàng để kiểm chứng trong Sub-task tiếp theo.","CTP-42; CTP-38; CTP-40","1) Phạm vi triển khai hoàn thành; build/static checks liên quan không lỗi. 2) Test phù hợp và kiểm tra thủ công có bằng chứng; validation, authorization/ownership được kiểm tra nếu áp dụng. 3) Không hardcode secret; Swagger cập nhật nếu đổi API; migration cập nhật nếu đổi DB; README/docs cập nhật nếu cần. 4) Self-review diff/checklist đã làm; acceptance criteria đạt; không còn lỗi Highest/High liên quan chưa xử lý.","","BACKLOG","MVP-1.0","188","","","","","","","","","","","","","","","","","","",""
"Community Tourism Platform","CTP","188","CTP-188","Sub-task","Kiểm thử overlap và lịch nối tiếp","Planned Issue Key: CTP-188. Đóng góp cho CTP-67 — Flutter hộ: chặn lịch phòng nhận khách ngoài app. Kiểm chứng/tích hợp hoặc hoàn thiện phần còn lại nêu trong summary; ghi kết quả và cập nhật tài liệu liên quan. Không ước lượng Story Points riêng; công sức đã nằm trong Story cha. Scope: MVP. Planned sprint: CTP Sprint 7 - Flutter Household & Integration. Dependencies (planned keys): CTP-187. Acceptance Criteria: 1) Xác minh và lưu bằng chứng: Hộ chọn phòng, ngày bắt đầu/kết thúc và lý do để tạo/xóa block. 2) Xác minh và lưu bằng chứng: Hiển thị lịch/block dạng danh sách theo ngày đủ dùng; không bắt buộc calendar kéo thả. 3) Xác minh và lưu bằng chứng: 409 xung đột booking/block được hiển thị; ngày nối tiếp trả/nhận được chấp nhận. 4) Xác minh và lưu bằng chứng: Không có thao tác sửa booking của khách từ màn hình block. Definition of Done (QA): 1) Kịch bản, fixture và bằng chứng kiểm thử hoàn thành; môi trường/phiên bản và lệnh tái hiện được ghi rõ. 2) Các case trong phạm vi pass; lỗi phát hiện có issue/liên kết và retest; build liên quan không lỗi. 3) Các tiêu chí validation, authorization, secret, Swagger, migration và docs được kiểm tra theo phạm vi; N/A phải có lý do. 4) Kiểm tra thủ công hoàn thành; không dùng mock/in-memory để kết luận concurrency MySQL đạt.","","","67","High","","","CTP Sprint 7 - Flutter Household & Integration","MVP","flutter","frontend","booking","","FLUTTER_HOUSEHOLD","1) Xác minh và lưu bằng chứng: Hộ chọn phòng, ngày bắt đầu/kết thúc và lý do để tạo/xóa block. 2) Xác minh và lưu bằng chứng: Hiển thị lịch/block dạng danh sách theo ngày đủ dùng; không bắt buộc calendar kéo thả. 3) Xác minh và lưu bằng chứng: 409 xung đột booking/block được hiển thị; ngày nối tiếp trả/nhận được chấp nhận. 4) Xác minh và lưu bằng chứng: Không có thao tác sửa booking của khách từ màn hình block.","CTP-187","1) Kịch bản, fixture và bằng chứng kiểm thử hoàn thành; môi trường/phiên bản và lệnh tái hiện được ghi rõ. 2) Các case trong phạm vi pass; lỗi phát hiện có issue/liên kết và retest; build liên quan không lỗi. 3) Các tiêu chí validation, authorization, secret, Swagger, migration và docs được kiểm tra theo phạm vi; N/A phải có lý do. 4) Kiểm tra thủ công hoàn thành; không dùng mock/in-memory để kết luận concurrency MySQL đạt.","","BACKLOG","MVP-1.0","","","","","","","","","","","","","","","","","","","",""
"Community Tourism Platform","CTP","189","CTP-189","Sub-task","Tạo slot form/list và OPEN/CLOSED","Planned Issue Key: CTP-189. Đóng góp cho CTP-68 — Flutter hộ: quản lý slot, capacity và OPEN/CLOSED. Thực hiện phần công việc cụ thể trong summary; không mở rộng ngoài acceptance criteria của Story. Không ước lượng Story Points riêng; công sức đã nằm trong Story cha. Scope: MVP. Planned sprint: CTP Sprint 7 - Flutter Household & Integration. Dependencies (planned keys): CTP-57, CTP-41, CTP-36. Acceptance Criteria: 1) Hộ tạo slot với ngày/giờ địa phương, backend nhận instant UTC đúng; mặc định CLOSED. 2) Đóng/mở và sửa capacity dùng API; slot trùng/giờ sai/capacity dưới mức giữ được báo lỗi. 3) Hiển thị suất còn lại từ API, không tự duy trì booked_quantity trên client. 4) Giải thích đóng slot dừng nhận mới, không hủy đơn cũ; hộ mất duyệt không mở slot. 5) Phần triển khai của ""Tạo slot form/list và OPEN/CLOSED"" sẵn sàng để kiểm chứng trong Sub-task tiếp theo. Definition of Done (DEV): 1) Phạm vi triển khai hoàn thành; build/static checks liên quan không lỗi. 2) Test phù hợp và kiểm tra thủ công có bằng chứng; validation, authorization/ownership được kiểm tra nếu áp dụng. 3) Không hardcode secret; Swagger cập nhật nếu đổi API; migration cập nhật nếu đổi DB; README/docs cập nhật nếu cần. 4) Self-review diff/checklist đã làm; acceptance criteria đạt; không còn lỗi Highest/High liên quan chưa xử lý.","","","68","Highest","","","CTP Sprint 7 - Flutter Household & Integration","MVP","flutter","frontend","booking","","FLUTTER_HOUSEHOLD","1) Hộ tạo slot với ngày/giờ địa phương, backend nhận instant UTC đúng; mặc định CLOSED. 2) Đóng/mở và sửa capacity dùng API; slot trùng/giờ sai/capacity dưới mức giữ được báo lỗi. 3) Hiển thị suất còn lại từ API, không tự duy trì booked_quantity trên client. 4) Giải thích đóng slot dừng nhận mới, không hủy đơn cũ; hộ mất duyệt không mở slot. 5) Phần triển khai của ""Tạo slot form/list và OPEN/CLOSED"" sẵn sàng để kiểm chứng trong Sub-task tiếp theo.","CTP-57; CTP-41; CTP-36","1) Phạm vi triển khai hoàn thành; build/static checks liên quan không lỗi. 2) Test phù hợp và kiểm tra thủ công có bằng chứng; validation, authorization/ownership được kiểm tra nếu áp dụng. 3) Không hardcode secret; Swagger cập nhật nếu đổi API; migration cập nhật nếu đổi DB; README/docs cập nhật nếu cần. 4) Self-review diff/checklist đã làm; acceptance criteria đạt; không còn lỗi Highest/High liên quan chưa xử lý.","","BACKLOG","MVP-1.0","190","","","","","","","","","","","","","","","","","","",""
"Community Tourism Platform","CTP","190","CTP-190","Sub-task","Kiểm thử timezone, capacity và slot trùng","Planned Issue Key: CTP-190. Đóng góp cho CTP-68 — Flutter hộ: quản lý slot, capacity và OPEN/CLOSED. Kiểm chứng/tích hợp hoặc hoàn thiện phần còn lại nêu trong summary; ghi kết quả và cập nhật tài liệu liên quan. Không ước lượng Story Points riêng; công sức đã nằm trong Story cha. Scope: MVP. Planned sprint: CTP Sprint 7 - Flutter Household & Integration. Dependencies (planned keys): CTP-189. Acceptance Criteria: 1) Xác minh và lưu bằng chứng: Hộ tạo slot với ngày/giờ địa phương, backend nhận instant UTC đúng; mặc định CLOSED. 2) Xác minh và lưu bằng chứng: Đóng/mở và sửa capacity dùng API; slot trùng/giờ sai/capacity dưới mức giữ được báo lỗi. 3) Xác minh và lưu bằng chứng: Hiển thị suất còn lại từ API, không tự duy trì booked_quantity trên client. 4) Xác minh và lưu bằng chứng: Giải thích đóng slot dừng nhận mới, không hủy đơn cũ; hộ mất duyệt không mở slot. Definition of Done (QA): 1) Kịch bản, fixture và bằng chứng kiểm thử hoàn thành; môi trường/phiên bản và lệnh tái hiện được ghi rõ. 2) Các case trong phạm vi pass; lỗi phát hiện có issue/liên kết và retest; build liên quan không lỗi. 3) Các tiêu chí validation, authorization, secret, Swagger, migration và docs được kiểm tra theo phạm vi; N/A phải có lý do. 4) Kiểm tra thủ công hoàn thành; không dùng mock/in-memory để kết luận concurrency MySQL đạt.","","","68","Highest","","","CTP Sprint 7 - Flutter Household & Integration","MVP","flutter","frontend","booking","","FLUTTER_HOUSEHOLD","1) Xác minh và lưu bằng chứng: Hộ tạo slot với ngày/giờ địa phương, backend nhận instant UTC đúng; mặc định CLOSED. 2) Xác minh và lưu bằng chứng: Đóng/mở và sửa capacity dùng API; slot trùng/giờ sai/capacity dưới mức giữ được báo lỗi. 3) Xác minh và lưu bằng chứng: Hiển thị suất còn lại từ API, không tự duy trì booked_quantity trên client. 4) Xác minh và lưu bằng chứng: Giải thích đóng slot dừng nhận mới, không hủy đơn cũ; hộ mất duyệt không mở slot.","CTP-189","1) Kịch bản, fixture và bằng chứng kiểm thử hoàn thành; môi trường/phiên bản và lệnh tái hiện được ghi rõ. 2) Các case trong phạm vi pass; lỗi phát hiện có issue/liên kết và retest; build liên quan không lỗi. 3) Các tiêu chí validation, authorization, secret, Swagger, migration và docs được kiểm tra theo phạm vi; N/A phải có lý do. 4) Kiểm tra thủ công hoàn thành; không dùng mock/in-memory để kết luận concurrency MySQL đạt.","","BACKLOG","MVP-1.0","","","","","","","","","","","","","","","","","","","",""
"Community Tourism Platform","CTP","191","CTP-191","Sub-task","Tạo màn hình booking và các action của hộ","Planned Issue Key: CTP-191. Đóng góp cho CTP-69 — Flutter hộ: xử lý booking đúng quyền và trạng thái. Thực hiện phần công việc cụ thể trong summary; không mở rộng ngoài acceptance criteria của Story. Không ước lượng Story Points riêng; công sức đã nằm trong Story cha. Scope: MVP. Planned sprint: CTP Sprint 7 - Flutter Household & Integration. Dependencies (planned keys): CTP-66, CTP-48, CTP-46, CTP-47. Acceptance Criteria: 1) List/detail có các phòng/dịch vụ, snapshot, deadline, tiền và lịch sử. 2) Confirm/reject/complete chỉ hiện khi phù hợp; backend enforce lại toàn bộ. 3) completed_at hiển thị và không thay đổi khi request lặp; không complete trước hạng mục cuối. 4) Hộ mất duyệt không confirm nhưng được reject/complete đơn cũ đúng policy; slot CLOSED không tự hủy đơn. 5) Phần triển khai của ""Tạo màn hình booking và các action của hộ"" sẵn sàng để kiểm chứng trong Sub-task tiếp theo. Definition of Done (DEV): 1) Phạm vi triển khai hoàn thành; build/static checks liên quan không lỗi. 2) Test phù hợp và kiểm tra thủ công có bằng chứng; validation, authorization/ownership được kiểm tra nếu áp dụng. 3) Không hardcode secret; Swagger cập nhật nếu đổi API; migration cập nhật nếu đổi DB; README/docs cập nhật nếu cần. 4) Self-review diff/checklist đã làm; acceptance criteria đạt; không còn lỗi Highest/High liên quan chưa xử lý.","","","69","Highest","","","CTP Sprint 7 - Flutter Household & Integration","MVP","flutter","frontend","booking","","FLUTTER_HOUSEHOLD","1) List/detail có các phòng/dịch vụ, snapshot, deadline, tiền và lịch sử. 2) Confirm/reject/complete chỉ hiện khi phù hợp; backend enforce lại toàn bộ. 3) completed_at hiển thị và không thay đổi khi request lặp; không complete trước hạng mục cuối. 4) Hộ mất duyệt không confirm nhưng được reject/complete đơn cũ đúng policy; slot CLOSED không tự hủy đơn. 5) Phần triển khai của ""Tạo màn hình booking và các action của hộ"" sẵn sàng để kiểm chứng trong Sub-task tiếp theo.","CTP-66; CTP-48; CTP-46; CTP-47","1) Phạm vi triển khai hoàn thành; build/static checks liên quan không lỗi. 2) Test phù hợp và kiểm tra thủ công có bằng chứng; validation, authorization/ownership được kiểm tra nếu áp dụng. 3) Không hardcode secret; Swagger cập nhật nếu đổi API; migration cập nhật nếu đổi DB; README/docs cập nhật nếu cần. 4) Self-review diff/checklist đã làm; acceptance criteria đạt; không còn lỗi Highest/High liên quan chưa xử lý.","","BACKLOG","MVP-1.0","192","","","","","","","","","","","","","","","","","","",""
"Community Tourism Platform","CTP","192","CTP-192","Sub-task","Kiểm thử ma trận trạng thái và policy đơn cũ","Planned Issue Key: CTP-192. Đóng góp cho CTP-69 — Flutter hộ: xử lý booking đúng quyền và trạng thái. Kiểm chứng/tích hợp hoặc hoàn thiện phần còn lại nêu trong summary; ghi kết quả và cập nhật tài liệu liên quan. Không ước lượng Story Points riêng; công sức đã nằm trong Story cha. Scope: MVP. Planned sprint: CTP Sprint 7 - Flutter Household & Integration. Dependencies (planned keys): CTP-191. Acceptance Criteria: 1) Xác minh và lưu bằng chứng: List/detail có các phòng/dịch vụ, snapshot, deadline, tiền và lịch sử. 2) Xác minh và lưu bằng chứng: Confirm/reject/complete chỉ hiện khi phù hợp; backend enforce lại toàn bộ. 3) Xác minh và lưu bằng chứng: completed_at hiển thị và không thay đổi khi request lặp; không complete trước hạng mục cuối. 4) Xác minh và lưu bằng chứng: Hộ mất duyệt không confirm nhưng được reject/complete đơn cũ đúng policy; slot CLOSED không tự hủy đơn. Definition of Done (QA): 1) Kịch bản, fixture và bằng chứng kiểm thử hoàn thành; môi trường/phiên bản và lệnh tái hiện được ghi rõ. 2) Các case trong phạm vi pass; lỗi phát hiện có issue/liên kết và retest; build liên quan không lỗi. 3) Các tiêu chí validation, authorization, secret, Swagger, migration và docs được kiểm tra theo phạm vi; N/A phải có lý do. 4) Kiểm tra thủ công hoàn thành; không dùng mock/in-memory để kết luận concurrency MySQL đạt.","","","69","Highest","","","CTP Sprint 7 - Flutter Household & Integration","MVP","flutter","frontend","booking","","FLUTTER_HOUSEHOLD","1) Xác minh và lưu bằng chứng: List/detail có các phòng/dịch vụ, snapshot, deadline, tiền và lịch sử. 2) Xác minh và lưu bằng chứng: Confirm/reject/complete chỉ hiện khi phù hợp; backend enforce lại toàn bộ. 3) Xác minh và lưu bằng chứng: completed_at hiển thị và không thay đổi khi request lặp; không complete trước hạng mục cuối. 4) Xác minh và lưu bằng chứng: Hộ mất duyệt không confirm nhưng được reject/complete đơn cũ đúng policy; slot CLOSED không tự hủy đơn.","CTP-191","1) Kịch bản, fixture và bằng chứng kiểm thử hoàn thành; môi trường/phiên bản và lệnh tái hiện được ghi rõ. 2) Các case trong phạm vi pass; lỗi phát hiện có issue/liên kết và retest; build liên quan không lỗi. 3) Các tiêu chí validation, authorization, secret, Swagger, migration và docs được kiểm tra theo phạm vi; N/A phải có lý do. 4) Kiểm tra thủ công hoàn thành; không dùng mock/in-memory để kết luận concurrency MySQL đạt.","","BACKLOG","MVP-1.0","","","","","","","","","","","","","","","","","","","",""
"Community Tourism Platform","CTP","193","CTP-193","Sub-task","Tạo form thu/hoàn và lịch sử tiền","Planned Issue Key: CTP-193. Đóng góp cho CTP-70 — Flutter hộ: ghi nhận thu/hoàn với idempotency. Thực hiện phần công việc cụ thể trong summary; không mở rộng ngoài acceptance criteria của Story. Không ước lượng Story Points riêng; công sức đã nằm trong Story cha. Scope: MVP. Planned sprint: CTP Sprint 7 - Flutter Household & Integration. Dependencies (planned keys): CTP-69, CTP-52. Acceptance Criteria: 1) Form ghi CASH/BANK_TRANSFER/QR, amount và note; không kết nối hoặc xác nhận giao dịch ngân hàng. 2) Mỗi thao tác sinh một Idempotency-Key; retry mạng giữ nguyên key. 3) Hiển thị receipt/refund ledger và payment_status; chặn vượt số tiền nhưng backend vẫn quyết định. 4) Không sửa/xóa entry; hộ mất duyệt còn ACTIVE vẫn xử lý đơn cũ đúng quyền. 5) Phần triển khai của ""Tạo form thu/hoàn và lịch sử tiền"" sẵn sàng để kiểm chứng trong Sub-task tiếp theo. Definition of Done (DEV): 1) Phạm vi triển khai hoàn thành; build/static checks liên quan không lỗi. 2) Test phù hợp và kiểm tra thủ công có bằng chứng; validation, authorization/ownership được kiểm tra nếu áp dụng. 3) Không hardcode secret; Swagger cập nhật nếu đổi API; migration cập nhật nếu đổi DB; README/docs cập nhật nếu cần. 4) Self-review diff/checklist đã làm; acceptance criteria đạt; không còn lỗi Highest/High liên quan chưa xử lý.","","","70","Highest","","","CTP Sprint 7 - Flutter Household & Integration","MVP","flutter","frontend","booking","","FLUTTER_HOUSEHOLD","1) Form ghi CASH/BANK_TRANSFER/QR, amount và note; không kết nối hoặc xác nhận giao dịch ngân hàng. 2) Mỗi thao tác sinh một Idempotency-Key; retry mạng giữ nguyên key. 3) Hiển thị receipt/refund ledger và payment_status; chặn vượt số tiền nhưng backend vẫn quyết định. 4) Không sửa/xóa entry; hộ mất duyệt còn ACTIVE vẫn xử lý đơn cũ đúng quyền. 5) Phần triển khai của ""Tạo form thu/hoàn và lịch sử tiền"" sẵn sàng để kiểm chứng trong Sub-task tiếp theo.","CTP-69; CTP-52","1) Phạm vi triển khai hoàn thành; build/static checks liên quan không lỗi. 2) Test phù hợp và kiểm tra thủ công có bằng chứng; validation, authorization/ownership được kiểm tra nếu áp dụng. 3) Không hardcode secret; Swagger cập nhật nếu đổi API; migration cập nhật nếu đổi DB; README/docs cập nhật nếu cần. 4) Self-review diff/checklist đã làm; acceptance criteria đạt; không còn lỗi Highest/High liên quan chưa xử lý.","","BACKLOG","MVP-1.0","194","","","","","","","","","","","","","","","","","","",""
"Community Tourism Platform","CTP","194","CTP-194","Sub-task","Kiểm thử double-tap, retry và giới hạn số tiền","Planned Issue Key: CTP-194. Đóng góp cho CTP-70 — Flutter hộ: ghi nhận thu/hoàn với idempotency. Kiểm chứng/tích hợp hoặc hoàn thiện phần còn lại nêu trong summary; ghi kết quả và cập nhật tài liệu liên quan. Không ước lượng Story Points riêng; công sức đã nằm trong Story cha. Scope: MVP. Planned sprint: CTP Sprint 7 - Flutter Household & Integration. Dependencies (planned keys): CTP-193. Acceptance Criteria: 1) Xác minh và lưu bằng chứng: Form ghi CASH/BANK_TRANSFER/QR, amount và note; không kết nối hoặc xác nhận giao dịch ngân hàng. 2) Xác minh và lưu bằng chứng: Mỗi thao tác sinh một Idempotency-Key; retry mạng giữ nguyên key. 3) Xác minh và lưu bằng chứng: Hiển thị receipt/refund ledger và payment_status; chặn vượt số tiền nhưng backend vẫn quyết định. 4) Xác minh và lưu bằng chứng: Không sửa/xóa entry; hộ mất duyệt còn ACTIVE vẫn xử lý đơn cũ đúng quyền. Definition of Done (QA): 1) Kịch bản, fixture và bằng chứng kiểm thử hoàn thành; môi trường/phiên bản và lệnh tái hiện được ghi rõ. 2) Các case trong phạm vi pass; lỗi phát hiện có issue/liên kết và retest; build liên quan không lỗi. 3) Các tiêu chí validation, authorization, secret, Swagger, migration và docs được kiểm tra theo phạm vi; N/A phải có lý do. 4) Kiểm tra thủ công hoàn thành; không dùng mock/in-memory để kết luận concurrency MySQL đạt.","","","70","Highest","","","CTP Sprint 7 - Flutter Household & Integration","MVP","flutter","frontend","booking","","FLUTTER_HOUSEHOLD","1) Xác minh và lưu bằng chứng: Form ghi CASH/BANK_TRANSFER/QR, amount và note; không kết nối hoặc xác nhận giao dịch ngân hàng. 2) Xác minh và lưu bằng chứng: Mỗi thao tác sinh một Idempotency-Key; retry mạng giữ nguyên key. 3) Xác minh và lưu bằng chứng: Hiển thị receipt/refund ledger và payment_status; chặn vượt số tiền nhưng backend vẫn quyết định. 4) Xác minh và lưu bằng chứng: Không sửa/xóa entry; hộ mất duyệt còn ACTIVE vẫn xử lý đơn cũ đúng quyền.","CTP-193","1) Kịch bản, fixture và bằng chứng kiểm thử hoàn thành; môi trường/phiên bản và lệnh tái hiện được ghi rõ. 2) Các case trong phạm vi pass; lỗi phát hiện có issue/liên kết và retest; build liên quan không lỗi. 3) Các tiêu chí validation, authorization, secret, Swagger, migration và docs được kiểm tra theo phạm vi; N/A phải có lý do. 4) Kiểm tra thủ công hoàn thành; không dùng mock/in-memory để kết luận concurrency MySQL đạt.","","BACKLOG","MVP-1.0","","","","","","","","","","","","","","","","","","","",""
"Community Tourism Platform","CTP","195","CTP-195","Sub-task","Tạo form/list chi phí và các chỉ số tài chính","Planned Issue Key: CTP-195. Đóng góp cho CTP-71 — Flutter hộ: chi phí và báo cáo tài chính cơ bản. Thực hiện phần công việc cụ thể trong summary; không mở rộng ngoài acceptance criteria của Story. Không ước lượng Story Points riêng; công sức đã nằm trong Story cha. Scope: MVP. Planned sprint: CTP Sprint 7 - Flutter Household & Integration. Dependencies (planned keys): CTP-66, CTP-53. Acceptance Criteria: 1) Hộ thêm/xem expense theo tháng; không có sửa/xóa trong MVP. 2) Phân biệt giá trị đơn hoàn thành, tiền thu, hoàn, netReceived, chi phí và chênh lệch. 3) Không gắn nhãn mọi booking là doanh thu thực tế; khách thực tế/dự kiến không gộp. 4) Số liệu từ API, không tính lại bằng cách cộng tất cả booking tại client. 5) Phần triển khai của ""Tạo form/list chi phí và các chỉ số tài chính"" sẵn sàng để kiểm chứng trong Sub-task tiếp theo. Definition of Done (DEV): 1) Phạm vi triển khai hoàn thành; build/static checks liên quan không lỗi. 2) Test phù hợp và kiểm tra thủ công có bằng chứng; validation, authorization/ownership được kiểm tra nếu áp dụng. 3) Không hardcode secret; Swagger cập nhật nếu đổi API; migration cập nhật nếu đổi DB; README/docs cập nhật nếu cần. 4) Self-review diff/checklist đã làm; acceptance criteria đạt; không còn lỗi Highest/High liên quan chưa xử lý.","","","71","High","","","CTP Sprint 7 - Flutter Household & Integration","MVP","flutter","frontend","booking","","FLUTTER_HOUSEHOLD","1) Hộ thêm/xem expense theo tháng; không có sửa/xóa trong MVP. 2) Phân biệt giá trị đơn hoàn thành, tiền thu, hoàn, netReceived, chi phí và chênh lệch. 3) Không gắn nhãn mọi booking là doanh thu thực tế; khách thực tế/dự kiến không gộp. 4) Số liệu từ API, không tính lại bằng cách cộng tất cả booking tại client. 5) Phần triển khai của ""Tạo form/list chi phí và các chỉ số tài chính"" sẵn sàng để kiểm chứng trong Sub-task tiếp theo.","CTP-66; CTP-53","1) Phạm vi triển khai hoàn thành; build/static checks liên quan không lỗi. 2) Test phù hợp và kiểm tra thủ công có bằng chứng; validation, authorization/ownership được kiểm tra nếu áp dụng. 3) Không hardcode secret; Swagger cập nhật nếu đổi API; migration cập nhật nếu đổi DB; README/docs cập nhật nếu cần. 4) Self-review diff/checklist đã làm; acceptance criteria đạt; không còn lỗi Highest/High liên quan chưa xử lý.","","BACKLOG","MVP-1.0","196","","","","","","","","","","","","","","","","","","",""
"Community Tourism Platform","CTP","196","CTP-196","Sub-task","Kiểm thử kỳ báo cáo và nhãn số liệu","Planned Issue Key: CTP-196. Đóng góp cho CTP-71 — Flutter hộ: chi phí và báo cáo tài chính cơ bản. Kiểm chứng/tích hợp hoặc hoàn thiện phần còn lại nêu trong summary; ghi kết quả và cập nhật tài liệu liên quan. Không ước lượng Story Points riêng; công sức đã nằm trong Story cha. Scope: MVP. Planned sprint: CTP Sprint 7 - Flutter Household & Integration. Dependencies (planned keys): CTP-195. Acceptance Criteria: 1) Xác minh và lưu bằng chứng: Hộ thêm/xem expense theo tháng; không có sửa/xóa trong MVP. 2) Xác minh và lưu bằng chứng: Phân biệt giá trị đơn hoàn thành, tiền thu, hoàn, netReceived, chi phí và chênh lệch. 3) Xác minh và lưu bằng chứng: Không gắn nhãn mọi booking là doanh thu thực tế; khách thực tế/dự kiến không gộp. 4) Xác minh và lưu bằng chứng: Số liệu từ API, không tính lại bằng cách cộng tất cả booking tại client. Definition of Done (QA): 1) Kịch bản, fixture và bằng chứng kiểm thử hoàn thành; môi trường/phiên bản và lệnh tái hiện được ghi rõ. 2) Các case trong phạm vi pass; lỗi phát hiện có issue/liên kết và retest; build liên quan không lỗi. 3) Các tiêu chí validation, authorization, secret, Swagger, migration và docs được kiểm tra theo phạm vi; N/A phải có lý do. 4) Kiểm tra thủ công hoàn thành; không dùng mock/in-memory để kết luận concurrency MySQL đạt.","","","71","High","","","CTP Sprint 7 - Flutter Household & Integration","MVP","flutter","frontend","booking","","FLUTTER_HOUSEHOLD","1) Xác minh và lưu bằng chứng: Hộ thêm/xem expense theo tháng; không có sửa/xóa trong MVP. 2) Xác minh và lưu bằng chứng: Phân biệt giá trị đơn hoàn thành, tiền thu, hoàn, netReceived, chi phí và chênh lệch. 3) Xác minh và lưu bằng chứng: Không gắn nhãn mọi booking là doanh thu thực tế; khách thực tế/dự kiến không gộp. 4) Xác minh và lưu bằng chứng: Số liệu từ API, không tính lại bằng cách cộng tất cả booking tại client.","CTP-195","1) Kịch bản, fixture và bằng chứng kiểm thử hoàn thành; môi trường/phiên bản và lệnh tái hiện được ghi rõ. 2) Các case trong phạm vi pass; lỗi phát hiện có issue/liên kết và retest; build liên quan không lỗi. 3) Các tiêu chí validation, authorization, secret, Swagger, migration và docs được kiểm tra theo phạm vi; N/A phải có lý do. 4) Kiểm tra thủ công hoàn thành; không dùng mock/in-memory để kết luận concurrency MySQL đạt.","","BACKLOG","MVP-1.0","","","","","","","","","","","","","","","","","","","",""
"Community Tourism Platform","CTP","197","CTP-197","Sub-task","Tạo màn hình CRUD và xuất bản cultural posts","Planned Issue Key: CTP-197. Đóng góp cho CTP-72 — React Admin quản lý bài viết văn hóa. Thực hiện phần công việc cụ thể trong summary; không mở rộng ngoài acceptance criteria của Story. Không ước lượng Story Points riêng; công sức đã nằm trong Story cha. Scope: MVP. Planned sprint: CTP Sprint 7 - Flutter Household & Integration. Dependencies (planned keys): CTP-55, CTP-56. Acceptance Criteria: 1) Admin tạo/sửa/xóa và chuyển DRAFT/PUBLISHED; nhập thumbnail và video URL. 2) Ảnh qua backend, content/URL validate; draft không xuất hiện ở public API. 3) Loading/error/form state và kiểm tra quyền hoạt động. 4) Chưa triển khai editor phức tạp hoặc nhúng video nâng cao. 5) Phần triển khai của ""Tạo màn hình CRUD và xuất bản cultural posts"" sẵn sàng để kiểm chứng trong Sub-task tiếp theo. Definition of Done (DEV): 1) Phạm vi triển khai hoàn thành; build/static checks liên quan không lỗi. 2) Test phù hợp và kiểm tra thủ công có bằng chứng; validation, authorization/ownership được kiểm tra nếu áp dụng. 3) Không hardcode secret; Swagger cập nhật nếu đổi API; migration cập nhật nếu đổi DB; README/docs cập nhật nếu cần. 4) Self-review diff/checklist đã làm; acceptance criteria đạt; không còn lỗi Highest/High liên quan chưa xử lý.","","","72","Medium","","","CTP Sprint 7 - Flutter Household & Integration","MVP","react","frontend","security","","ADMIN_WEB","1) Admin tạo/sửa/xóa và chuyển DRAFT/PUBLISHED; nhập thumbnail và video URL. 2) Ảnh qua backend, content/URL validate; draft không xuất hiện ở public API. 3) Loading/error/form state và kiểm tra quyền hoạt động. 4) Chưa triển khai editor phức tạp hoặc nhúng video nâng cao. 5) Phần triển khai của ""Tạo màn hình CRUD và xuất bản cultural posts"" sẵn sàng để kiểm chứng trong Sub-task tiếp theo.","CTP-55; CTP-56","1) Phạm vi triển khai hoàn thành; build/static checks liên quan không lỗi. 2) Test phù hợp và kiểm tra thủ công có bằng chứng; validation, authorization/ownership được kiểm tra nếu áp dụng. 3) Không hardcode secret; Swagger cập nhật nếu đổi API; migration cập nhật nếu đổi DB; README/docs cập nhật nếu cần. 4) Self-review diff/checklist đã làm; acceptance criteria đạt; không còn lỗi Highest/High liên quan chưa xử lý.","","BACKLOG","MVP-1.0","198","","","","","","","","","","","","","","","","","","",""
"Community Tourism Platform","CTP","198","CTP-198","Sub-task","Kiểm thử ảnh, URL và trạng thái công khai","Planned Issue Key: CTP-198. Đóng góp cho CTP-72 — React Admin quản lý bài viết văn hóa. Kiểm chứng/tích hợp hoặc hoàn thiện phần còn lại nêu trong summary; ghi kết quả và cập nhật tài liệu liên quan. Không ước lượng Story Points riêng; công sức đã nằm trong Story cha. Scope: MVP. Planned sprint: CTP Sprint 7 - Flutter Household & Integration. Dependencies (planned keys): CTP-197. Acceptance Criteria: 1) Xác minh và lưu bằng chứng: Admin tạo/sửa/xóa và chuyển DRAFT/PUBLISHED; nhập thumbnail và video URL. 2) Xác minh và lưu bằng chứng: Ảnh qua backend, content/URL validate; draft không xuất hiện ở public API. 3) Xác minh và lưu bằng chứng: Loading/error/form state và kiểm tra quyền hoạt động. 4) Xác minh và lưu bằng chứng: Chưa triển khai editor phức tạp hoặc nhúng video nâng cao. Definition of Done (QA): 1) Kịch bản, fixture và bằng chứng kiểm thử hoàn thành; môi trường/phiên bản và lệnh tái hiện được ghi rõ. 2) Các case trong phạm vi pass; lỗi phát hiện có issue/liên kết và retest; build liên quan không lỗi. 3) Các tiêu chí validation, authorization, secret, Swagger, migration và docs được kiểm tra theo phạm vi; N/A phải có lý do. 4) Kiểm tra thủ công hoàn thành; không dùng mock/in-memory để kết luận concurrency MySQL đạt.","","","72","Medium","","","CTP Sprint 7 - Flutter Household & Integration","MVP","react","frontend","security","","ADMIN_WEB","1) Xác minh và lưu bằng chứng: Admin tạo/sửa/xóa và chuyển DRAFT/PUBLISHED; nhập thumbnail và video URL. 2) Xác minh và lưu bằng chứng: Ảnh qua backend, content/URL validate; draft không xuất hiện ở public API. 3) Xác minh và lưu bằng chứng: Loading/error/form state và kiểm tra quyền hoạt động. 4) Xác minh và lưu bằng chứng: Chưa triển khai editor phức tạp hoặc nhúng video nâng cao.","CTP-197","1) Kịch bản, fixture và bằng chứng kiểm thử hoàn thành; môi trường/phiên bản và lệnh tái hiện được ghi rõ. 2) Các case trong phạm vi pass; lỗi phát hiện có issue/liên kết và retest; build liên quan không lỗi. 3) Các tiêu chí validation, authorization, secret, Swagger, migration và docs được kiểm tra theo phạm vi; N/A phải có lý do. 4) Kiểm tra thủ công hoàn thành; không dùng mock/in-memory để kết luận concurrency MySQL đạt.","","BACKLOG","MVP-1.0","","","","","","","","","","","","","","","","","","","",""
"Community Tourism Platform","CTP","199","CTP-199","Sub-task","Tạo danh sách và chi tiết cultural posts","Planned Issue Key: CTP-199. Đóng góp cho CTP-73 — Flutter khách đọc nội dung văn hóa đã xuất bản. Thực hiện phần công việc cụ thể trong summary; không mở rộng ngoài acceptance criteria của Story. Không ước lượng Story Points riêng; công sức đã nằm trong Story cha. Scope: MVP. Planned sprint: CTP Sprint 7 - Flutter Household & Integration. Dependencies (planned keys): CTP-59, CTP-56. Acceptance Criteria: 1) Home có lối vào danh sách bài PUBLISHED và màn hình chi tiết. 2) Hiển thị title/content/thumbnail; mở video URL bằng liên kết. 3) Không hiển thị draft; xử lý bài bị gỡ hoặc ảnh lỗi. 4) Không thêm tính năng xã hội/comment ngoài MVP. 5) Phần triển khai của ""Tạo danh sách và chi tiết cultural posts"" sẵn sàng để kiểm chứng trong Sub-task tiếp theo. Definition of Done (DEV): 1) Phạm vi triển khai hoàn thành; build/static checks liên quan không lỗi. 2) Test phù hợp và kiểm tra thủ công có bằng chứng; validation, authorization/ownership được kiểm tra nếu áp dụng. 3) Không hardcode secret; Swagger cập nhật nếu đổi API; migration cập nhật nếu đổi DB; README/docs cập nhật nếu cần. 4) Self-review diff/checklist đã làm; acceptance criteria đạt; không còn lỗi Highest/High liên quan chưa xử lý.","","","73","Medium","","","CTP Sprint 7 - Flutter Household & Integration","MVP","flutter","frontend","booking","","FLUTTER_CUSTOMER","1) Home có lối vào danh sách bài PUBLISHED và màn hình chi tiết. 2) Hiển thị title/content/thumbnail; mở video URL bằng liên kết. 3) Không hiển thị draft; xử lý bài bị gỡ hoặc ảnh lỗi. 4) Không thêm tính năng xã hội/comment ngoài MVP. 5) Phần triển khai của ""Tạo danh sách và chi tiết cultural posts"" sẵn sàng để kiểm chứng trong Sub-task tiếp theo.","CTP-59; CTP-56","1) Phạm vi triển khai hoàn thành; build/static checks liên quan không lỗi. 2) Test phù hợp và kiểm tra thủ công có bằng chứng; validation, authorization/ownership được kiểm tra nếu áp dụng. 3) Không hardcode secret; Swagger cập nhật nếu đổi API; migration cập nhật nếu đổi DB; README/docs cập nhật nếu cần. 4) Self-review diff/checklist đã làm; acceptance criteria đạt; không còn lỗi Highest/High liên quan chưa xử lý.","","BACKLOG","MVP-1.0","200","","","","","","","","","","","","","","","","","","",""
"Community Tourism Platform","CTP","200","CTP-200","Sub-task","Kiểm thử xuất bản và mở liên kết video","Planned Issue Key: CTP-200. Đóng góp cho CTP-73 — Flutter khách đọc nội dung văn hóa đã xuất bản. Kiểm chứng/tích hợp hoặc hoàn thiện phần còn lại nêu trong summary; ghi kết quả và cập nhật tài liệu liên quan. Không ước lượng Story Points riêng; công sức đã nằm trong Story cha. Scope: MVP. Planned sprint: CTP Sprint 7 - Flutter Household & Integration. Dependencies (planned keys): CTP-199. Acceptance Criteria: 1) Xác minh và lưu bằng chứng: Home có lối vào danh sách bài PUBLISHED và màn hình chi tiết. 2) Xác minh và lưu bằng chứng: Hiển thị title/content/thumbnail; mở video URL bằng liên kết. 3) Xác minh và lưu bằng chứng: Không hiển thị draft; xử lý bài bị gỡ hoặc ảnh lỗi. 4) Xác minh và lưu bằng chứng: Không thêm tính năng xã hội/comment ngoài MVP. Definition of Done (QA): 1) Kịch bản, fixture và bằng chứng kiểm thử hoàn thành; môi trường/phiên bản và lệnh tái hiện được ghi rõ. 2) Các case trong phạm vi pass; lỗi phát hiện có issue/liên kết và retest; build liên quan không lỗi. 3) Các tiêu chí validation, authorization, secret, Swagger, migration và docs được kiểm tra theo phạm vi; N/A phải có lý do. 4) Kiểm tra thủ công hoàn thành; không dùng mock/in-memory để kết luận concurrency MySQL đạt.","","","73","Medium","","","CTP Sprint 7 - Flutter Household & Integration","MVP","flutter","frontend","booking","","FLUTTER_CUSTOMER","1) Xác minh và lưu bằng chứng: Home có lối vào danh sách bài PUBLISHED và màn hình chi tiết. 2) Xác minh và lưu bằng chứng: Hiển thị title/content/thumbnail; mở video URL bằng liên kết. 3) Xác minh và lưu bằng chứng: Không hiển thị draft; xử lý bài bị gỡ hoặc ảnh lỗi. 4) Xác minh và lưu bằng chứng: Không thêm tính năng xã hội/comment ngoài MVP.","CTP-199","1) Kịch bản, fixture và bằng chứng kiểm thử hoàn thành; môi trường/phiên bản và lệnh tái hiện được ghi rõ. 2) Các case trong phạm vi pass; lỗi phát hiện có issue/liên kết và retest; build liên quan không lỗi. 3) Các tiêu chí validation, authorization, secret, Swagger, migration và docs được kiểm tra theo phạm vi; N/A phải có lý do. 4) Kiểm tra thủ công hoàn thành; không dùng mock/in-memory để kết luận concurrency MySQL đạt.","","BACKLOG","MVP-1.0","","","","","","","","","","","","","","","","","","","",""
"Community Tourism Platform","CTP","201","CTP-201","Sub-task","Chạy kịch bản liên vai trò và nhánh lỗi","Planned Issue Key: CTP-201. Đóng góp cho CTP-74 — Kiểm thử liên thông khách–hộ–Admin. Thực hiện phần công việc cụ thể trong summary; không mở rộng ngoài acceptance criteria của Story. Không ước lượng Story Points riêng; công sức đã nằm trong Story cha. Scope: MVP. Planned sprint: CTP Sprint 7 - Flutter Household & Integration. Dependencies (planned keys): CTP-70, CTP-71, CTP-68, CTP-67, CTP-72, CTP-73, CTP-65. Acceptance Criteria: 1) Chạy Admin duyệt hộ→hộ mở lịch→khách đặt→hộ xác nhận/thu; hoàn thành/review dùng fixture CONFIRMED có tất cả hạng mục đã kết thúc. Không bỏ quy tắc thời gian để nối demo. 2) Chạy nhánh cancel/refund, expiry không cron, slot CLOSED và thu hồi duyệt khi có đơn cũ. 3) User bị block mất quyền với token cũ trên cả hai app/web; Admin không đổi booking status. 4) Số tiền, khách thực tế/dự kiến, snapshot và lịch sử nhất quán giữa ba giao diện. 5) Lưu kết quả và triage lỗi trước release freeze. 6) Phần triển khai của ""Chạy kịch bản liên vai trò và nhánh lỗi"" sẵn sàng để kiểm chứng trong Sub-task tiếp theo. Definition of Done (QA): 1) Kịch bản, fixture và bằng chứng kiểm thử hoàn thành; môi trường/phiên bản và lệnh tái hiện được ghi rõ. 2) Các case trong phạm vi pass; lỗi phát hiện có issue/liên kết và retest; build liên quan không lỗi. 3) Các tiêu chí validation, authorization, secret, Swagger, migration và docs được kiểm tra theo phạm vi; N/A phải có lý do. 4) Kiểm tra thủ công hoàn thành; không dùng mock/in-memory để kết luận concurrency MySQL đạt.","","","74","Highest","","","CTP Sprint 7 - Flutter Household & Integration","MVP","testing","security","booking","","TESTING","1) Chạy Admin duyệt hộ→hộ mở lịch→khách đặt→hộ xác nhận/thu; hoàn thành/review dùng fixture CONFIRMED có tất cả hạng mục đã kết thúc. Không bỏ quy tắc thời gian để nối demo. 2) Chạy nhánh cancel/refund, expiry không cron, slot CLOSED và thu hồi duyệt khi có đơn cũ. 3) User bị block mất quyền với token cũ trên cả hai app/web; Admin không đổi booking status. 4) Số tiền, khách thực tế/dự kiến, snapshot và lịch sử nhất quán giữa ba giao diện. 5) Lưu kết quả và triage lỗi trước release freeze. 6) Phần triển khai của ""Chạy kịch bản liên vai trò và nhánh lỗi"" sẵn sàng để kiểm chứng trong Sub-task tiếp theo.","CTP-70; CTP-71; CTP-68; CTP-67; CTP-72; CTP-73; CTP-65","1) Kịch bản, fixture và bằng chứng kiểm thử hoàn thành; môi trường/phiên bản và lệnh tái hiện được ghi rõ. 2) Các case trong phạm vi pass; lỗi phát hiện có issue/liên kết và retest; build liên quan không lỗi. 3) Các tiêu chí validation, authorization, secret, Swagger, migration và docs được kiểm tra theo phạm vi; N/A phải có lý do. 4) Kiểm tra thủ công hoàn thành; không dùng mock/in-memory để kết luận concurrency MySQL đạt.","","BACKLOG","MVP-1.0","202","","","","","","","","","","","","","","","","","","",""
"Community Tourism Platform","CTP","202","CTP-202","Sub-task","Đối chiếu số liệu, mở lỗi và xác minh sửa","Planned Issue Key: CTP-202. Đóng góp cho CTP-74 — Kiểm thử liên thông khách–hộ–Admin. Kiểm chứng/tích hợp hoặc hoàn thiện phần còn lại nêu trong summary; ghi kết quả và cập nhật tài liệu liên quan. Không ước lượng Story Points riêng; công sức đã nằm trong Story cha. Scope: MVP. Planned sprint: CTP Sprint 7 - Flutter Household & Integration. Dependencies (planned keys): CTP-201. Acceptance Criteria: 1) Xác minh và lưu bằng chứng: Chạy Admin duyệt hộ→hộ mở lịch→khách đặt→hộ xác nhận/thu; hoàn thành/review dùng fixture CONFIRMED có tất cả hạng mục đã kết thúc. Không bỏ quy tắc thời gian để nối demo. 2) Xác minh và lưu bằng chứng: Chạy nhánh cancel/refund, expiry không cron, slot CLOSED và thu hồi duyệt khi có đơn cũ. 3) Xác minh và lưu bằng chứng: User bị block mất quyền với token cũ trên cả hai app/web; Admin không đổi booking status. 4) Xác minh và lưu bằng chứng: Số tiền, khách thực tế/dự kiến, snapshot và lịch sử nhất quán giữa ba giao diện. 5) Xác minh và lưu bằng chứng: Lưu kết quả và triage lỗi trước release freeze. Definition of Done (QA): 1) Kịch bản, fixture và bằng chứng kiểm thử hoàn thành; môi trường/phiên bản và lệnh tái hiện được ghi rõ. 2) Các case trong phạm vi pass; lỗi phát hiện có issue/liên kết và retest; build liên quan không lỗi. 3) Các tiêu chí validation, authorization, secret, Swagger, migration và docs được kiểm tra theo phạm vi; N/A phải có lý do. 4) Kiểm tra thủ công hoàn thành; không dùng mock/in-memory để kết luận concurrency MySQL đạt.","","","74","Highest","","","CTP Sprint 7 - Flutter Household & Integration","MVP","testing","security","booking","","TESTING","1) Xác minh và lưu bằng chứng: Chạy Admin duyệt hộ→hộ mở lịch→khách đặt→hộ xác nhận/thu; hoàn thành/review dùng fixture CONFIRMED có tất cả hạng mục đã kết thúc. Không bỏ quy tắc thời gian để nối demo. 2) Xác minh và lưu bằng chứng: Chạy nhánh cancel/refund, expiry không cron, slot CLOSED và thu hồi duyệt khi có đơn cũ. 3) Xác minh và lưu bằng chứng: User bị block mất quyền với token cũ trên cả hai app/web; Admin không đổi booking status. 4) Xác minh và lưu bằng chứng: Số tiền, khách thực tế/dự kiến, snapshot và lịch sử nhất quán giữa ba giao diện. 5) Xác minh và lưu bằng chứng: Lưu kết quả và triage lỗi trước release freeze.","CTP-201","1) Kịch bản, fixture và bằng chứng kiểm thử hoàn thành; môi trường/phiên bản và lệnh tái hiện được ghi rõ. 2) Các case trong phạm vi pass; lỗi phát hiện có issue/liên kết và retest; build liên quan không lỗi. 3) Các tiêu chí validation, authorization, secret, Swagger, migration và docs được kiểm tra theo phạm vi; N/A phải có lý do. 4) Kiểm tra thủ công hoàn thành; không dùng mock/in-memory để kết luận concurrency MySQL đạt.","","BACKLOG","MVP-1.0","","","","","","","","","","","","","","","","","","","",""
"Community Tourism Platform","CTP","203","CTP-203","Sub-task","Xử lý và xác minh lỗi chặn release từ integration","Planned Issue Key: CTP-203. Đóng góp cho CTP-75 — Đạt cổng chất lượng release và xử lý lỗi chặn demo. Thực hiện phần công việc cụ thể trong summary; không mở rộng ngoài acceptance criteria của Story. Không ước lượng Story Points riêng; công sức đã nằm trong Story cha. Scope: MVP. Planned sprint: CTP Sprint 8 - Testing, Deployment & Defense. Dependencies (planned keys): CTP-74, CTP-49. Acceptance Criteria: 1) Không còn lỗi Highest/High chưa xử lý ảnh hưởng luồng demo hoặc nhất quán dữ liệu. 2) Lỗi phát hiện được tạo Bug có bằng chứng; ngân sách story hữu hạn, vượt mức dùng dự phòng chứ không bỏ test lõi. Definition of Done (QA): 1) Kịch bản, fixture và bằng chứng kiểm thử hoàn thành; môi trường/phiên bản và lệnh tái hiện được ghi rõ. 2) Các case trong phạm vi pass; lỗi phát hiện có issue/liên kết và retest; build liên quan không lỗi. 3) Các tiêu chí validation, authorization, secret, Swagger, migration và docs được kiểm tra theo phạm vi; N/A phải có lý do. 4) Kiểm tra thủ công hoàn thành; không dùng mock/in-memory để kết luận concurrency MySQL đạt.","","","75","Highest","","","CTP Sprint 8 - Testing, Deployment & Defense","MVP","testing","security","booking","","TESTING","1) Không còn lỗi Highest/High chưa xử lý ảnh hưởng luồng demo hoặc nhất quán dữ liệu. 2) Lỗi phát hiện được tạo Bug có bằng chứng; ngân sách story hữu hạn, vượt mức dùng dự phòng chứ không bỏ test lõi.","CTP-74; CTP-49","1) Kịch bản, fixture và bằng chứng kiểm thử hoàn thành; môi trường/phiên bản và lệnh tái hiện được ghi rõ. 2) Các case trong phạm vi pass; lỗi phát hiện có issue/liên kết và retest; build liên quan không lỗi. 3) Các tiêu chí validation, authorization, secret, Swagger, migration và docs được kiểm tra theo phạm vi; N/A phải có lý do. 4) Kiểm tra thủ công hoàn thành; không dùng mock/in-memory để kết luận concurrency MySQL đạt.","","BACKLOG","MVP-1.0","204","","","","","","","","","","","","","","","","","","",""
"Community Tourism Platform","CTP","204","CTP-204","Sub-task","Chạy full regression và kiểm tra contract/security","Planned Issue Key: CTP-204. Đóng góp cho CTP-75 — Đạt cổng chất lượng release và xử lý lỗi chặn demo. Kiểm chứng/tích hợp hoặc hoàn thiện phần còn lại nêu trong summary; ghi kết quả và cập nhật tài liệu liên quan. Không ước lượng Story Points riêng; công sức đã nằm trong Story cha. Scope: MVP. Planned sprint: CTP Sprint 8 - Testing, Deployment & Defense. Dependencies (planned keys): CTP-203. Acceptance Criteria: 1) Chạy lại auth/ownership/timezone/booking/ledger/concurrency bằng MySQL thật và kiểm tra build các ứng dụng. 2) Đối chiếu Swagger request/response và validation; kiểm tra không hardcode secret. Definition of Done (QA): 1) Kịch bản, fixture và bằng chứng kiểm thử hoàn thành; môi trường/phiên bản và lệnh tái hiện được ghi rõ. 2) Các case trong phạm vi pass; lỗi phát hiện có issue/liên kết và retest; build liên quan không lỗi. 3) Các tiêu chí validation, authorization, secret, Swagger, migration và docs được kiểm tra theo phạm vi; N/A phải có lý do. 4) Kiểm tra thủ công hoàn thành; không dùng mock/in-memory để kết luận concurrency MySQL đạt.","","","75","Highest","","","CTP Sprint 8 - Testing, Deployment & Defense","MVP","testing","security","booking","","TESTING","1) Chạy lại auth/ownership/timezone/booking/ledger/concurrency bằng MySQL thật và kiểm tra build các ứng dụng. 2) Đối chiếu Swagger request/response và validation; kiểm tra không hardcode secret.","CTP-203","1) Kịch bản, fixture và bằng chứng kiểm thử hoàn thành; môi trường/phiên bản và lệnh tái hiện được ghi rõ. 2) Các case trong phạm vi pass; lỗi phát hiện có issue/liên kết và retest; build liên quan không lỗi. 3) Các tiêu chí validation, authorization, secret, Swagger, migration và docs được kiểm tra theo phạm vi; N/A phải có lý do. 4) Kiểm tra thủ công hoàn thành; không dùng mock/in-memory để kết luận concurrency MySQL đạt.","","BACKLOG","MVP-1.0","205","","","","","","","","","","","","","","","","","","",""
"Community Tourism Platform","CTP","205","CTP-205","Sub-task","Chốt testing report và cổng nghiệm thu","Planned Issue Key: CTP-205. Đóng góp cho CTP-75 — Đạt cổng chất lượng release và xử lý lỗi chặn demo. Kiểm chứng/tích hợp hoặc hoàn thiện phần còn lại nêu trong summary; ghi kết quả và cập nhật tài liệu liên quan. Không ước lượng Story Points riêng; công sức đã nằm trong Story cha. Scope: MVP. Planned sprint: CTP Sprint 8 - Testing, Deployment & Defense. Dependencies (planned keys): CTP-204. Acceptance Criteria: 1) Testing report có phiên bản, môi trường, kết quả và hạn chế được ghi rõ. 2) Bằng chứng regression và danh sách lỗi đã được đối chiếu với release gate. Definition of Done (QA): 1) Kịch bản, fixture và bằng chứng kiểm thử hoàn thành; môi trường/phiên bản và lệnh tái hiện được ghi rõ. 2) Các case trong phạm vi pass; lỗi phát hiện có issue/liên kết và retest; build liên quan không lỗi. 3) Các tiêu chí validation, authorization, secret, Swagger, migration và docs được kiểm tra theo phạm vi; N/A phải có lý do. 4) Kiểm tra thủ công hoàn thành; không dùng mock/in-memory để kết luận concurrency MySQL đạt.","","","75","Highest","","","CTP Sprint 8 - Testing, Deployment & Defense","MVP","testing","security","booking","","TESTING","1) Testing report có phiên bản, môi trường, kết quả và hạn chế được ghi rõ. 2) Bằng chứng regression và danh sách lỗi đã được đối chiếu với release gate.","CTP-204","1) Kịch bản, fixture và bằng chứng kiểm thử hoàn thành; môi trường/phiên bản và lệnh tái hiện được ghi rõ. 2) Các case trong phạm vi pass; lỗi phát hiện có issue/liên kết và retest; build liên quan không lỗi. 3) Các tiêu chí validation, authorization, secret, Swagger, migration và docs được kiểm tra theo phạm vi; N/A phải có lý do. 4) Kiểm tra thủ công hoàn thành; không dùng mock/in-memory để kết luận concurrency MySQL đạt.","","BACKLOG","MVP-1.0","","","","","","","","","","","","","","","","","","","",""
"Community Tourism Platform","CTP","206","CTP-206","Sub-task","Cấu hình và deploy Render/Vercel bản release","Planned Issue Key: CTP-206. Đóng góp cho CTP-76 — Triển khai bản release backend và React. Thực hiện phần công việc cụ thể trong summary; không mở rộng ngoài acceptance criteria của Story. Không ước lượng Story Points riêng; công sức đã nằm trong Story cha. Scope: MVP. Planned sprint: CTP Sprint 8 - Testing, Deployment & Defense. Dependencies (planned keys): CTP-75, CTP-20, CTP-72. Acceptance Criteria: 1) Render chạy backend với env/CA/CORS đúng; Vercel có API URL và routing fallback. 2) Health/readiness kiểm tra được; log che secret và có hướng dẫn chẩn đoán. 3) Không lưu ảnh trên filesystem tạm của Render; Cloudinary và Aiven là nguồn lưu trữ. 4) Có hướng dẫn rollback bản ứng dụng và phương án chạy local khi dịch vụ free khởi động chậm. 5) Phần triển khai của ""Cấu hình và deploy Render/Vercel bản release"" sẵn sàng để kiểm chứng trong Sub-task tiếp theo. Definition of Done (INFRA): 1) Cấu hình/artefact hạ tầng hoàn thành và tái lập được; env mẫu không chứa secret thật. 2) Kết nối/build/health/migration hoặc smoke test tương ứng pass, có bằng chứng và kiểm tra thủ công. 3) Target môi trường được xác minh; không làm mất dữ liệu ngoài phạm vi; có hướng dẫn chẩn đoán/khôi phục phù hợp. 4) Swagger/migration/README cập nhật khi liên quan; authorization/validation không áp dụng phải ghi lý do.","","","76","High","","","CTP Sprint 8 - Testing, Deployment & Defense","MVP","deployment","aiven","flutter","","INFRASTRUCTURE","1) Render chạy backend với env/CA/CORS đúng; Vercel có API URL và routing fallback. 2) Health/readiness kiểm tra được; log che secret và có hướng dẫn chẩn đoán. 3) Không lưu ảnh trên filesystem tạm của Render; Cloudinary và Aiven là nguồn lưu trữ. 4) Có hướng dẫn rollback bản ứng dụng và phương án chạy local khi dịch vụ free khởi động chậm. 5) Phần triển khai của ""Cấu hình và deploy Render/Vercel bản release"" sẵn sàng để kiểm chứng trong Sub-task tiếp theo.","CTP-75; CTP-20; CTP-72","1) Cấu hình/artefact hạ tầng hoàn thành và tái lập được; env mẫu không chứa secret thật. 2) Kết nối/build/health/migration hoặc smoke test tương ứng pass, có bằng chứng và kiểm tra thủ công. 3) Target môi trường được xác minh; không làm mất dữ liệu ngoài phạm vi; có hướng dẫn chẩn đoán/khôi phục phù hợp. 4) Swagger/migration/README cập nhật khi liên quan; authorization/validation không áp dụng phải ghi lý do.","","BACKLOG","MVP-1.0","207","","","","","","","","","","","","","","","","","","",""
"Community Tourism Platform","CTP","207","CTP-207","Sub-task","Kiểm chứng health, env và routing","Planned Issue Key: CTP-207. Đóng góp cho CTP-76 — Triển khai bản release backend và React. Kiểm chứng/tích hợp hoặc hoàn thiện phần còn lại nêu trong summary; ghi kết quả và cập nhật tài liệu liên quan. Không ước lượng Story Points riêng; công sức đã nằm trong Story cha. Scope: MVP. Planned sprint: CTP Sprint 8 - Testing, Deployment & Defense. Dependencies (planned keys): CTP-206. Acceptance Criteria: 1) Xác minh và lưu bằng chứng: Render chạy backend với env/CA/CORS đúng; Vercel có API URL và routing fallback. 2) Xác minh và lưu bằng chứng: Health/readiness kiểm tra được; log che secret và có hướng dẫn chẩn đoán. 3) Xác minh và lưu bằng chứng: Không lưu ảnh trên filesystem tạm của Render; Cloudinary và Aiven là nguồn lưu trữ. 4) Xác minh và lưu bằng chứng: Có hướng dẫn rollback bản ứng dụng và phương án chạy local khi dịch vụ free khởi động chậm. Definition of Done (QA): 1) Kịch bản, fixture và bằng chứng kiểm thử hoàn thành; môi trường/phiên bản và lệnh tái hiện được ghi rõ. 2) Các case trong phạm vi pass; lỗi phát hiện có issue/liên kết và retest; build liên quan không lỗi. 3) Các tiêu chí validation, authorization, secret, Swagger, migration và docs được kiểm tra theo phạm vi; N/A phải có lý do. 4) Kiểm tra thủ công hoàn thành; không dùng mock/in-memory để kết luận concurrency MySQL đạt.","","","76","High","","","CTP Sprint 8 - Testing, Deployment & Defense","MVP","deployment","aiven","flutter","","INFRASTRUCTURE","1) Xác minh và lưu bằng chứng: Render chạy backend với env/CA/CORS đúng; Vercel có API URL và routing fallback. 2) Xác minh và lưu bằng chứng: Health/readiness kiểm tra được; log che secret và có hướng dẫn chẩn đoán. 3) Xác minh và lưu bằng chứng: Không lưu ảnh trên filesystem tạm của Render; Cloudinary và Aiven là nguồn lưu trữ. 4) Xác minh và lưu bằng chứng: Có hướng dẫn rollback bản ứng dụng và phương án chạy local khi dịch vụ free khởi động chậm.","CTP-206","1) Kịch bản, fixture và bằng chứng kiểm thử hoàn thành; môi trường/phiên bản và lệnh tái hiện được ghi rõ. 2) Các case trong phạm vi pass; lỗi phát hiện có issue/liên kết và retest; build liên quan không lỗi. 3) Các tiêu chí validation, authorization, secret, Swagger, migration và docs được kiểm tra theo phạm vi; N/A phải có lý do. 4) Kiểm tra thủ công hoàn thành; không dùng mock/in-memory để kết luận concurrency MySQL đạt.","","BACKLOG","MVP-1.0","","","","","","","","","","","","","","","","","","","",""
"Community Tourism Platform","CTP","208","CTP-208","Sub-task","Chạy migration và seed demo có kiểm soát","Planned Issue Key: CTP-208. Đóng góp cho CTP-77 — Migration và dữ liệu demo trên môi trường trình diễn. Thực hiện phần công việc cụ thể trong summary; không mở rộng ngoài acceptance criteria của Story. Không ước lượng Story Points riêng; công sức đã nằm trong Story cha. Scope: MVP. Planned sprint: CTP Sprint 8 - Testing, Deployment & Defense. Dependencies (planned keys): CTP-76, CTP-22. Acceptance Criteria: 1) Áp dụng migration đúng môi trường, có kiểm tra target và phương án khôi phục trước thay đổi. 2) Seed demo gồm các role, phòng/slot, booking nhiều trạng thái, ledger, review và bài văn hóa. 3) Seed không reset dữ liệu thật; tài khoản/mật khẩu demo được phân biệt và không dùng secret thật. 4) Seed có slot tương lai và booking CONFIRMED đã qua giờ kết thúc để demo đúng thời gian; snapshot/completed_at nhất quán, không sửa tay DB khi bảo vệ. 5) Phần triển khai của ""Chạy migration và seed demo có kiểm soát"" sẵn sàng để kiểm chứng trong Sub-task tiếp theo. Definition of Done (INFRA): 1) Cấu hình/artefact hạ tầng hoàn thành và tái lập được; env mẫu không chứa secret thật. 2) Kết nối/build/health/migration hoặc smoke test tương ứng pass, có bằng chứng và kiểm tra thủ công. 3) Target môi trường được xác minh; không làm mất dữ liệu ngoài phạm vi; có hướng dẫn chẩn đoán/khôi phục phù hợp. 4) Swagger/migration/README cập nhật khi liên quan; authorization/validation không áp dụng phải ghi lý do.","","","77","High","","","CTP Sprint 8 - Testing, Deployment & Defense","MVP","deployment","aiven","flutter","","INFRASTRUCTURE","1) Áp dụng migration đúng môi trường, có kiểm tra target và phương án khôi phục trước thay đổi. 2) Seed demo gồm các role, phòng/slot, booking nhiều trạng thái, ledger, review và bài văn hóa. 3) Seed không reset dữ liệu thật; tài khoản/mật khẩu demo được phân biệt và không dùng secret thật. 4) Seed có slot tương lai và booking CONFIRMED đã qua giờ kết thúc để demo đúng thời gian; snapshot/completed_at nhất quán, không sửa tay DB khi bảo vệ. 5) Phần triển khai của ""Chạy migration và seed demo có kiểm soát"" sẵn sàng để kiểm chứng trong Sub-task tiếp theo.","CTP-76; CTP-22","1) Cấu hình/artefact hạ tầng hoàn thành và tái lập được; env mẫu không chứa secret thật. 2) Kết nối/build/health/migration hoặc smoke test tương ứng pass, có bằng chứng và kiểm tra thủ công. 3) Target môi trường được xác minh; không làm mất dữ liệu ngoài phạm vi; có hướng dẫn chẩn đoán/khôi phục phù hợp. 4) Swagger/migration/README cập nhật khi liên quan; authorization/validation không áp dụng phải ghi lý do.","","BACKLOG","MVP-1.0","209","","","","","","","","","","","","","","","","","","",""
"Community Tourism Platform","CTP","209","CTP-209","Sub-task","Kiểm tra dữ liệu, tài khoản và khả năng khôi phục","Planned Issue Key: CTP-209. Đóng góp cho CTP-77 — Migration và dữ liệu demo trên môi trường trình diễn. Kiểm chứng/tích hợp hoặc hoàn thiện phần còn lại nêu trong summary; ghi kết quả và cập nhật tài liệu liên quan. Không ước lượng Story Points riêng; công sức đã nằm trong Story cha. Scope: MVP. Planned sprint: CTP Sprint 8 - Testing, Deployment & Defense. Dependencies (planned keys): CTP-208. Acceptance Criteria: 1) Xác minh và lưu bằng chứng: Áp dụng migration đúng môi trường, có kiểm tra target và phương án khôi phục trước thay đổi. 2) Xác minh và lưu bằng chứng: Seed demo gồm các role, phòng/slot, booking nhiều trạng thái, ledger, review và bài văn hóa. 3) Xác minh và lưu bằng chứng: Seed không reset dữ liệu thật; tài khoản/mật khẩu demo được phân biệt và không dùng secret thật. 4) Xác minh và lưu bằng chứng: Seed có slot tương lai và booking CONFIRMED đã qua giờ kết thúc để demo đúng thời gian; snapshot/completed_at nhất quán, không sửa tay DB khi bảo vệ. Definition of Done (QA): 1) Kịch bản, fixture và bằng chứng kiểm thử hoàn thành; môi trường/phiên bản và lệnh tái hiện được ghi rõ. 2) Các case trong phạm vi pass; lỗi phát hiện có issue/liên kết và retest; build liên quan không lỗi. 3) Các tiêu chí validation, authorization, secret, Swagger, migration và docs được kiểm tra theo phạm vi; N/A phải có lý do. 4) Kiểm tra thủ công hoàn thành; không dùng mock/in-memory để kết luận concurrency MySQL đạt.","","","77","High","","","CTP Sprint 8 - Testing, Deployment & Defense","MVP","deployment","aiven","flutter","","INFRASTRUCTURE","1) Xác minh và lưu bằng chứng: Áp dụng migration đúng môi trường, có kiểm tra target và phương án khôi phục trước thay đổi. 2) Xác minh và lưu bằng chứng: Seed demo gồm các role, phòng/slot, booking nhiều trạng thái, ledger, review và bài văn hóa. 3) Xác minh và lưu bằng chứng: Seed không reset dữ liệu thật; tài khoản/mật khẩu demo được phân biệt và không dùng secret thật. 4) Xác minh và lưu bằng chứng: Seed có slot tương lai và booking CONFIRMED đã qua giờ kết thúc để demo đúng thời gian; snapshot/completed_at nhất quán, không sửa tay DB khi bảo vệ.","CTP-208","1) Kịch bản, fixture và bằng chứng kiểm thử hoàn thành; môi trường/phiên bản và lệnh tái hiện được ghi rõ. 2) Các case trong phạm vi pass; lỗi phát hiện có issue/liên kết và retest; build liên quan không lỗi. 3) Các tiêu chí validation, authorization, secret, Swagger, migration và docs được kiểm tra theo phạm vi; N/A phải có lý do. 4) Kiểm tra thủ công hoàn thành; không dùng mock/in-memory để kết luận concurrency MySQL đạt.","","BACKLOG","MVP-1.0","","","","","","","","","","","","","","","","","","","",""
"Community Tourism Platform","CTP","210","CTP-210","Sub-task","Cấu hình build release và API URL Android","Planned Issue Key: CTP-210. Đóng góp cho CTP-78 — Build APK dùng production API URL. Thực hiện phần công việc cụ thể trong summary; không mở rộng ngoài acceptance criteria của Story. Không ước lượng Story Points riêng; công sức đã nằm trong Story cha. Scope: MVP. Planned sprint: CTP Sprint 8 - Testing, Deployment & Defense. Dependencies (planned keys): CTP-76, CTP-64, CTP-70. Acceptance Criteria: 1) Build APK release với API HTTPS của môi trường demo, không localhost và không secret backend. 2) Signing/config nhạy cảm ở ngoài repository; có hướng dẫn build tái lập. Definition of Done (INFRA): 1) Cấu hình/artefact hạ tầng hoàn thành và tái lập được; env mẫu không chứa secret thật. 2) Kết nối/build/health/migration hoặc smoke test tương ứng pass, có bằng chứng và kiểm tra thủ công. 3) Target môi trường được xác minh; không làm mất dữ liệu ngoài phạm vi; có hướng dẫn chẩn đoán/khôi phục phù hợp. 4) Swagger/migration/README cập nhật khi liên quan; authorization/validation không áp dụng phải ghi lý do.","","","78","High","","","CTP Sprint 8 - Testing, Deployment & Defense","MVP","deployment","aiven","flutter","","INFRASTRUCTURE","1) Build APK release với API HTTPS của môi trường demo, không localhost và không secret backend. 2) Signing/config nhạy cảm ở ngoài repository; có hướng dẫn build tái lập.","CTP-76; CTP-64; CTP-70","1) Cấu hình/artefact hạ tầng hoàn thành và tái lập được; env mẫu không chứa secret thật. 2) Kết nối/build/health/migration hoặc smoke test tương ứng pass, có bằng chứng và kiểm tra thủ công. 3) Target môi trường được xác minh; không làm mất dữ liệu ngoài phạm vi; có hướng dẫn chẩn đoán/khôi phục phù hợp. 4) Swagger/migration/README cập nhật khi liên quan; authorization/validation không áp dụng phải ghi lý do.","","BACKLOG","MVP-1.0","211","","","","","","","","","","","","","","","","","","",""
"Community Tourism Platform","CTP","211","CTP-211","Sub-task","Build/cài APK và kiểm tra khởi động","Planned Issue Key: CTP-211. Đóng góp cho CTP-78 — Build APK dùng production API URL. Kiểm chứng/tích hợp hoặc hoàn thiện phần còn lại nêu trong summary; ghi kết quả và cập nhật tài liệu liên quan. Không ước lượng Story Points riêng; công sức đã nằm trong Story cha. Scope: MVP. Planned sprint: CTP Sprint 8 - Testing, Deployment & Defense. Dependencies (planned keys): CTP-210. Acceptance Criteria: 1) Cài APK trên thiết bị thật và mở được login/discovery. 2) Ghi phiên bản APK/API và vị trí artifact trong hướng dẫn bàn giao. Definition of Done (QA): 1) Kịch bản, fixture và bằng chứng kiểm thử hoàn thành; môi trường/phiên bản và lệnh tái hiện được ghi rõ. 2) Các case trong phạm vi pass; lỗi phát hiện có issue/liên kết và retest; build liên quan không lỗi. 3) Các tiêu chí validation, authorization, secret, Swagger, migration và docs được kiểm tra theo phạm vi; N/A phải có lý do. 4) Kiểm tra thủ công hoàn thành; không dùng mock/in-memory để kết luận concurrency MySQL đạt.","","","78","High","","","CTP Sprint 8 - Testing, Deployment & Defense","MVP","deployment","aiven","flutter","","INFRASTRUCTURE","1) Cài APK trên thiết bị thật và mở được login/discovery. 2) Ghi phiên bản APK/API và vị trí artifact trong hướng dẫn bàn giao.","CTP-210","1) Kịch bản, fixture và bằng chứng kiểm thử hoàn thành; môi trường/phiên bản và lệnh tái hiện được ghi rõ. 2) Các case trong phạm vi pass; lỗi phát hiện có issue/liên kết và retest; build liên quan không lỗi. 3) Các tiêu chí validation, authorization, secret, Swagger, migration và docs được kiểm tra theo phạm vi; N/A phải có lý do. 4) Kiểm tra thủ công hoàn thành; không dùng mock/in-memory để kết luận concurrency MySQL đạt.","","BACKLOG","MVP-1.0","","","","","","","","","","","","","","","","","","","",""
"Community Tourism Platform","CTP","212","CTP-212","Sub-task","Chạy smoke test deployed trên các vai trò","Planned Issue Key: CTP-212. Đóng góp cho CTP-79 — Smoke test bản triển khai và APK. Thực hiện phần công việc cụ thể trong summary; không mở rộng ngoài acceptance criteria của Story. Không ước lượng Story Points riêng; công sức đã nằm trong Story cha. Scope: MVP. Planned sprint: CTP Sprint 8 - Testing, Deployment & Defense. Dependencies (planned keys): CTP-77, CTP-78. Acceptance Criteria: 1) Trên APK/API deployed, tạo/xác nhận/thu đơn tương lai; dùng booking fixture CONFIRMED đã qua thời điểm kết thúc để hoàn thành/review. Không thay đồng hồ hoặc nới rule trên môi trường demo. 2) React Admin và Flutter cùng thấy dữ liệu; kiểm tra Cloudinary và nút chỉ đường. 3) Xác minh token user bị khóa bị từ chối, Swagger/health truy cập theo cấu hình. 4) Lưu checklist, ảnh/bằng chứng, phiên bản và các hạn chế của hạ tầng demo. 5) Phần triển khai của ""Chạy smoke test deployed trên các vai trò"" sẵn sàng để kiểm chứng trong Sub-task tiếp theo. Definition of Done (INFRA): 1) Cấu hình/artefact hạ tầng hoàn thành và tái lập được; env mẫu không chứa secret thật. 2) Kết nối/build/health/migration hoặc smoke test tương ứng pass, có bằng chứng và kiểm tra thủ công. 3) Target môi trường được xác minh; không làm mất dữ liệu ngoài phạm vi; có hướng dẫn chẩn đoán/khôi phục phù hợp. 4) Swagger/migration/README cập nhật khi liên quan; authorization/validation không áp dụng phải ghi lý do.","","","79","Highest","","","CTP Sprint 8 - Testing, Deployment & Defense","MVP","deployment","aiven","flutter","","INFRASTRUCTURE","1) Trên APK/API deployed, tạo/xác nhận/thu đơn tương lai; dùng booking fixture CONFIRMED đã qua thời điểm kết thúc để hoàn thành/review. Không thay đồng hồ hoặc nới rule trên môi trường demo. 2) React Admin và Flutter cùng thấy dữ liệu; kiểm tra Cloudinary và nút chỉ đường. 3) Xác minh token user bị khóa bị từ chối, Swagger/health truy cập theo cấu hình. 4) Lưu checklist, ảnh/bằng chứng, phiên bản và các hạn chế của hạ tầng demo. 5) Phần triển khai của ""Chạy smoke test deployed trên các vai trò"" sẵn sàng để kiểm chứng trong Sub-task tiếp theo.","CTP-77; CTP-78","1) Cấu hình/artefact hạ tầng hoàn thành và tái lập được; env mẫu không chứa secret thật. 2) Kết nối/build/health/migration hoặc smoke test tương ứng pass, có bằng chứng và kiểm tra thủ công. 3) Target môi trường được xác minh; không làm mất dữ liệu ngoài phạm vi; có hướng dẫn chẩn đoán/khôi phục phù hợp. 4) Swagger/migration/README cập nhật khi liên quan; authorization/validation không áp dụng phải ghi lý do.","","BACKLOG","MVP-1.0","213","","","","","","","","","","","","","","","","","","",""
"Community Tourism Platform","CTP","213","CTP-213","Sub-task","Lưu bằng chứng và chốt bản demo","Planned Issue Key: CTP-213. Đóng góp cho CTP-79 — Smoke test bản triển khai và APK. Kiểm chứng/tích hợp hoặc hoàn thiện phần còn lại nêu trong summary; ghi kết quả và cập nhật tài liệu liên quan. Không ước lượng Story Points riêng; công sức đã nằm trong Story cha. Scope: MVP. Planned sprint: CTP Sprint 8 - Testing, Deployment & Defense. Dependencies (planned keys): CTP-212. Acceptance Criteria: 1) Xác minh và lưu bằng chứng: Trên APK/API deployed, tạo/xác nhận/thu đơn tương lai; dùng booking fixture CONFIRMED đã qua thời điểm kết thúc để hoàn thành/review. Không thay đồng hồ hoặc nới rule trên môi trường demo. 2) Xác minh và lưu bằng chứng: React Admin và Flutter cùng thấy dữ liệu; kiểm tra Cloudinary và nút chỉ đường. 3) Xác minh và lưu bằng chứng: Xác minh token user bị khóa bị từ chối, Swagger/health truy cập theo cấu hình. 4) Xác minh và lưu bằng chứng: Lưu checklist, ảnh/bằng chứng, phiên bản và các hạn chế của hạ tầng demo. Definition of Done (QA): 1) Kịch bản, fixture và bằng chứng kiểm thử hoàn thành; môi trường/phiên bản và lệnh tái hiện được ghi rõ. 2) Các case trong phạm vi pass; lỗi phát hiện có issue/liên kết và retest; build liên quan không lỗi. 3) Các tiêu chí validation, authorization, secret, Swagger, migration và docs được kiểm tra theo phạm vi; N/A phải có lý do. 4) Kiểm tra thủ công hoàn thành; không dùng mock/in-memory để kết luận concurrency MySQL đạt.","","","79","Highest","","","CTP Sprint 8 - Testing, Deployment & Defense","MVP","deployment","aiven","flutter","","INFRASTRUCTURE","1) Xác minh và lưu bằng chứng: Trên APK/API deployed, tạo/xác nhận/thu đơn tương lai; dùng booking fixture CONFIRMED đã qua thời điểm kết thúc để hoàn thành/review. Không thay đồng hồ hoặc nới rule trên môi trường demo. 2) Xác minh và lưu bằng chứng: React Admin và Flutter cùng thấy dữ liệu; kiểm tra Cloudinary và nút chỉ đường. 3) Xác minh và lưu bằng chứng: Xác minh token user bị khóa bị từ chối, Swagger/health truy cập theo cấu hình. 4) Xác minh và lưu bằng chứng: Lưu checklist, ảnh/bằng chứng, phiên bản và các hạn chế của hạ tầng demo.","CTP-212","1) Kịch bản, fixture và bằng chứng kiểm thử hoàn thành; môi trường/phiên bản và lệnh tái hiện được ghi rõ. 2) Các case trong phạm vi pass; lỗi phát hiện có issue/liên kết và retest; build liên quan không lỗi. 3) Các tiêu chí validation, authorization, secret, Swagger, migration và docs được kiểm tra theo phạm vi; N/A phải có lý do. 4) Kiểm tra thủ công hoàn thành; không dùng mock/in-memory để kết luận concurrency MySQL đạt.","","BACKLOG","MVP-1.0","","","","","","","","","","","","","","","","","","","",""
"Community Tourism Platform","CTP","214","CTP-214","Sub-task","Hoàn thiện README và deployment/user guides","Planned Issue Key: CTP-214. Đóng góp cho CTP-80 — Hoàn thiện README và hướng dẫn chạy/triển khai/sử dụng. Thực hiện phần công việc cụ thể trong summary; không mở rộng ngoài acceptance criteria của Story. Không ước lượng Story Points riêng; công sức đã nằm trong Story cha. Scope: MVP. Planned sprint: CTP Sprint 8 - Testing, Deployment & Defense. Dependencies (planned keys): CTP-79, CTP-50, CTP-43. Acceptance Criteria: 1) README hướng dẫn backend, env, migration, seed, React, Flutter, build APK, Aiven TLS, Render và Vercel. 2) Hướng dẫn sử dụng cho khách/hộ/Admin; nêu xử lý hộ mất duyệt, slot đóng và các trạng thái tiền. 3) OpenAPI cuối cùng khớp API; có collection HTTP để tái hiện luồng demo quan trọng. 4) Một lần làm theo hướng dẫn được kiểm tra; không ghi credential thật vào tài liệu. 5) Phần triển khai của ""Hoàn thiện README và deployment/user guides"" sẵn sàng để kiểm chứng trong Sub-task tiếp theo. Definition of Done (DOC): 1) Nội dung đúng đặc tả và bản triển khai tương ứng; sơ đồ/bảng/link đọc được và không mâu thuẫn. 2) Hướng dẫn/command/ví dụ được kiểm tra thủ công khi có thể; nguồn và giới hạn được ghi rõ. 3) Không có secret; các thay đổi API/DB trong tài liệu khớp Swagger/migration; không yêu cầu viết code ứng dụng cho task tài liệu. 4) Self-review hoàn tất; tiêu chí build/test/validation/authorization không áp dụng được ghi N/A kèm lý do, không ghi pass giả.","","","80","High","","","CTP Sprint 8 - Testing, Deployment & Defense","MVP","documentation","","","","DOCUMENTATION","1) README hướng dẫn backend, env, migration, seed, React, Flutter, build APK, Aiven TLS, Render và Vercel. 2) Hướng dẫn sử dụng cho khách/hộ/Admin; nêu xử lý hộ mất duyệt, slot đóng và các trạng thái tiền. 3) OpenAPI cuối cùng khớp API; có collection HTTP để tái hiện luồng demo quan trọng. 4) Một lần làm theo hướng dẫn được kiểm tra; không ghi credential thật vào tài liệu. 5) Phần triển khai của ""Hoàn thiện README và deployment/user guides"" sẵn sàng để kiểm chứng trong Sub-task tiếp theo.","CTP-79; CTP-50; CTP-43","1) Nội dung đúng đặc tả và bản triển khai tương ứng; sơ đồ/bảng/link đọc được và không mâu thuẫn. 2) Hướng dẫn/command/ví dụ được kiểm tra thủ công khi có thể; nguồn và giới hạn được ghi rõ. 3) Không có secret; các thay đổi API/DB trong tài liệu khớp Swagger/migration; không yêu cầu viết code ứng dụng cho task tài liệu. 4) Self-review hoàn tất; tiêu chí build/test/validation/authorization không áp dụng được ghi N/A kèm lý do, không ghi pass giả.","","BACKLOG","MVP-1.0","215","","","","","","","","","","","","","","","","","","",""
"Community Tourism Platform","CTP","215","CTP-215","Sub-task","Kiểm tra lại hướng dẫn và collection API","Planned Issue Key: CTP-215. Đóng góp cho CTP-80 — Hoàn thiện README và hướng dẫn chạy/triển khai/sử dụng. Kiểm chứng/tích hợp hoặc hoàn thiện phần còn lại nêu trong summary; ghi kết quả và cập nhật tài liệu liên quan. Không ước lượng Story Points riêng; công sức đã nằm trong Story cha. Scope: MVP. Planned sprint: CTP Sprint 8 - Testing, Deployment & Defense. Dependencies (planned keys): CTP-214. Acceptance Criteria: 1) Xác minh và lưu bằng chứng: README hướng dẫn backend, env, migration, seed, React, Flutter, build APK, Aiven TLS, Render và Vercel. 2) Xác minh và lưu bằng chứng: Hướng dẫn sử dụng cho khách/hộ/Admin; nêu xử lý hộ mất duyệt, slot đóng và các trạng thái tiền. 3) Xác minh và lưu bằng chứng: OpenAPI cuối cùng khớp API; có collection HTTP để tái hiện luồng demo quan trọng. 4) Xác minh và lưu bằng chứng: Một lần làm theo hướng dẫn được kiểm tra; không ghi credential thật vào tài liệu. Definition of Done (DOC): 1) Nội dung đúng đặc tả và bản triển khai tương ứng; sơ đồ/bảng/link đọc được và không mâu thuẫn. 2) Hướng dẫn/command/ví dụ được kiểm tra thủ công khi có thể; nguồn và giới hạn được ghi rõ. 3) Không có secret; các thay đổi API/DB trong tài liệu khớp Swagger/migration; không yêu cầu viết code ứng dụng cho task tài liệu. 4) Self-review hoàn tất; tiêu chí build/test/validation/authorization không áp dụng được ghi N/A kèm lý do, không ghi pass giả.","","","80","High","","","CTP Sprint 8 - Testing, Deployment & Defense","MVP","documentation","","","","DOCUMENTATION","1) Xác minh và lưu bằng chứng: README hướng dẫn backend, env, migration, seed, React, Flutter, build APK, Aiven TLS, Render và Vercel. 2) Xác minh và lưu bằng chứng: Hướng dẫn sử dụng cho khách/hộ/Admin; nêu xử lý hộ mất duyệt, slot đóng và các trạng thái tiền. 3) Xác minh và lưu bằng chứng: OpenAPI cuối cùng khớp API; có collection HTTP để tái hiện luồng demo quan trọng. 4) Xác minh và lưu bằng chứng: Một lần làm theo hướng dẫn được kiểm tra; không ghi credential thật vào tài liệu.","CTP-214","1) Nội dung đúng đặc tả và bản triển khai tương ứng; sơ đồ/bảng/link đọc được và không mâu thuẫn. 2) Hướng dẫn/command/ví dụ được kiểm tra thủ công khi có thể; nguồn và giới hạn được ghi rõ. 3) Không có secret; các thay đổi API/DB trong tài liệu khớp Swagger/migration; không yêu cầu viết code ứng dụng cho task tài liệu. 4) Self-review hoàn tất; tiêu chí build/test/validation/authorization không áp dụng được ghi N/A kèm lý do, không ghi pass giả.","","BACKLOG","MVP-1.0","","","","","","","","","","","","","","","","","","","",""
"Community Tourism Platform","CTP","216","CTP-216","Sub-task","Tổng hợp báo cáo và bộ sơ đồ cuối","Planned Issue Key: CTP-216. Đóng góp cho CTP-81 — Hoàn thiện báo cáo, sơ đồ và kết quả kiểm thử. Thực hiện phần công việc cụ thể trong summary; không mở rộng ngoài acceptance criteria của Story. Không ước lượng Story Points riêng; công sức đã nằm trong Story cha. Scope: MVP. Planned sprint: CTP Sprint 8 - Testing, Deployment & Defense. Dependencies (planned keys): CTP-80, CTP-75, CTP-43. Acceptance Criteria: 1) Báo cáo có yêu cầu, thiết kế, DB, triển khai, kiểm thử, kết quả và giới hạn MVP. 2) ERD/use case/activity/sequence/architecture khớp bản release. 3) Trích dẫn tài liệu công nghệ và phân biệt dữ liệu minh họa với khảo sát thực tế. 4) Nội dung được viết tăng dần ở sprint trước; story này là tổng hợp/hiệu chỉnh, không viết toàn báo cáo từ đầu. 5) Phần triển khai của ""Tổng hợp báo cáo và bộ sơ đồ cuối"" sẵn sàng để kiểm chứng trong Sub-task tiếp theo. Definition of Done (DOC): 1) Nội dung đúng đặc tả và bản triển khai tương ứng; sơ đồ/bảng/link đọc được và không mâu thuẫn. 2) Hướng dẫn/command/ví dụ được kiểm tra thủ công khi có thể; nguồn và giới hạn được ghi rõ. 3) Không có secret; các thay đổi API/DB trong tài liệu khớp Swagger/migration; không yêu cầu viết code ứng dụng cho task tài liệu. 4) Self-review hoàn tất; tiêu chí build/test/validation/authorization không áp dụng được ghi N/A kèm lý do, không ghi pass giả.","","","81","High","","","CTP Sprint 8 - Testing, Deployment & Defense","MVP","documentation","","","","DOCUMENTATION","1) Báo cáo có yêu cầu, thiết kế, DB, triển khai, kiểm thử, kết quả và giới hạn MVP. 2) ERD/use case/activity/sequence/architecture khớp bản release. 3) Trích dẫn tài liệu công nghệ và phân biệt dữ liệu minh họa với khảo sát thực tế. 4) Nội dung được viết tăng dần ở sprint trước; story này là tổng hợp/hiệu chỉnh, không viết toàn báo cáo từ đầu. 5) Phần triển khai của ""Tổng hợp báo cáo và bộ sơ đồ cuối"" sẵn sàng để kiểm chứng trong Sub-task tiếp theo.","CTP-80; CTP-75; CTP-43","1) Nội dung đúng đặc tả và bản triển khai tương ứng; sơ đồ/bảng/link đọc được và không mâu thuẫn. 2) Hướng dẫn/command/ví dụ được kiểm tra thủ công khi có thể; nguồn và giới hạn được ghi rõ. 3) Không có secret; các thay đổi API/DB trong tài liệu khớp Swagger/migration; không yêu cầu viết code ứng dụng cho task tài liệu. 4) Self-review hoàn tất; tiêu chí build/test/validation/authorization không áp dụng được ghi N/A kèm lý do, không ghi pass giả.","","BACKLOG","MVP-1.0","217","","","","","","","","","","","","","","","","","","",""
"Community Tourism Platform","CTP","217","CTP-217","Sub-task","Đối chiếu bằng chứng, số liệu và giới hạn","Planned Issue Key: CTP-217. Đóng góp cho CTP-81 — Hoàn thiện báo cáo, sơ đồ và kết quả kiểm thử. Kiểm chứng/tích hợp hoặc hoàn thiện phần còn lại nêu trong summary; ghi kết quả và cập nhật tài liệu liên quan. Không ước lượng Story Points riêng; công sức đã nằm trong Story cha. Scope: MVP. Planned sprint: CTP Sprint 8 - Testing, Deployment & Defense. Dependencies (planned keys): CTP-216. Acceptance Criteria: 1) Xác minh và lưu bằng chứng: Báo cáo có yêu cầu, thiết kế, DB, triển khai, kiểm thử, kết quả và giới hạn MVP. 2) Xác minh và lưu bằng chứng: ERD/use case/activity/sequence/architecture khớp bản release. 3) Xác minh và lưu bằng chứng: Trích dẫn tài liệu công nghệ và phân biệt dữ liệu minh họa với khảo sát thực tế. 4) Xác minh và lưu bằng chứng: Nội dung được viết tăng dần ở sprint trước; story này là tổng hợp/hiệu chỉnh, không viết toàn báo cáo từ đầu. Definition of Done (DOC): 1) Nội dung đúng đặc tả và bản triển khai tương ứng; sơ đồ/bảng/link đọc được và không mâu thuẫn. 2) Hướng dẫn/command/ví dụ được kiểm tra thủ công khi có thể; nguồn và giới hạn được ghi rõ. 3) Không có secret; các thay đổi API/DB trong tài liệu khớp Swagger/migration; không yêu cầu viết code ứng dụng cho task tài liệu. 4) Self-review hoàn tất; tiêu chí build/test/validation/authorization không áp dụng được ghi N/A kèm lý do, không ghi pass giả.","","","81","High","","","CTP Sprint 8 - Testing, Deployment & Defense","MVP","documentation","","","","DOCUMENTATION","1) Xác minh và lưu bằng chứng: Báo cáo có yêu cầu, thiết kế, DB, triển khai, kiểm thử, kết quả và giới hạn MVP. 2) Xác minh và lưu bằng chứng: ERD/use case/activity/sequence/architecture khớp bản release. 3) Xác minh và lưu bằng chứng: Trích dẫn tài liệu công nghệ và phân biệt dữ liệu minh họa với khảo sát thực tế. 4) Xác minh và lưu bằng chứng: Nội dung được viết tăng dần ở sprint trước; story này là tổng hợp/hiệu chỉnh, không viết toàn báo cáo từ đầu.","CTP-216","1) Nội dung đúng đặc tả và bản triển khai tương ứng; sơ đồ/bảng/link đọc được và không mâu thuẫn. 2) Hướng dẫn/command/ví dụ được kiểm tra thủ công khi có thể; nguồn và giới hạn được ghi rõ. 3) Không có secret; các thay đổi API/DB trong tài liệu khớp Swagger/migration; không yêu cầu viết code ứng dụng cho task tài liệu. 4) Self-review hoàn tất; tiêu chí build/test/validation/authorization không áp dụng được ghi N/A kèm lý do, không ghi pass giả.","","BACKLOG","MVP-1.0","","","","","","","","","","","","","","","","","","","",""
"Community Tourism Platform","CTP","218","CTP-218","Sub-task","Chuẩn bị slide và kịch bản demo có dữ liệu","Planned Issue Key: CTP-218. Đóng góp cho CTP-82 — Slide, kịch bản demo và diễn tập bảo vệ. Thực hiện phần công việc cụ thể trong summary; không mở rộng ngoài acceptance criteria của Story. Không ước lượng Story Points riêng; công sức đã nằm trong Story cha. Scope: MVP. Planned sprint: CTP Sprint 8 - Testing, Deployment & Defense. Dependencies (planned keys): CTP-81, CTP-79. Acceptance Criteria: 1) Kịch bản trình bày đa phòng/dịch vụ, chống trùng, idempotency tiền và quyền truy cập. 2) Có nhánh demo lỗi: hết chỗ, expired không cron, user bị khóa và hộ mất duyệt. 3) Slide giải thích thuật toán/transaction/DB và đóng góp của người thực hiện. Definition of Done (DOC): 1) Nội dung đúng đặc tả và bản triển khai tương ứng; sơ đồ/bảng/link đọc được và không mâu thuẫn. 2) Hướng dẫn/command/ví dụ được kiểm tra thủ công khi có thể; nguồn và giới hạn được ghi rõ. 3) Không có secret; các thay đổi API/DB trong tài liệu khớp Swagger/migration; không yêu cầu viết code ứng dụng cho task tài liệu. 4) Self-review hoàn tất; tiêu chí build/test/validation/authorization không áp dụng được ghi N/A kèm lý do, không ghi pass giả.","","","82","High","","","CTP Sprint 8 - Testing, Deployment & Defense","MVP","documentation","","","","DOCUMENTATION","1) Kịch bản trình bày đa phòng/dịch vụ, chống trùng, idempotency tiền và quyền truy cập. 2) Có nhánh demo lỗi: hết chỗ, expired không cron, user bị khóa và hộ mất duyệt. 3) Slide giải thích thuật toán/transaction/DB và đóng góp của người thực hiện.","CTP-81; CTP-79","1) Nội dung đúng đặc tả và bản triển khai tương ứng; sơ đồ/bảng/link đọc được và không mâu thuẫn. 2) Hướng dẫn/command/ví dụ được kiểm tra thủ công khi có thể; nguồn và giới hạn được ghi rõ. 3) Không có secret; các thay đổi API/DB trong tài liệu khớp Swagger/migration; không yêu cầu viết code ứng dụng cho task tài liệu. 4) Self-review hoàn tất; tiêu chí build/test/validation/authorization không áp dụng được ghi N/A kèm lý do, không ghi pass giả.","","BACKLOG","MVP-1.0","219","","","","","","","","","","","","","","","","","","",""
"Community Tourism Platform","CTP","219","CTP-219","Sub-task","Diễn tập và chuẩn bị phương án dự phòng","Planned Issue Key: CTP-219. Đóng góp cho CTP-82 — Slide, kịch bản demo và diễn tập bảo vệ. Kiểm chứng/tích hợp hoặc hoàn thiện phần còn lại nêu trong summary; ghi kết quả và cập nhật tài liệu liên quan. Không ước lượng Story Points riêng; công sức đã nằm trong Story cha. Scope: MVP. Planned sprint: CTP Sprint 8 - Testing, Deployment & Defense. Dependencies (planned keys): CTP-218. Acceptance Criteria: 1) Diễn tập có thời gian và phương án local/video dự phòng; không hứa dữ liệu demo là người dùng thật. 2) Chạy lại toàn bộ kịch bản và đối chiếu slide với APK/API sẽ dùng bảo vệ. Definition of Done (DOC): 1) Nội dung đúng đặc tả và bản triển khai tương ứng; sơ đồ/bảng/link đọc được và không mâu thuẫn. 2) Hướng dẫn/command/ví dụ được kiểm tra thủ công khi có thể; nguồn và giới hạn được ghi rõ. 3) Không có secret; các thay đổi API/DB trong tài liệu khớp Swagger/migration; không yêu cầu viết code ứng dụng cho task tài liệu. 4) Self-review hoàn tất; tiêu chí build/test/validation/authorization không áp dụng được ghi N/A kèm lý do, không ghi pass giả.","","","82","High","","","CTP Sprint 8 - Testing, Deployment & Defense","MVP","documentation","","","","DOCUMENTATION","1) Diễn tập có thời gian và phương án local/video dự phòng; không hứa dữ liệu demo là người dùng thật. 2) Chạy lại toàn bộ kịch bản và đối chiếu slide với APK/API sẽ dùng bảo vệ.","CTP-218","1) Nội dung đúng đặc tả và bản triển khai tương ứng; sơ đồ/bảng/link đọc được và không mâu thuẫn. 2) Hướng dẫn/command/ví dụ được kiểm tra thủ công khi có thể; nguồn và giới hạn được ghi rõ. 3) Không có secret; các thay đổi API/DB trong tài liệu khớp Swagger/migration; không yêu cầu viết code ứng dụng cho task tài liệu. 4) Self-review hoàn tất; tiêu chí build/test/validation/authorization không áp dụng được ghi N/A kèm lý do, không ghi pass giả.","","BACKLOG","MVP-1.0","","","","","","","","","","","","","","","","","","","",""
"Community Tourism Platform","CTP","220","CTP-220","Sub-task","Thiết kế và triển khai thành phần trang chủ nâng cao","Planned Issue Key: CTP-220. Đóng góp cho CTP-83 — Nâng cấp banner, carousel và giao diện trang chủ. Thực hiện phần công việc cụ thể trong summary; không mở rộng ngoài acceptance criteria của Story. Không ước lượng Story Points riêng; công sức đã nằm trong Story cha. Scope: Post-MVP. Planned sprint: Post-MVP. Dependencies (planned keys): CTP-73. Acceptance Criteria: 1) Cải thiện hiển thị mà không đổi API/luồng booking. 2) Không làm tăng độ khó sử dụng cho khách; responsive và loading giữ ổn định. 3) Chỉ bắt đầu sau khi release MVP đạt cổng chất lượng. 4) Phần triển khai của ""Thiết kế và triển khai thành phần trang chủ nâng cao"" sẵn sàng để kiểm chứng trong Sub-task tiếp theo. Definition of Done (DEV): 1) Phạm vi triển khai hoàn thành; build/static checks liên quan không lỗi. 2) Test phù hợp và kiểm tra thủ công có bằng chứng; validation, authorization/ownership được kiểm tra nếu áp dụng. 3) Không hardcode secret; Swagger cập nhật nếu đổi API; migration cập nhật nếu đổi DB; README/docs cập nhật nếu cần. 4) Self-review diff/checklist đã làm; acceptance criteria đạt; không còn lỗi Highest/High liên quan chưa xử lý.","","","83","Low","","","Post-MVP","Post-MVP","flutter","frontend","booking","","FLUTTER_CUSTOMER","1) Cải thiện hiển thị mà không đổi API/luồng booking. 2) Không làm tăng độ khó sử dụng cho khách; responsive và loading giữ ổn định. 3) Chỉ bắt đầu sau khi release MVP đạt cổng chất lượng. 4) Phần triển khai của ""Thiết kế và triển khai thành phần trang chủ nâng cao"" sẵn sàng để kiểm chứng trong Sub-task tiếp theo.","CTP-73","1) Phạm vi triển khai hoàn thành; build/static checks liên quan không lỗi. 2) Test phù hợp và kiểm tra thủ công có bằng chứng; validation, authorization/ownership được kiểm tra nếu áp dụng. 3) Không hardcode secret; Swagger cập nhật nếu đổi API; migration cập nhật nếu đổi DB; README/docs cập nhật nếu cần. 4) Self-review diff/checklist đã làm; acceptance criteria đạt; không còn lỗi Highest/High liên quan chưa xử lý.","","BACKLOG","","221","","","","","","","","","","","","","","","","","","",""
"Community Tourism Platform","CTP","221","CTP-221","Sub-task","Kiểm tra UI, accessibility và hồi quy","Planned Issue Key: CTP-221. Đóng góp cho CTP-83 — Nâng cấp banner, carousel và giao diện trang chủ. Kiểm chứng/tích hợp hoặc hoàn thiện phần còn lại nêu trong summary; ghi kết quả và cập nhật tài liệu liên quan. Không ước lượng Story Points riêng; công sức đã nằm trong Story cha. Scope: Post-MVP. Planned sprint: Post-MVP. Dependencies (planned keys): CTP-220. Acceptance Criteria: 1) Xác minh và lưu bằng chứng: Cải thiện hiển thị mà không đổi API/luồng booking. 2) Xác minh và lưu bằng chứng: Không làm tăng độ khó sử dụng cho khách; responsive và loading giữ ổn định. 3) Xác minh và lưu bằng chứng: Chỉ bắt đầu sau khi release MVP đạt cổng chất lượng. Definition of Done (QA): 1) Kịch bản, fixture và bằng chứng kiểm thử hoàn thành; môi trường/phiên bản và lệnh tái hiện được ghi rõ. 2) Các case trong phạm vi pass; lỗi phát hiện có issue/liên kết và retest; build liên quan không lỗi. 3) Các tiêu chí validation, authorization, secret, Swagger, migration và docs được kiểm tra theo phạm vi; N/A phải có lý do. 4) Kiểm tra thủ công hoàn thành; không dùng mock/in-memory để kết luận concurrency MySQL đạt.","","","83","Low","","","Post-MVP","Post-MVP","flutter","frontend","booking","","FLUTTER_CUSTOMER","1) Xác minh và lưu bằng chứng: Cải thiện hiển thị mà không đổi API/luồng booking. 2) Xác minh và lưu bằng chứng: Không làm tăng độ khó sử dụng cho khách; responsive và loading giữ ổn định. 3) Xác minh và lưu bằng chứng: Chỉ bắt đầu sau khi release MVP đạt cổng chất lượng.","CTP-220","1) Kịch bản, fixture và bằng chứng kiểm thử hoàn thành; môi trường/phiên bản và lệnh tái hiện được ghi rõ. 2) Các case trong phạm vi pass; lỗi phát hiện có issue/liên kết và retest; build liên quan không lỗi. 3) Các tiêu chí validation, authorization, secret, Swagger, migration và docs được kiểm tra theo phạm vi; N/A phải có lý do. 4) Kiểm tra thủ công hoàn thành; không dùng mock/in-memory để kết luận concurrency MySQL đạt.","","BACKLOG","","","","","","","","","","","","","","","","","","","","",""
"Community Tourism Platform","CTP","222","CTP-222","Sub-task","Bổ sung truy vấn và biểu đồ phân tích","Planned Issue Key: CTP-222. Đóng góp cho CTP-84 — Dashboard Admin phân tích và biểu đồ nâng cao. Thực hiện phần công việc cụ thể trong summary; không mở rộng ngoài acceptance criteria của Story. Không ước lượng Story Points riêng; công sức đã nằm trong Story cha. Scope: Post-MVP. Planned sprint: Post-MVP. Dependencies (planned keys): CTP-55, CTP-53. Acceptance Criteria: 1) Thêm biểu đồ theo kỳ/danh mục với định nghĩa chỉ số rõ ràng. 2) Không thay các công thức tiền và khách đã chốt; không nhân JOIN. 3) Dashboard cơ bản MVP vẫn đủ dùng khi story này chưa thực hiện. 4) Phần triển khai của ""Bổ sung truy vấn và biểu đồ phân tích"" sẵn sàng để kiểm chứng trong Sub-task tiếp theo. Definition of Done (DEV): 1) Phạm vi triển khai hoàn thành; build/static checks liên quan không lỗi. 2) Test phù hợp và kiểm tra thủ công có bằng chứng; validation, authorization/ownership được kiểm tra nếu áp dụng. 3) Không hardcode secret; Swagger cập nhật nếu đổi API; migration cập nhật nếu đổi DB; README/docs cập nhật nếu cần. 4) Self-review diff/checklist đã làm; acceptance criteria đạt; không còn lỗi Highest/High liên quan chưa xử lý.","","","84","Low","","","Post-MVP","Post-MVP","react","frontend","security","","ADMIN_WEB","1) Thêm biểu đồ theo kỳ/danh mục với định nghĩa chỉ số rõ ràng. 2) Không thay các công thức tiền và khách đã chốt; không nhân JOIN. 3) Dashboard cơ bản MVP vẫn đủ dùng khi story này chưa thực hiện. 4) Phần triển khai của ""Bổ sung truy vấn và biểu đồ phân tích"" sẵn sàng để kiểm chứng trong Sub-task tiếp theo.","CTP-55; CTP-53","1) Phạm vi triển khai hoàn thành; build/static checks liên quan không lỗi. 2) Test phù hợp và kiểm tra thủ công có bằng chứng; validation, authorization/ownership được kiểm tra nếu áp dụng. 3) Không hardcode secret; Swagger cập nhật nếu đổi API; migration cập nhật nếu đổi DB; README/docs cập nhật nếu cần. 4) Self-review diff/checklist đã làm; acceptance criteria đạt; không còn lỗi Highest/High liên quan chưa xử lý.","","BACKLOG","","223","","","","","","","","","","","","","","","","","","",""
"Community Tourism Platform","CTP","223","CTP-223","Sub-task","Kiểm thử số liệu và bộ lọc","Planned Issue Key: CTP-223. Đóng góp cho CTP-84 — Dashboard Admin phân tích và biểu đồ nâng cao. Kiểm chứng/tích hợp hoặc hoàn thiện phần còn lại nêu trong summary; ghi kết quả và cập nhật tài liệu liên quan. Không ước lượng Story Points riêng; công sức đã nằm trong Story cha. Scope: Post-MVP. Planned sprint: Post-MVP. Dependencies (planned keys): CTP-222. Acceptance Criteria: 1) Xác minh và lưu bằng chứng: Thêm biểu đồ theo kỳ/danh mục với định nghĩa chỉ số rõ ràng. 2) Xác minh và lưu bằng chứng: Không thay các công thức tiền và khách đã chốt; không nhân JOIN. 3) Xác minh và lưu bằng chứng: Dashboard cơ bản MVP vẫn đủ dùng khi story này chưa thực hiện. Definition of Done (QA): 1) Kịch bản, fixture và bằng chứng kiểm thử hoàn thành; môi trường/phiên bản và lệnh tái hiện được ghi rõ. 2) Các case trong phạm vi pass; lỗi phát hiện có issue/liên kết và retest; build liên quan không lỗi. 3) Các tiêu chí validation, authorization, secret, Swagger, migration và docs được kiểm tra theo phạm vi; N/A phải có lý do. 4) Kiểm tra thủ công hoàn thành; không dùng mock/in-memory để kết luận concurrency MySQL đạt.","","","84","Low","","","Post-MVP","Post-MVP","react","frontend","security","","ADMIN_WEB","1) Xác minh và lưu bằng chứng: Thêm biểu đồ theo kỳ/danh mục với định nghĩa chỉ số rõ ràng. 2) Xác minh và lưu bằng chứng: Không thay các công thức tiền và khách đã chốt; không nhân JOIN. 3) Xác minh và lưu bằng chứng: Dashboard cơ bản MVP vẫn đủ dùng khi story này chưa thực hiện.","CTP-222","1) Kịch bản, fixture và bằng chứng kiểm thử hoàn thành; môi trường/phiên bản và lệnh tái hiện được ghi rõ. 2) Các case trong phạm vi pass; lỗi phát hiện có issue/liên kết và retest; build liên quan không lỗi. 3) Các tiêu chí validation, authorization, secret, Swagger, migration và docs được kiểm tra theo phạm vi; N/A phải có lý do. 4) Kiểm tra thủ công hoàn thành; không dùng mock/in-memory để kết luận concurrency MySQL đạt.","","BACKLOG","","","","","","","","","","","","","","","","","","","","",""
"Community Tourism Platform","CTP","224","CTP-224","Sub-task","Tạo biểu đồ và filter tài chính hộ","Planned Issue Key: CTP-224. Đóng góp cho CTP-85 — Biểu đồ và bộ lọc báo cáo hộ nâng cao. Thực hiện phần công việc cụ thể trong summary; không mở rộng ngoài acceptance criteria của Story. Không ước lượng Story Points riêng; công sức đã nằm trong Story cha. Scope: Post-MVP. Planned sprint: Post-MVP. Dependencies (planned keys): CTP-71. Acceptance Criteria: 1) Biểu đồ chi tiết theo kỳ dựa API tài chính và permission sẵn có. 2) Khách thực tế và dự kiến, dòng tiền và giá trị đơn vẫn tách biệt. 3) Không chặn thao tác nghiệp vụ khi chưa có báo cáo nâng cao. 4) Phần triển khai của ""Tạo biểu đồ và filter tài chính hộ"" sẵn sàng để kiểm chứng trong Sub-task tiếp theo. Definition of Done (DEV): 1) Phạm vi triển khai hoàn thành; build/static checks liên quan không lỗi. 2) Test phù hợp và kiểm tra thủ công có bằng chứng; validation, authorization/ownership được kiểm tra nếu áp dụng. 3) Không hardcode secret; Swagger cập nhật nếu đổi API; migration cập nhật nếu đổi DB; README/docs cập nhật nếu cần. 4) Self-review diff/checklist đã làm; acceptance criteria đạt; không còn lỗi Highest/High liên quan chưa xử lý.","","","85","Low","","","Post-MVP","Post-MVP","flutter","frontend","booking","","FLUTTER_HOUSEHOLD","1) Biểu đồ chi tiết theo kỳ dựa API tài chính và permission sẵn có. 2) Khách thực tế và dự kiến, dòng tiền và giá trị đơn vẫn tách biệt. 3) Không chặn thao tác nghiệp vụ khi chưa có báo cáo nâng cao. 4) Phần triển khai của ""Tạo biểu đồ và filter tài chính hộ"" sẵn sàng để kiểm chứng trong Sub-task tiếp theo.","CTP-71","1) Phạm vi triển khai hoàn thành; build/static checks liên quan không lỗi. 2) Test phù hợp và kiểm tra thủ công có bằng chứng; validation, authorization/ownership được kiểm tra nếu áp dụng. 3) Không hardcode secret; Swagger cập nhật nếu đổi API; migration cập nhật nếu đổi DB; README/docs cập nhật nếu cần. 4) Self-review diff/checklist đã làm; acceptance criteria đạt; không còn lỗi Highest/High liên quan chưa xử lý.","","BACKLOG","","225","","","","","","","","","","","","","","","","","","",""
"Community Tourism Platform","CTP","225","CTP-225","Sub-task","Kiểm thử số liệu theo kỳ và quyền","Planned Issue Key: CTP-225. Đóng góp cho CTP-85 — Biểu đồ và bộ lọc báo cáo hộ nâng cao. Kiểm chứng/tích hợp hoặc hoàn thiện phần còn lại nêu trong summary; ghi kết quả và cập nhật tài liệu liên quan. Không ước lượng Story Points riêng; công sức đã nằm trong Story cha. Scope: Post-MVP. Planned sprint: Post-MVP. Dependencies (planned keys): CTP-224. Acceptance Criteria: 1) Xác minh và lưu bằng chứng: Biểu đồ chi tiết theo kỳ dựa API tài chính và permission sẵn có. 2) Xác minh và lưu bằng chứng: Khách thực tế và dự kiến, dòng tiền và giá trị đơn vẫn tách biệt. 3) Xác minh và lưu bằng chứng: Không chặn thao tác nghiệp vụ khi chưa có báo cáo nâng cao. Definition of Done (QA): 1) Kịch bản, fixture và bằng chứng kiểm thử hoàn thành; môi trường/phiên bản và lệnh tái hiện được ghi rõ. 2) Các case trong phạm vi pass; lỗi phát hiện có issue/liên kết và retest; build liên quan không lỗi. 3) Các tiêu chí validation, authorization, secret, Swagger, migration và docs được kiểm tra theo phạm vi; N/A phải có lý do. 4) Kiểm tra thủ công hoàn thành; không dùng mock/in-memory để kết luận concurrency MySQL đạt.","","","85","Low","","","Post-MVP","Post-MVP","flutter","frontend","booking","","FLUTTER_HOUSEHOLD","1) Xác minh và lưu bằng chứng: Biểu đồ chi tiết theo kỳ dựa API tài chính và permission sẵn có. 2) Xác minh và lưu bằng chứng: Khách thực tế và dự kiến, dòng tiền và giá trị đơn vẫn tách biệt. 3) Xác minh và lưu bằng chứng: Không chặn thao tác nghiệp vụ khi chưa có báo cáo nâng cao.","CTP-224","1) Kịch bản, fixture và bằng chứng kiểm thử hoàn thành; môi trường/phiên bản và lệnh tái hiện được ghi rõ. 2) Các case trong phạm vi pass; lỗi phát hiện có issue/liên kết và retest; build liên quan không lỗi. 3) Các tiêu chí validation, authorization, secret, Swagger, migration và docs được kiểm tra theo phạm vi; N/A phải có lý do. 4) Kiểm tra thủ công hoàn thành; không dùng mock/in-memory để kết luận concurrency MySQL đạt.","","BACKLOG","","","","","","","","","","","","","","","","","","","","",""
"Community Tourism Platform","CTP","226","CTP-226","Sub-task","Thiết kế và triển khai chỉnh/ẩn expense có audit","Planned Issue Key: CTP-226. Đóng góp cho CTP-86 — Sửa/ẩn chi phí có lưu vết. Thực hiện phần công việc cụ thể trong summary; không mở rộng ngoài acceptance criteria của Story. Không ước lượng Story Points riêng; công sức đã nằm trong Story cha. Scope: Post-MVP. Planned sprint: Post-MVP. Dependencies (planned keys): CTP-53. Acceptance Criteria: 1) Chỉ chủ hộ được sửa/ẩn expense, lưu giá trị trước/sau, actor và lý do. 2) Không sửa/xóa ledger receipt/refund hoặc biến expense thành khoản thu. 3) Thống kê loại expense đã ẩn; lịch sử audit vẫn truy xuất được. 4) Phần triển khai của ""Thiết kế và triển khai chỉnh/ẩn expense có audit"" sẵn sàng để kiểm chứng trong Sub-task tiếp theo. Definition of Done (DEV): 1) Phạm vi triển khai hoàn thành; build/static checks liên quan không lỗi. 2) Test phù hợp và kiểm tra thủ công có bằng chứng; validation, authorization/ownership được kiểm tra nếu áp dụng. 3) Không hardcode secret; Swagger cập nhật nếu đổi API; migration cập nhật nếu đổi DB; README/docs cập nhật nếu cần. 4) Self-review diff/checklist đã làm; acceptance criteria đạt; không còn lỗi Highest/High liên quan chưa xử lý.","","","86","Low","","","Post-MVP","Post-MVP","payment","backend","","","BACKEND","1) Chỉ chủ hộ được sửa/ẩn expense, lưu giá trị trước/sau, actor và lý do. 2) Không sửa/xóa ledger receipt/refund hoặc biến expense thành khoản thu. 3) Thống kê loại expense đã ẩn; lịch sử audit vẫn truy xuất được. 4) Phần triển khai của ""Thiết kế và triển khai chỉnh/ẩn expense có audit"" sẵn sàng để kiểm chứng trong Sub-task tiếp theo.","CTP-53","1) Phạm vi triển khai hoàn thành; build/static checks liên quan không lỗi. 2) Test phù hợp và kiểm tra thủ công có bằng chứng; validation, authorization/ownership được kiểm tra nếu áp dụng. 3) Không hardcode secret; Swagger cập nhật nếu đổi API; migration cập nhật nếu đổi DB; README/docs cập nhật nếu cần. 4) Self-review diff/checklist đã làm; acceptance criteria đạt; không còn lỗi Highest/High liên quan chưa xử lý.","","BACKLOG","","227","","","","","","","","","","","","","","","","","","",""
"Community Tourism Platform","CTP","227","CTP-227","Sub-task","Kiểm thử quyền, audit và tổng chi phí","Planned Issue Key: CTP-227. Đóng góp cho CTP-86 — Sửa/ẩn chi phí có lưu vết. Kiểm chứng/tích hợp hoặc hoàn thiện phần còn lại nêu trong summary; ghi kết quả và cập nhật tài liệu liên quan. Không ước lượng Story Points riêng; công sức đã nằm trong Story cha. Scope: Post-MVP. Planned sprint: Post-MVP. Dependencies (planned keys): CTP-226. Acceptance Criteria: 1) Xác minh và lưu bằng chứng: Chỉ chủ hộ được sửa/ẩn expense, lưu giá trị trước/sau, actor và lý do. 2) Xác minh và lưu bằng chứng: Không sửa/xóa ledger receipt/refund hoặc biến expense thành khoản thu. 3) Xác minh và lưu bằng chứng: Thống kê loại expense đã ẩn; lịch sử audit vẫn truy xuất được. Definition of Done (QA): 1) Kịch bản, fixture và bằng chứng kiểm thử hoàn thành; môi trường/phiên bản và lệnh tái hiện được ghi rõ. 2) Các case trong phạm vi pass; lỗi phát hiện có issue/liên kết và retest; build liên quan không lỗi. 3) Các tiêu chí validation, authorization, secret, Swagger, migration và docs được kiểm tra theo phạm vi; N/A phải có lý do. 4) Kiểm tra thủ công hoàn thành; không dùng mock/in-memory để kết luận concurrency MySQL đạt.","","","86","Low","","","Post-MVP","Post-MVP","payment","backend","","","BACKEND","1) Xác minh và lưu bằng chứng: Chỉ chủ hộ được sửa/ẩn expense, lưu giá trị trước/sau, actor và lý do. 2) Xác minh và lưu bằng chứng: Không sửa/xóa ledger receipt/refund hoặc biến expense thành khoản thu. 3) Xác minh và lưu bằng chứng: Thống kê loại expense đã ẩn; lịch sử audit vẫn truy xuất được.","CTP-226","1) Kịch bản, fixture và bằng chứng kiểm thử hoàn thành; môi trường/phiên bản và lệnh tái hiện được ghi rõ. 2) Các case trong phạm vi pass; lỗi phát hiện có issue/liên kết và retest; build liên quan không lỗi. 3) Các tiêu chí validation, authorization, secret, Swagger, migration và docs được kiểm tra theo phạm vi; N/A phải có lý do. 4) Kiểm tra thủ công hoàn thành; không dùng mock/in-memory để kết luận concurrency MySQL đạt.","","BACKLOG","","","","","","","","","","","","","","","","","","","","",""
"Community Tourism Platform","CTP","228","CTP-228","Sub-task","Tạo thành phần hiển thị video an toàn","Planned Issue Key: CTP-228. Đóng góp cho CTP-87 — Nhúng video và trình bày bài văn hóa nâng cao. Thực hiện phần công việc cụ thể trong summary; không mở rộng ngoài acceptance criteria của Story. Không ước lượng Story Points riêng; công sức đã nằm trong Story cha. Scope: Post-MVP. Planned sprint: Post-MVP. Dependencies (planned keys): CTP-72, CTP-73. Acceptance Criteria: 1) Chỉ nhúng nguồn được cho phép; không thực thi HTML/script tùy ý. 2) Fallback mở URL khi player không hoạt động. 3) Không thay đổi quy tắc DRAFT/PUBLISHED. 4) Phần triển khai của ""Tạo thành phần hiển thị video an toàn"" sẵn sàng để kiểm chứng trong Sub-task tiếp theo. Definition of Done (DEV): 1) Phạm vi triển khai hoàn thành; build/static checks liên quan không lỗi. 2) Test phù hợp và kiểm tra thủ công có bằng chứng; validation, authorization/ownership được kiểm tra nếu áp dụng. 3) Không hardcode secret; Swagger cập nhật nếu đổi API; migration cập nhật nếu đổi DB; README/docs cập nhật nếu cần. 4) Self-review diff/checklist đã làm; acceptance criteria đạt; không còn lỗi Highest/High liên quan chưa xử lý.","","","87","Low","","","Post-MVP","Post-MVP","backend","frontend","","","BACKEND","1) Chỉ nhúng nguồn được cho phép; không thực thi HTML/script tùy ý. 2) Fallback mở URL khi player không hoạt động. 3) Không thay đổi quy tắc DRAFT/PUBLISHED. 4) Phần triển khai của ""Tạo thành phần hiển thị video an toàn"" sẵn sàng để kiểm chứng trong Sub-task tiếp theo.","CTP-72; CTP-73","1) Phạm vi triển khai hoàn thành; build/static checks liên quan không lỗi. 2) Test phù hợp và kiểm tra thủ công có bằng chứng; validation, authorization/ownership được kiểm tra nếu áp dụng. 3) Không hardcode secret; Swagger cập nhật nếu đổi API; migration cập nhật nếu đổi DB; README/docs cập nhật nếu cần. 4) Self-review diff/checklist đã làm; acceptance criteria đạt; không còn lỗi Highest/High liên quan chưa xử lý.","","BACKLOG","","229","","","","","","","","","","","","","","","","","","",""
"Community Tourism Platform","CTP","229","CTP-229","Sub-task","Kiểm thử URL lỗi và quyền xuất bản","Planned Issue Key: CTP-229. Đóng góp cho CTP-87 — Nhúng video và trình bày bài văn hóa nâng cao. Kiểm chứng/tích hợp hoặc hoàn thiện phần còn lại nêu trong summary; ghi kết quả và cập nhật tài liệu liên quan. Không ước lượng Story Points riêng; công sức đã nằm trong Story cha. Scope: Post-MVP. Planned sprint: Post-MVP. Dependencies (planned keys): CTP-228. Acceptance Criteria: 1) Xác minh và lưu bằng chứng: Chỉ nhúng nguồn được cho phép; không thực thi HTML/script tùy ý. 2) Xác minh và lưu bằng chứng: Fallback mở URL khi player không hoạt động. 3) Xác minh và lưu bằng chứng: Không thay đổi quy tắc DRAFT/PUBLISHED. Definition of Done (QA): 1) Kịch bản, fixture và bằng chứng kiểm thử hoàn thành; môi trường/phiên bản và lệnh tái hiện được ghi rõ. 2) Các case trong phạm vi pass; lỗi phát hiện có issue/liên kết và retest; build liên quan không lỗi. 3) Các tiêu chí validation, authorization, secret, Swagger, migration và docs được kiểm tra theo phạm vi; N/A phải có lý do. 4) Kiểm tra thủ công hoàn thành; không dùng mock/in-memory để kết luận concurrency MySQL đạt.","","","87","Low","","","Post-MVP","Post-MVP","backend","frontend","","","BACKEND","1) Xác minh và lưu bằng chứng: Chỉ nhúng nguồn được cho phép; không thực thi HTML/script tùy ý. 2) Xác minh và lưu bằng chứng: Fallback mở URL khi player không hoạt động. 3) Xác minh và lưu bằng chứng: Không thay đổi quy tắc DRAFT/PUBLISHED.","CTP-228","1) Kịch bản, fixture và bằng chứng kiểm thử hoàn thành; môi trường/phiên bản và lệnh tái hiện được ghi rõ. 2) Các case trong phạm vi pass; lỗi phát hiện có issue/liên kết và retest; build liên quan không lỗi. 3) Các tiêu chí validation, authorization, secret, Swagger, migration và docs được kiểm tra theo phạm vi; N/A phải có lý do. 4) Kiểm tra thủ công hoàn thành; không dùng mock/in-memory để kết luận concurrency MySQL đạt.","","BACKLOG","","","","","","","","","","","","","","","","","","","","",""
"Community Tourism Platform","CTP","230","CTP-230","Sub-task","Tạo moderation API và màn hình Admin","Planned Issue Key: CTP-230. Đóng góp cho CTP-88 — Ẩn/hiện review có lý do và lịch sử quản trị. Thực hiện phần công việc cụ thể trong summary; không mở rộng ngoài acceptance criteria của Story. Không ước lượng Story Points riêng; công sức đã nằm trong Story cha. Scope: Post-MVP. Planned sprint: Post-MVP. Dependencies (planned keys): CTP-54, CTP-55. Acceptance Criteria: 1) Admin ẩn/hiện review có reason/audit; không sửa nội dung người dùng. 2) Rating công khai tính theo review đang hiển thị, không làm mất bản ghi gốc. 3) Một review mỗi booking vẫn giữ nguyên khi ẩn. 4) Phần triển khai của ""Tạo moderation API và màn hình Admin"" sẵn sàng để kiểm chứng trong Sub-task tiếp theo. Definition of Done (DEV): 1) Phạm vi triển khai hoàn thành; build/static checks liên quan không lỗi. 2) Test phù hợp và kiểm tra thủ công có bằng chứng; validation, authorization/ownership được kiểm tra nếu áp dụng. 3) Không hardcode secret; Swagger cập nhật nếu đổi API; migration cập nhật nếu đổi DB; README/docs cập nhật nếu cần. 4) Self-review diff/checklist đã làm; acceptance criteria đạt; không còn lỗi Highest/High liên quan chưa xử lý.","","","88","Low","","","Post-MVP","Post-MVP","backend","security","","","BACKEND","1) Admin ẩn/hiện review có reason/audit; không sửa nội dung người dùng. 2) Rating công khai tính theo review đang hiển thị, không làm mất bản ghi gốc. 3) Một review mỗi booking vẫn giữ nguyên khi ẩn. 4) Phần triển khai của ""Tạo moderation API và màn hình Admin"" sẵn sàng để kiểm chứng trong Sub-task tiếp theo.","CTP-54; CTP-55","1) Phạm vi triển khai hoàn thành; build/static checks liên quan không lỗi. 2) Test phù hợp và kiểm tra thủ công có bằng chứng; validation, authorization/ownership được kiểm tra nếu áp dụng. 3) Không hardcode secret; Swagger cập nhật nếu đổi API; migration cập nhật nếu đổi DB; README/docs cập nhật nếu cần. 4) Self-review diff/checklist đã làm; acceptance criteria đạt; không còn lỗi Highest/High liên quan chưa xử lý.","","BACKLOG","","231","","","","","","","","","","","","","","","","","","",""
"Community Tourism Platform","CTP","231","CTP-231","Sub-task","Kiểm thử audit, rating và uniqueness","Planned Issue Key: CTP-231. Đóng góp cho CTP-88 — Ẩn/hiện review có lý do và lịch sử quản trị. Kiểm chứng/tích hợp hoặc hoàn thiện phần còn lại nêu trong summary; ghi kết quả và cập nhật tài liệu liên quan. Không ước lượng Story Points riêng; công sức đã nằm trong Story cha. Scope: Post-MVP. Planned sprint: Post-MVP. Dependencies (planned keys): CTP-230. Acceptance Criteria: 1) Xác minh và lưu bằng chứng: Admin ẩn/hiện review có reason/audit; không sửa nội dung người dùng. 2) Xác minh và lưu bằng chứng: Rating công khai tính theo review đang hiển thị, không làm mất bản ghi gốc. 3) Xác minh và lưu bằng chứng: Một review mỗi booking vẫn giữ nguyên khi ẩn. Definition of Done (QA): 1) Kịch bản, fixture và bằng chứng kiểm thử hoàn thành; môi trường/phiên bản và lệnh tái hiện được ghi rõ. 2) Các case trong phạm vi pass; lỗi phát hiện có issue/liên kết và retest; build liên quan không lỗi. 3) Các tiêu chí validation, authorization, secret, Swagger, migration và docs được kiểm tra theo phạm vi; N/A phải có lý do. 4) Kiểm tra thủ công hoàn thành; không dùng mock/in-memory để kết luận concurrency MySQL đạt.","","","88","Low","","","Post-MVP","Post-MVP","backend","security","","","BACKEND","1) Xác minh và lưu bằng chứng: Admin ẩn/hiện review có reason/audit; không sửa nội dung người dùng. 2) Xác minh và lưu bằng chứng: Rating công khai tính theo review đang hiển thị, không làm mất bản ghi gốc. 3) Xác minh và lưu bằng chứng: Một review mỗi booking vẫn giữ nguyên khi ẩn.","CTP-230","1) Kịch bản, fixture và bằng chứng kiểm thử hoàn thành; môi trường/phiên bản và lệnh tái hiện được ghi rõ. 2) Các case trong phạm vi pass; lỗi phát hiện có issue/liên kết và retest; build liên quan không lỗi. 3) Các tiêu chí validation, authorization, secret, Swagger, migration và docs được kiểm tra theo phạm vi; N/A phải có lý do. 4) Kiểm tra thủ công hoàn thành; không dùng mock/in-memory để kết luận concurrency MySQL đạt.","","BACKLOG","","","","","","","","","","","","","","","","","","","","",""
"Community Tourism Platform","CTP","232","CTP-232","Sub-task","Tạo preview và bulk-create slot theo mẫu","Planned Issue Key: CTP-232. Đóng góp cho CTP-89 — Tạo nhiều service slot từ lịch mẫu. Thực hiện phần công việc cụ thể trong summary; không mở rộng ngoài acceptance criteria của Story. Không ước lượng Story Points riêng; công sức đã nằm trong Story cha. Scope: Post-MVP. Planned sprint: Post-MVP. Dependencies (planned keys): CTP-41, CTP-68. Acceptance Criteria: 1) Sinh slot theo khoảng ngày/khung giờ, kiểm tra timezone và unique đã có. 2) Preview rõ số slot tạo mới/trùng; không sửa slot đã có booking. 3) Giữ nguyên capacity theo slot và không thêm booked_quantity. 4) Phần triển khai của ""Tạo preview và bulk-create slot theo mẫu"" sẵn sàng để kiểm chứng trong Sub-task tiếp theo. Definition of Done (DEV): 1) Phạm vi triển khai hoàn thành; build/static checks liên quan không lỗi. 2) Test phù hợp và kiểm tra thủ công có bằng chứng; validation, authorization/ownership được kiểm tra nếu áp dụng. 3) Không hardcode secret; Swagger cập nhật nếu đổi API; migration cập nhật nếu đổi DB; README/docs cập nhật nếu cần. 4) Self-review diff/checklist đã làm; acceptance criteria đạt; không còn lỗi Highest/High liên quan chưa xử lý.","","","89","Low","","","Post-MVP","Post-MVP","backend","availability","database","","BACKEND","1) Sinh slot theo khoảng ngày/khung giờ, kiểm tra timezone và unique đã có. 2) Preview rõ số slot tạo mới/trùng; không sửa slot đã có booking. 3) Giữ nguyên capacity theo slot và không thêm booked_quantity. 4) Phần triển khai của ""Tạo preview và bulk-create slot theo mẫu"" sẵn sàng để kiểm chứng trong Sub-task tiếp theo.","CTP-41; CTP-68","1) Phạm vi triển khai hoàn thành; build/static checks liên quan không lỗi. 2) Test phù hợp và kiểm tra thủ công có bằng chứng; validation, authorization/ownership được kiểm tra nếu áp dụng. 3) Không hardcode secret; Swagger cập nhật nếu đổi API; migration cập nhật nếu đổi DB; README/docs cập nhật nếu cần. 4) Self-review diff/checklist đã làm; acceptance criteria đạt; không còn lỗi Highest/High liên quan chưa xử lý.","","BACKLOG","","233","","","","","","","","","","","","","","","","","","",""
"Community Tourism Platform","CTP","233","CTP-233","Sub-task","Kiểm thử trùng, timezone và dữ liệu đã có booking","Planned Issue Key: CTP-233. Đóng góp cho CTP-89 — Tạo nhiều service slot từ lịch mẫu. Kiểm chứng/tích hợp hoặc hoàn thiện phần còn lại nêu trong summary; ghi kết quả và cập nhật tài liệu liên quan. Không ước lượng Story Points riêng; công sức đã nằm trong Story cha. Scope: Post-MVP. Planned sprint: Post-MVP. Dependencies (planned keys): CTP-232. Acceptance Criteria: 1) Xác minh và lưu bằng chứng: Sinh slot theo khoảng ngày/khung giờ, kiểm tra timezone và unique đã có. 2) Xác minh và lưu bằng chứng: Preview rõ số slot tạo mới/trùng; không sửa slot đã có booking. 3) Xác minh và lưu bằng chứng: Giữ nguyên capacity theo slot và không thêm booked_quantity. Definition of Done (QA): 1) Kịch bản, fixture và bằng chứng kiểm thử hoàn thành; môi trường/phiên bản và lệnh tái hiện được ghi rõ. 2) Các case trong phạm vi pass; lỗi phát hiện có issue/liên kết và retest; build liên quan không lỗi. 3) Các tiêu chí validation, authorization, secret, Swagger, migration và docs được kiểm tra theo phạm vi; N/A phải có lý do. 4) Kiểm tra thủ công hoàn thành; không dùng mock/in-memory để kết luận concurrency MySQL đạt.","","","89","Low","","","Post-MVP","Post-MVP","backend","availability","database","","BACKEND","1) Xác minh và lưu bằng chứng: Sinh slot theo khoảng ngày/khung giờ, kiểm tra timezone và unique đã có. 2) Xác minh và lưu bằng chứng: Preview rõ số slot tạo mới/trùng; không sửa slot đã có booking. 3) Xác minh và lưu bằng chứng: Giữ nguyên capacity theo slot và không thêm booked_quantity.","CTP-232","1) Kịch bản, fixture và bằng chứng kiểm thử hoàn thành; môi trường/phiên bản và lệnh tái hiện được ghi rõ. 2) Các case trong phạm vi pass; lỗi phát hiện có issue/liên kết và retest; build liên quan không lỗi. 3) Các tiêu chí validation, authorization, secret, Swagger, migration và docs được kiểm tra theo phạm vi; N/A phải có lý do. 4) Kiểm tra thủ công hoàn thành; không dùng mock/in-memory để kết luận concurrency MySQL đạt.","","BACKLOG","","","","","","","","","","","","","","","","","","","","",""
"Community Tourism Platform","CTP","234","CTP-234","Sub-task","Mở rộng API/filter tìm kiếm","Planned Issue Key: CTP-234. Đóng góp cho CTP-90 — Tìm kiếm nâng cao theo khoảng cách và nhiều tiêu chí. Thực hiện phần công việc cụ thể trong summary; không mở rộng ngoài acceptance criteria của Story. Không ước lượng Story Points riêng; công sức đã nằm trong Story cha. Scope: Post-MVP. Planned sprint: Post-MVP. Dependencies (planned keys): CTP-59, CTP-31. Acceptance Criteria: 1) Tìm theo tọa độ/khoảng cách dùng dữ liệu hộ, có xử lý hộ thiếu tọa độ. 2) Không hiển thị hộ chưa duyệt hoặc tài nguyên không được mở bán. 3) Không đưa bản đồ nhúng hoặc chi phí API bản đồ vào phạm vi story. 4) Phần triển khai của ""Mở rộng API/filter tìm kiếm"" sẵn sàng để kiểm chứng trong Sub-task tiếp theo. Definition of Done (DEV): 1) Phạm vi triển khai hoàn thành; build/static checks liên quan không lỗi. 2) Test phù hợp và kiểm tra thủ công có bằng chứng; validation, authorization/ownership được kiểm tra nếu áp dụng. 3) Không hardcode secret; Swagger cập nhật nếu đổi API; migration cập nhật nếu đổi DB; README/docs cập nhật nếu cần. 4) Self-review diff/checklist đã làm; acceptance criteria đạt; không còn lỗi Highest/High liên quan chưa xử lý.","","","90","Low","","","Post-MVP","Post-MVP","flutter","frontend","booking","","FLUTTER_CUSTOMER","1) Tìm theo tọa độ/khoảng cách dùng dữ liệu hộ, có xử lý hộ thiếu tọa độ. 2) Không hiển thị hộ chưa duyệt hoặc tài nguyên không được mở bán. 3) Không đưa bản đồ nhúng hoặc chi phí API bản đồ vào phạm vi story. 4) Phần triển khai của ""Mở rộng API/filter tìm kiếm"" sẵn sàng để kiểm chứng trong Sub-task tiếp theo.","CTP-59; CTP-31","1) Phạm vi triển khai hoàn thành; build/static checks liên quan không lỗi. 2) Test phù hợp và kiểm tra thủ công có bằng chứng; validation, authorization/ownership được kiểm tra nếu áp dụng. 3) Không hardcode secret; Swagger cập nhật nếu đổi API; migration cập nhật nếu đổi DB; README/docs cập nhật nếu cần. 4) Self-review diff/checklist đã làm; acceptance criteria đạt; không còn lỗi Highest/High liên quan chưa xử lý.","","BACKLOG","","235","","","","","","","","","","","","","","","","","","",""
"Community Tourism Platform","CTP","235","CTP-235","Sub-task","Kiểm thử điều kiện công khai và kết quả khoảng cách","Planned Issue Key: CTP-235. Đóng góp cho CTP-90 — Tìm kiếm nâng cao theo khoảng cách và nhiều tiêu chí. Kiểm chứng/tích hợp hoặc hoàn thiện phần còn lại nêu trong summary; ghi kết quả và cập nhật tài liệu liên quan. Không ước lượng Story Points riêng; công sức đã nằm trong Story cha. Scope: Post-MVP. Planned sprint: Post-MVP. Dependencies (planned keys): CTP-234. Acceptance Criteria: 1) Xác minh và lưu bằng chứng: Tìm theo tọa độ/khoảng cách dùng dữ liệu hộ, có xử lý hộ thiếu tọa độ. 2) Xác minh và lưu bằng chứng: Không hiển thị hộ chưa duyệt hoặc tài nguyên không được mở bán. 3) Xác minh và lưu bằng chứng: Không đưa bản đồ nhúng hoặc chi phí API bản đồ vào phạm vi story. Definition of Done (QA): 1) Kịch bản, fixture và bằng chứng kiểm thử hoàn thành; môi trường/phiên bản và lệnh tái hiện được ghi rõ. 2) Các case trong phạm vi pass; lỗi phát hiện có issue/liên kết và retest; build liên quan không lỗi. 3) Các tiêu chí validation, authorization, secret, Swagger, migration và docs được kiểm tra theo phạm vi; N/A phải có lý do. 4) Kiểm tra thủ công hoàn thành; không dùng mock/in-memory để kết luận concurrency MySQL đạt.","","","90","Low","","","Post-MVP","Post-MVP","flutter","frontend","booking","","FLUTTER_CUSTOMER","1) Xác minh và lưu bằng chứng: Tìm theo tọa độ/khoảng cách dùng dữ liệu hộ, có xử lý hộ thiếu tọa độ. 2) Xác minh và lưu bằng chứng: Không hiển thị hộ chưa duyệt hoặc tài nguyên không được mở bán. 3) Xác minh và lưu bằng chứng: Không đưa bản đồ nhúng hoặc chi phí API bản đồ vào phạm vi story.","CTP-234","1) Kịch bản, fixture và bằng chứng kiểm thử hoàn thành; môi trường/phiên bản và lệnh tái hiện được ghi rõ. 2) Các case trong phạm vi pass; lỗi phát hiện có issue/liên kết và retest; build liên quan không lỗi. 3) Các tiêu chí validation, authorization, secret, Swagger, migration và docs được kiểm tra theo phạm vi; N/A phải có lý do. 4) Kiểm tra thủ công hoàn thành; không dùng mock/in-memory để kết luận concurrency MySQL đạt.","","BACKLOG","","","","","","","","","","","","","","","","","","","","",""
